message	correspondent	direction	tweet	word1	word2	word3	time	subject	thread	length

273	09T	to		saw	tulp	visualizer	1325673926	SEE #7	28	32

277	09T	to		domination	owner	clashes	1325674514	Re: SEE #7	29	140

281	09T	to		andy	happy	willem	1325674679	Re: SEE #7	29	25

290	09T	to		zürich	freiestrasse	excel	1325675191	Re: SEE #7	29	91

280	09T	to		address	wish	speaking	1325682392	Re: SEE #7	29	49

274	09T	to		yes	year	jan	1325682834	Re: SEE #7	29	19

279	09T	to		monitor	icons	imminent	1325675475	Re: SEE #7	30	60

278	09T	to		www	andy	web	1325683148	Re: SEE #7	32	20

287	09T	to		board	scene	wiesbaden	1325687780	Re: SEE #7	32	56

285	09T	to		kirk	visualisingdata	visualising	1325691876	Re: SEE #7	35	30

284	09T	to		hire	confirmed	refer	1325694035	Re: SEE #7	35	127

282	09T	to		really	don	too	1325709183	Re: SEE #7	35	8

286	09T	from		excitement	grab	officially	1325719225	Re: SEE #7	35	121

289	09T	to		barcelona	expectancy	funded	1325725703	Re: SEE #7	35	139

275	09T	to		funding	announced	speakers	1325750522	Re: SEE #7	35	97

283	09T	to		themed	exchanges	echoing	1325751119	Re: SEE #7	41	322

288	09T	to		address	knowledge	london	1325760712	Re: SEE #7	41	45

276	09T	to		conferences	invited	practice	1325765749	Re: SEE #7	41	42

422	09T	to		nathan	thorp	reaction	1325790298	Flowingdata	41	66

420	09T	to		nathan	weird	fee	1325792098	Re: Flowingdata	41	65

426	09T	to		familiar	reputation	weak	1325804827	Re: Flowingdata	41	127

427	09T	from		old	model	paid	1326141866	Re: Flowingdata	41	39

416	09T	to					1326143286	Re: Flowingdata	41	0

421	09T	to		allow	commercial	invested	1326185438	Re: Flowingdata	41	76

419	09T	to		again	money	fun	1326191551	Re: Flowingdata	41	29

425	09T	to		for	one	get	1326193789	Re: Flowingdata	41	6

424	09T	from		personally	nathan	sign	1326198883	Re: Flowingdata	41	68

404	09T	to		was	something	interesting	1325782315		47	10

423	09T	to		occasional	act	sustainability	1326200817	Re: Flowingdata	74	78

417	09T	to		met	ask	weeks	1326210983	Re: Flowingdata	74	34

418	09T	from		you	know	moritz	1326220976	Re: Flowingdata	74	13

839	09T	to		jan	willem	does	1326309908	Resonate	85	15

838	09T	to		team	unfortunately	care	1326310825	Re: Resonate	85	26

841	09T	to		love	damm	eickedorfer	1326311966	Re: Resonate	85	25

836	09T	to		advantage	license	windows	1326313100	Re: Resonate	85	71

843	09T	to		going	sure	since	1326379323	Re: Resonate	85	22

837	09T	to		glad	plans	family	1326456598	Re: Resonate	85	32

842	09T	to		moment	yet	haven	1326644075	Re: Resonate	85	13

840	09T	to		update	eyeo	attend	1328045390	Re: Resonate	85	26

996	09T	from		episodes	infinite	novice	1326491746	How does a beginner find data?	100	262

998	09T	to		statistical	movement	extensive	1326492283	Re: How does a beginner find data?	100	162

999	09T	to		gapminder	ages	journalist	1326494460	Re: How does a beginner find data?	100	158

997	09T	to		feeds	websites	acquisition	1326532953	Re: How does a beginner find data?	100	96

1000	09T	from		personally	graphs	knowing	1326585773	Re: How does a beginner find data?	100	69

1551	09T	to		arisen	deemed	delivering	1327350886	Quick bit of advice	145	250

1555	09T	to		arisen	deemed	delivering	1327352124	Quick bit of advice	146	234

1554	09T	from		higher	output	selling	1327357198	Re: Quick bit of advice	146	133

1553	09T	to		similar	kirk	says	1327357490	Re: Quick bit of advice	146	50

1552	09T	to		trainers	barriers	enricos	1327359766	Re: Quick bit of advice	146	132

1611	09T	to		normally	mistake	reckon	1327419339	Not getting cartel emails	150	134

1612	09T	from		mailto	mac	url	1327428429	Re: Not getting cartel emails	150	61

1669	09T	to		comedy	happier	competing	1327491456	imdb + vis	158	185

1666	09T	to		your	got	looking	1327492101	Re: imdb + vis	158	16

1668	09T	to		keywords	confidence	genres	1327495269	Re: imdb + vis	158	52

1667	09T	to		water	skilled	woohoo	1327502201	Re: imdb + vis	158	93

1728	09T	to		datasets	contribute	nutshell	1327518586	bat signal	168	90

1732	09T	to		jérôme	jan	probably	1327520394	Re: bat signal	168	7

1735	09T	to		the	not	then	1327520712	Re: bat signal	168	5

1730	09T	to		the	not	well	1327522116	Re: bat signal	168	8

1727	09T	to		not	definitely		1327522298	Re: bat signal	168	2

1729	09T	to		interactivethings	founding	zürich	1327565165	Re: bat signal	168	50

1734	09T	to		also	great	cartel	1327565997	Re: bat signal	168	13

1731	09T	to		cheers	may	book	1327566363	Re: bat signal	168	17

1733	09T	to		cartel	happy	sorry	1327566851	Re: bat signal	168	16

2080	09T	to		afternoon	visualising	ltd	1327932800		204	64

2081	09T	to		workshop	andrew	sort	1327938410	Re:	204	31

2497	09T	from		cube	juror	jurors	1328221509	Now I am Sure: Visualizing Marathon is Bullshit	248	55

2495	09T	from		cartel	problem	whole	1328221708	Re: Now I am Sure: Visualizing Marathon is Bullshit	248	14

2501	09T	to		london	choice	review	1328221933	Re: Now I am Sure: Visualizing Marathon is Bullshit	248	28

2494	09T	to		entries	involved	marathon	1328222314	Re: Now I am Sure: Visualizing Marathon is Bullshit	248	36

2488	09T	to		ordinary	submitting	crap	1328226468	Re: Now I am Sure: Visualizing Marathon is Bullshit	248	103

2493	09T	from		sustainable	adam	manner	1328228028	Re: Now I am Sure: Visualizing Marathon is Bullshit	248	156

2499	09T	to		degree	berlin	convinced	1328257198	Re: Now I am Sure: Visualizing Marathon is Bullshit	248	88

2496	09T	to		enjoyable	hint	precise	1328257515	Re: Now I am Sure: Visualizing Marathon is Bullshit	248	195

2492	09T	to		winning	connection	organized	1328294388	Re: Now I am Sure: Visualizing Marathon is Bullshit	248	56

2498	09T	from		cpeopleâ	curricular	didactic	1329247227	Re: Now I am Sure: Visualizing Marathon is Bullshit	248	683

2489	09T	to		discussion	charlene	willing	1329248424	Re: Now I am Sure: Visualizing Marathon is Bullshit	248	53

2491	09T	to		cpeopleâ	curricular	didactic	1329253667	Re: Now I am Sure: Visualizing Marathon is Bullshit	248	707

2500	09T	to		resultant	sls	solidify	1329301754	Re: Now I am Sure: Visualizing Marathon is Bullshit	248	920

2490	09T	to		right	after	day	1329301964	Re: Now I am Sure: Visualizing Marathon is Bullshit	248	12

2576	09T	to		pale	admitting	creeping	1328288703	advice for contest entry	256	145

2549	09T	to		feature	cut	handy	1328294215	Re: advice for contest entry	256	38

2558	09T	to		expand	becomes	hierarchy	1328471571	Re: advice for contest entry	256	156

2565	09T	to		pay	button	contest	1328473749	Re: advice for contest entry	256	28

2572	09T	to		read	anyway	started	1328474419	Re: advice for contest entry	256	20

2567	09T	to		when	did	thought	1328474862	Re: advice for contest entry	256	11

2561	09T	to		don	been	say	1328475110	Re: advice for contest entry	256	12

2554	09T	to		late	piece	plot	1328524699	Re: advice for contest entry	256	60

2553	09T	to		both	sorry	anyway	1328525622	Re: advice for contest entry	256	25

2560	09T	to		catch	weird	average	1328526990	Re: advice for contest entry	256	87

2570	09T	to		did	where	even	1330024959	Re: advice for contest entry	256	14

2556	09T	to		certainly	cost	amount	1330025645	Re: advice for contest entry	256	43

2550	09T	to		with	right	information	1330025753	Re: advice for contest entry	256	10

2564	09T	to		challenges	contests	shame	1330027085	Re: advice for contest entry	256	62

2571	09T	to		intel	motives	responding	1330078061	Re: advice for contest entry	256	116

2555	09T	to		ranting	rfps	spotlight	1330361848	Re: advice for contest entry	256	240

2559	09T	to		compete	goals	contests	1330372004	Re: advice for contest entry	256	174

2575	09T	to		which	just	jérôme	1330372090	Re: advice for contest entry	256	15

2563	09T	to		glad	fair	reasonable	1330376973	Re: advice for contest entry	256	55

2574	09T	to		well	last	able	1330378695	Re: advice for contest entry	256	14

2577	09T	to		glad	perspective	contest	1330379152	Re: advice for contest entry	256	35

2552	09T	from		cannot	participate	winners	1330639138	Re: advice for contest entry	256	32

2557	09T	to		greetings	compared	alternative	1330681330	Re: advice for contest entry	256	38

2562	09T	to		winning	graphic	rainbow	1330682218	Re: advice for contest entry	256	40

2573	09T	to		the	like	about	1330682412	Re: advice for contest entry	256	7

2551	09T	to		wtf	confusing	interpret	1331053883	Re: advice for contest entry	256	52

2566	09T	to		category	extremely	fee	1331060033	Re: advice for contest entry	256	25

2950	09T	to		ran	breakfast	beforehand	1328645702	Ideas for Cartel's next meetup event: SEE+?	302	186

2957	09T	to		damn	dedicated	secrets	1328689526	Re: Ideas for Cartel's next meetup event: SEE+?	302	96

2936	09T	to		fields	kinds	scientists	1328689915	Re: Ideas for Cartel's next meetup event: SEE+?	302	67

2971	09T	to		experienced	laptops	difficulty	1328696106	Re: Ideas for Cartel's next meetup event: SEE+?	302	121

2951	09T	to		exception	immediately	listen	1328696760	Re: Ideas for Cartel's next meetup event: SEE+?	302	90

2938	09T	to					1328696798	Re: Ideas for Cartel's next meetup event: SEE+?	302	0

2967	09T	to		proposed	googlegroups	oggetto	1328830708	Re: Ideas for Cartel's next meetup event: SEE+?	302	65

2941	09T	to		controversial	descriptions	moderator	1329128501	Re: Ideas for Cartel's next meetup event: SEE+?	302	135

2960	09T	to		any	far	later	1329128631	Re: Ideas for Cartel's next meetup event: SEE+?	302	15

2933	09T	from		cross	disciplines	favor	1329260622	Re: Ideas for Cartel's next meetup event: SEE+?	302	34

2945	09T	to		favor	medicine	biology	1329261464	Re: Ideas for Cartel's next meetup event: SEE+?	302	69

2937	09T	to		exploring	standards	summary	1329294694	Re: Ideas for Cartel's next meetup event: SEE+?	302	91

2948	09T	from		exploring	standards	summary	1330282914	Re: Ideas for Cartel's next meetup event: SEE+?	302	114

2968	09T	to		for	going	information	1330282967	Re: Ideas for Cartel's next meetup event: SEE+?	302	9

2979	09T	to		there	would	get	1330283203	Re: Ideas for Cartel's next meetup event: SEE+?	302	11

2963	09T	to		too			1330283650	Re: Ideas for Cartel's next meetup event: SEE+?	302	1

2935	09T	to		mobile	too	moritz	1330287422	Re: Ideas for Cartel's next meetup event: SEE+?	302	13

2977	09T	from		like	then	any	1330288059	Re: Ideas for Cartel's next meetup event: SEE+?	302	13

2956	09T	to		with	going	most	1330288249	Re: Ideas for Cartel's next meetup event: SEE+?	302	9

2959	09T	to		day	unfortunately	complete	1330289085	Re: Ideas for Cartel's next meetup event: SEE+?	302	18

2976	09T	to		lack	define	pull	1330360131	Re: Ideas for Cartel's next meetup event: SEE+?	302	109

2932	09T	to		enjoy	behind	program	1330361378	Re: Ideas for Cartel's next meetup event: SEE+?	302	30

2952	09T	to		quite	little	damm	1330365945	Re: Ideas for Cartel's next meetup event: SEE+?	302	26

2934	09T	from		imagine	friday	workshop	1330553017	Re: Ideas for Cartel's next meetup event: SEE+?	302	33

2969	09T	to		line	website	says	1330553399	Re: Ideas for Cartel's next meetup event: SEE+?	302	24

2974	09T	to		scene	presenters	organizers	1330974927	Re: Ideas for Cartel's next meetup event: SEE+?	302	124

2953	09T	to		presenters	webpage	respective	1330979273	Re: Ideas for Cartel's next meetup event: SEE+?	302	164

2942	09T	to		publicly	altogether	webpage	1330979731	Re: Ideas for Cartel's next meetup event: SEE+?	302	74

2949	09T	to		jumped	pity	suspicious	1330981004	Re: Ideas for Cartel's next meetup event: SEE+?	302	95

4824	09T	to		project	cartel	kind	1331031761	Introducing Kartograph	302	16

4826	09T	to		detailed	samples	developer	1331032132	Re: Introducing Kartograph	302	84

4825	09T	to		measures	sourced	forecasts	1331032946	Re: Introducing Kartograph	302	148

4822	09T	to					1331034200	Re: Introducing Kartograph	302	0

4827	09T	to		this	was	one	1331034311	Re: Introducing Kartograph	302	12

4828	09T	to		same	down	goes	1331116427	Re: Introducing Kartograph	302	18

5035	09T	to		cheers	paolo	seriously	1331289137	Data and People	302	4

2981	09T	to		responded	alas	yannick	1331804846	Re: Ideas for Cartel's next meetup event: SEE+?	302	142

2946	09T	to		etc	has	cheers	1331805487	Re: Ideas for Cartel's next meetup event: SEE+?	302	12

2980	09T	to		perhaps	run	ticket	1331805611	Re: Ideas for Cartel's next meetup event: SEE+?	302	43

2961	09T	to		early	called	invite	1331813997	Re: Ideas for Cartel's next meetup event: SEE+?	302	31

2966	09T	to		saturday	speaker	participants	1331836410	Re: Ideas for Cartel's next meetup event: SEE+?	302	71

2943	09T	to		forward	gregor	although	1331836794	Re: Ideas for Cartel's next meetup event: SEE+?	302	25

2944	09T	to		now	book	still	1331900077	Re: Ideas for Cartel's next meetup event: SEE+?	302	14

2973	09T	to		hope	certainly		1331900133	Re: Ideas for Cartel's next meetup event: SEE+?	302	2

2970	09T	to		friday	hotel	sunday	1331902352	Re: Ideas for Cartel's next meetup event: SEE+?	302	15

2964	09T	to		damm	eickedorfer	lilienthal	1331971039	Re: Ideas for Cartel's next meetup event: SEE+?	302	26

2954	09T	to		eickedorfer	lilienthal	grüße	1331971862	Re: Ideas for Cartel's next meetup event: SEE+?	302	27

2940	09T	to		decide	saturday	knowing	1335173325	Re: Ideas for Cartel's next meetup event: SEE+?	302	49

2962	09T	to		will	about	think	1335173391	Re: Ideas for Cartel's next meetup event: SEE+?	302	6

2955	09T	to		around	arrive		1335211384	Re: Ideas for Cartel's next meetup event: SEE+?	302	2

2965	09T	to		gregor	plans	whatever	1335213431	Re: Ideas for Cartel's next meetup event: SEE+?	302	21

2931	09T	to		jealous	awolfromcartel	missingout	1335213591	Re: Ideas for Cartel's next meetup event: SEE+?	302	3

2972	09T	from					1335214826	Re: Ideas for Cartel's next meetup event: SEE+?	302	0

2939	09T	to		mine	present	see+	1335256094	Re: Ideas for Cartel's next meetup event: SEE+?	302	54

2958	09T	to		you	see	great	1335256723	Re: Ideas for Cartel's next meetup event: SEE+?	302	9

2975	09T	to		image	[image	inline	1335258532	Re: Ideas for Cartel's next meetup event: SEE+?	302	3

2947	09T	to					1335258663	Re: Ideas for Cartel's next meetup event: SEE+?	302	0

2978	09T	to		wiederkehr	user	production	1335272918	Re: Ideas for Cartel's next meetup event: SEE+?	302	20

3458	09T	from		odd	episode	italian	1329260224	Announcing Data Stories Podcast	363	143

3462	09T	to		bertini	usually	hearing	1329294444	Re: Announcing Data Stories Podcast	363	38

3455	09T	to		interactivethings	founding	zürich	1329295487	Re: Announcing Data Stories Podcast	363	64

3459	09T	to		andrew	sort	whether	1329299346	Re: Announcing Data Stories Podcast	363	29

3457	09T	to		every	weeks	terms	1329301251	Re: Announcing Data Stories Podcast	363	29

3461	09T	to		list	willem	already	1329301329	Re: Announcing Data Stories Podcast	363	19

3453	09T	to		listen	screencast	catchy	1329301789	Re: Announcing Data Stories Podcast	363	223

3451	09T	to		catchy	enhanced	guided	1329302397	Re: Announcing Data Stories Podcast	363	216

3452	09T	to		caps	itunes	bother	1329303422	Re: Announcing Data Stories Podcast	363	141

3450	09T	to		something	too	working	1329306406	Re: Announcing Data Stories Podcast	363	15

3454	09T	to		ended	animated	finishing	1329308980	Re: Announcing Data Stories Podcast	363	44

3456	09T	from		best	thanks	way	1329571744	Re: Announcing Data Stories Podcast	363	17

3460	09T	to		work	people	twitter	1329573247	Re: Announcing Data Stories Podcast	363	14

3570	09T	to		unhappy	barrier	goods	1329397871	news & stuff	377	327

2569	09T	to		than	did	into	1330647344	Re: advice for contest entry	496	23

2568	09T	to		because	guys	thing	1330647507	Re: advice for contest entry	496	17

4720	09T	to		summit	[even	cycles	1330948500	Showcasing your work in my Malofiej prez!	511	480

4721	09T	to		typical	sneak	titled	1330952642	Re: Showcasing your work in my Malofiej prez!	511	115

4723	09T	to		option	indeed	beyond	1330953500	Re: Showcasing your work in my Malofiej prez!	511	26

4727	09T	to		outcomes	wild	labeling	1330953831	Re: Showcasing your work in my Malofiej prez!	511	99

4726	09T	to		some	great	non	1330961945	Re: Showcasing your work in my Malofiej prez!	511	16

4724	09T	to		sure	jan	willem	1330969163	Re: Showcasing your work in my Malofiej prez!	511	18

4728	09T	to		flies	pamplona	dedicate	1330973133	Re: Showcasing your work in my Malofiej prez!	511	295

4725	09T	to		lilienthal	grüße	won	1330973572	Re: Showcasing your work in my Malofiej prez!	511	37

4722	09T	to		context	absolutely	clearly	1330974098	Re: Showcasing your work in my Malofiej prez!	511	30

4743	09T	to		grüße	anything	makes	1330952782	Evaluation and quality of data visualizations	514	39

4752	09T	to		fulfilling	measurable	achieving	1330960966	Re: Evaluation and quality of data visualizations	514	108

4744	09T	to		proper	necessarily	effective	1330961609	Re: Evaluation and quality of data visualizations	514	76

4749	09T	to		mobile	moritz	stefaner	1330962617	Re: Evaluation and quality of data visualizations	514	14

4737	09T	to		pragmatic	shock	tenets	1330962811	Re: Evaluation and quality of data visualizations	514	106

4750	09T	to		materials	memory	improved	1330963194	Re: Evaluation and quality of data visualizations	514	62

4740	09T	to		notch	resounding	studying	1330969128	Re: Evaluation and quality of data visualizations	514	172

4738	09T	to		guess	freelance	thoughts	1330969695	Re: Evaluation and quality of data visualizations	514	20

4748	09T	to		group	post	doesn	1330970114	Re: Evaluation and quality of data visualizations	514	19

4735	09T	to		airplanes	buildings	designs	1330974286	Re: Evaluation and quality of data visualizations	514	173

4736	09T	to		cultural	andykirk	googlegroups	1330974316	Re: Evaluation and quality of data visualizations	514	101

4753	09T	to		lilienthal	points	excellent	1330976598	Re: Evaluation and quality of data visualizations	514	34

4746	09T	to		extend	divide	shift	1330977002	Re: Evaluation and quality of data visualizations	514	76

4754	09T	to		explanation	activity	engineering	1330977624	Re: Evaluation and quality of data visualizations	514	88

4745	09T	to		capture	entertainment	tries	1330978007	Re: Evaluation and quality of data visualizations	514	119

4741	09T	to		analytical	entertaining	gonna	1330979230	Re: Evaluation and quality of data visualizations	514	107

4756	09T	to		developments	solving	parallel	1330980114	Re: Evaluation and quality of data visualizations	514	78

4751	09T	to		becomes	somehow	evaluate	1330980703	Re: Evaluation and quality of data visualizations	514	47

4747	09T	to		practice	daily	correctly	1330981322	Re: Evaluation and quality of data visualizations	514	53

4755	09T	to		roundtable	seiner	technics	1331020320	Re: Evaluation and quality of data visualizations	514	367

4739	09T	to		evaluated	infinitely	profession	1331029597	Re: Evaluation and quality of data visualizations	514	152

4742	09T	to		grundlagen	interpretable	intuitively	1331544546	Re: Evaluation and quality of data visualizations	514	190

4894	09T	to		there	was	also	1331121659	big data	528	14

4891	09T	from		thanks	fantastic		1331123125	Re: big data	528	2

4893	09T	from		find	where	enrico	1331124987	Re: big data	528	19

4892	09T	to		public	check	network	1331130378	Re: big data	528	26

4948	09T	from		loved	thorp	computers	1331156769	Putting Data in a Human Context	532	88

4947	09T	to		gig	excitement	react	1331202114	Re: Putting Data in a Human Context	532	124

4946	09T	from		mental	prototypes	reaching	1331234689	Re: Putting Data in a Human Context	532	166

4950	09T	to		tower	whys	abused	1331302613	Re: Putting Data in a Human Context	539	455

4949	09T	from		seem	description	computer	1331320356	Re: Putting Data in a Human Context	539	27

4951	09T	to		literally	alle	ore	1331333808	Re: Putting Data in a Human Context	539	52

5196	09T	to		showcase	spatial	thorough	1331582341	book on network visualization?	549	82

5197	09T	to		network	theory	sections	1331587691	Re: book on network visualization?	549	35

5200	09T	to		were	book	else	1331588252	Re: book on network visualization?	549	19

5199	09T	to		eickedorfer	lilienthal	grüße	1331590218	Re: book on network visualization?	549	30

5198	09T	to		books	except	follow	1331590715	Re: book on network visualization?	549	36

5325	09T	to		highlight	diagram	print	1331728660	alternatives for flow diagrams?	560	68

5323	09T	to		inspiration	sections	alternatives	1331754469	Re: alternatives for flow diagrams?	560	95

5324	09T	to		data	some	just	1331759621	Re: alternatives for flow diagrams?	560	14

5856	09T	from		attentive	equations	impressing	1332337242	Help on "selling" vis to scientists	619	183

5852	09T	to		michelle	sudden	borkin	1332340073	Re: Help on "selling" vis to scientists	619	107

5851	09T	from		can	jerome	things	1332340792	Re: Help on "selling" vis to scientists	619	14

5853	09T	to		sudden	borkin	evident	1332341632	Re: Help on "selling" vis to scientists	619	107

5854	09T	to		visualization	jan	willem	1332344732	Re: Help on "selling" vis to scientists	619	18

5855	09T	to		michelle	persons	figures	1332346594	Re: Help on "selling" vis to scientists	619	83

5868	09T	to		said	far	given	1332344907	visweek 2012	622	30

5871	09T	to		suggestion	weather	fellow	1332345500	data stories	623	37

6136	09T	to		tips	task	offered	1332767434	teaching	643	77

6134	09T	to		from	want	going	1332767661	Re: teaching	643	17

6140	09T	to					1332767985	Re: teaching	643	0

6133	09T	to		skype	start	anyway	1332768179	Re: teaching	643	21

6135	09T	to		what	time	best	1332768410	Re: teaching	643	14

6138	09T	to		get	need	back	1332768602	Re: teaching	643	14

6141	09T	to		time	how	next	1332835487	Re: teaching	643	12

6139	09T	from		fall	tip	constructive	1332860098	Re: teaching	643	68

6137	09T	to		sounds	instance	science	1332928149	Re: teaching	643	19

6142	09T	from		process	agree	amount	1332932618	Re: teaching	643	31

6345	09T	to		freiestrasse	stage	speakers	1332873334	Speaker for SEE	690	53

6343	09T	to		that	for	more	1332874274	Re: Speaker for SEE	690	10

6341	09T	to		fully	middle	none	1332874917	Re: Speaker for SEE	690	84

6336	09T	to		willem	talk	tulp	1332877593	Re: Speaker for SEE	690	16

6339	09T	to		there	then	again	1332877738	Re: Speaker for SEE	690	12

6344	09T	to		information	jan	willem	1332877912	Re: Speaker for SEE	690	14

6340	09T	to		being	rest	imo	1332878484	Re: Speaker for SEE	690	25

6337	09T	to		winning	agency	award	1332878642	Re: Speaker for SEE	690	51

6342	09T	to					1332878756	Re: Speaker for SEE	690	0

6338	09T	to		infrastructure	matching	cartodb	1332879062	Re: Speaker for SEE	690	34

6335	09T	to		office	beste	germany	1332879909	Re: Speaker for SEE	690	16

6357	09T	to		zwpamvua	zxjpaybmaxnozxi		1332881112	=?utf-8?B?QW50dy46IFNwZWFrZXIgZm9yIFNFRQ==	695	2

6356	09T	to		moritz	then	stefaner	1332883284	Re: Antw.: Speaker for SEE	695	11

6354	09T	to					1332883395	Re: Antw.: Speaker for SEE	695	0

6355	09T	to		benjamin	ideas	production	1332886681	Re: Antw.: Speaker for SEE	695	32

6762	09T	to		why	conference	tableau	1333457765	can't really say that out loud on twitter but	727	24

6761	09T	to		attend	attending	conf	1333457950	Re: can't really say that out loud on twitter but	727	34

7323	09T	to		visualizer	bring	groet	1334303209	European Science Foundation	771	40

7322	09T	to		heard	looks	speak	1334303741	Re: European Science Foundation	771	36

7324	09T	to		for	only	little	1334308703	Re: European Science Foundation	771	7

7355	09T	to		contests	leads	colleagues	1334320376	</oecd>	775	139

7361	09T	from		dealing	depth	extent	1334321878	Re: </oecd>	775	99

7371	09T	to					1334323577	Re: </oecd>	775	0

7357	09T	to		opportunities	honest	ahead	1334332063	Re: </oecd>	775	34

7365	09T	to		circuit	glass	loads	1334337625	Re: </oecd>	775	150

7372	09T	to		germany	damm	eickedorfer	1334356465	Re: </oecd>	775	36

7363	09T	to		decision	giorno	scritto	1334358288	Re: </oecd>	775	106

7369	09T	to		wonder	academic	step	1334412113	Re: </oecd>	775	50

7359	09T	to		belgium	dinosaurs	foundation	1334518784	Re: </oecd>	775	119

7366	09T	from		almost	companies	jobs	1334525486	Re: </oecd>	775	29

7360	09T	to		mean	difficult	students	1334526741	Re: </oecd>	775	28

7356	09T	to		conditions	curious	kick	1342139257	Re: </oecd>	775	68

7373	09T	to		worried	activities	elsewhere	1342164035	Re: </oecd>	775	208

7385	09T	to		reality	lost	straight	1334324744	thanks	781	53

7386	09T	from		lab	annoying	smart	1334747608	Re: thanks	781	59

7670	09T	from		feltron	fernanda	salivate	1334749334	Vis superstars event at visweek 2012	815	168

7672	09T	to		talented	carter	harris	1334752169	Re: Vis superstars event at visweek 2012	815	55

7669	09T	to		motives	clarke	confession	1334755153	Re: Vis superstars event at visweek 2012	815	272

7664	09T	to					1334755576	Re: Vis superstars event at visweek 2012	815	0

7671	09T	from		work	thanks	sure	1334755876	Re: Vis superstars event at visweek 2012	815	12

7666	09T	to					1334756042	Re: Vis superstars event at visweek 2012	815	0

7665	09T	to		edge	converted	perceptual	1334756999	Re: Vis superstars event at visweek 2012	815	40

7668	09T	to		collecting	extreme	palettes	1334758061	Re: Vis superstars event at visweek 2012	815	105

7673	09T	to		successful	stands	entrance	1334760049	Re: Vis superstars event at visweek 2012	815	124

7674	09T	to		considering	focus	count	1334781480	Re: Vis superstars event at visweek 2012	815	55

7667	09T	to		smart	peter	hans	1334824635	Re: Vis superstars event at visweek 2012	815	64

7867	09T	to		answer	reading	consider	1334959160	Fwd: enter Information is Beautiful Awards?	836	41

7851	09T	to		infographic	mentions	awards	1334959315	Re: Fwd: enter Information is Beautiful Awards?	836	63

7854	09T	to		you	are	something	1335006696	Re: enter Information is Beautiful Awards?	836	5

7847	09T	to		you	that	will	1335007888	Re: enter Information is Beautiful Awards?	836	8

7849	09T	to		after	never	ever	1335008094	Re: enter Information is Beautiful Awards?	836	12

7856	09T	to		but	time	thinking	1335008685	Re: enter Information is Beautiful Awards?	836	18

7848	09T	from		community	reason	marketing	1335015816	Re: enter Information is Beautiful Awards?	836	19

7850	09T	to		far	mean	invite	1335017559	Re: enter Information is Beautiful Awards?	836	29

7852	09T	to		not	visualization	regards	1335025898	Re: enter Information is Beautiful Awards?	836	15

7855	09T	to		nevertheless	reward	antonelli	1335033221	Re: enter Information is Beautiful Awards?	836	76

7858	09T	to		yeah	says	terms	1335034334	Re: enter Information is Beautiful Awards?	836	51

7857	09T	to		that	from	some	1335034929	Re: enter Information is Beautiful Awards?	836	11

7859	09T	to		awards	considered	closer	1335034933	Re: enter Information is Beautiful Awards?	836	72

7863	09T	to		from	was	yes	1335035146	Re: enter Information is Beautiful Awards?	836	8

7860	09T	to		awards	themselves	argument	1335035189	Re: enter Information is Beautiful Awards?	836	84

7862	09T	to		that	really	great	1335035287	Re: enter Information is Beautiful Awards?	836	5

7864	09T	to		missed	join	willing	1335036014	Re: enter Information is Beautiful Awards?	836	57

7865	09T	to		someone	sounds	kids	1335036216	Re: enter Information is Beautiful Awards?	836	28

7866	09T	to		then	take	look	1335037330	Re: enter Information is Beautiful Awards?	836	6

7853	09T	from		raising	talent	vast	1335041043	Re: enter Information is Beautiful Awards?	836	92

7861	09T	to		faked	flooded	intents	1335126966	Re: enter Information is Beautiful Awards?	836	294

8132	09T	to		request	stephen	numbers	1335360360	I felt a great disturbance in the Force	865	64

8157	09T	to		visualizer	groet	hartelijke	1335375334	Shorts!	872	33

8177	09T	to		joining	approaching	anita	1335388034	Cartel Dinner on Saturday	873	134

8170	09T	to		sounds	large	coming	1335388445	Re: Cartel Dinner on Saturday	873	37

8167	09T	to		booked	saturday	cup	1335390094	Re: Cartel Dinner on Saturday	873	63

8169	09T	to		energy	pity	counting	1335391293	Re: Cartel Dinner on Saturday	873	144

8171	09T	to		next	soon	forward	1335392832	Re: Cartel Dinner on Saturday	873	33

8168	09T	to		according	speakers	discuss	1335419622	Re: Cartel Dinner on Saturday	873	24

8176	09T	to		quite	down	andrew	1335422036	Re: Cartel Dinner on Saturday	873	18

8174	09T	to		rules	dinner	necessary	1335423249	Re: Cartel Dinner on Saturday	873	63

8172	09T	to		said	others	along	1335424280	Re: Cartel Dinner on Saturday	873	16

8175	09T	to		rule	rules	harm	1335434641	Re: Cartel Dinner on Saturday	873	58

8173	09T	to		lazy	bros	distractions	1335446963	Re: Cartel Dinner on Saturday	873	74

8258	09T	to		drive	advanced	participants	1335461920	Selected Tools Preview	884	96

8257	09T	to		data	new	quite	1335462482	Re: Selected Tools Preview	884	7

8253	09T	to		visualizer	isn	groet	1335462823	Re: Selected Tools Preview	884	30

8256	09T	to		for	paper		1335463467	Re: Selected Tools Preview	884	2

8259	09T	to		stuff	beste	germany	1335463888	Re: Selected Tools Preview	884	23

8254	09T	to		excellent	stefaner	freelance	1335464035	Re: Selected Tools Preview	884	44

8251	09T	to		freelance	visualizer	groet	1335464163	Re: Selected Tools Preview	884	69

8255	09T	to		block	likes	belongs	1335464983	Re: Selected Tools Preview	884	47

8252	09T	to		adobe	extending	irene	1335465654	Re: Selected Tools Preview	884	98

8329	09T	to					1335552884	=?utf-8?B?RW5yaWNvIHdoZXJlIGFyZSB5b3U/	891	0

8331	09T	to		moritz	make	stefaner	1335552982	Re: Enrico where are you?	891	7

8332	09T	to		are	well	hello	1335553575	Re: Enrico where are you?	891	13

8330	09T	from		finding	adding	worries	1335558812	Re: Enrico where are you?	891	57

8664	09T	to		densitydesign	milano	finalize	1336037854	Workshop	891	99

8665	09T	to		densitydesign	milano	finalize	1336037909	Re: Workshop	891	112

8661	09T	to		politecnico	didactical	densitydesign	1337291047	Re: Workshop	891	173

8663	09T	to		separate	ahead	differences	1337601222	Re: Workshop	891	108

8662	09T	to		ahead	differences	cultural	1337603614	Re: Workshop	891	119

8559	09T	to		bragging	contributor	exhibitions	1335942060	Map of Khan academy videos	920	72

8564	09T	to		katy	board	define	1335942435	Re: Map of Khan academy videos	920	52

8566	09T	to		moritz	stefaner	office	1335942698	Re: Map of Khan academy videos	920	13

8560	09T	to		out			1335942783	Re: Map of Khan academy videos	920	1

8563	09T	to		contributor	exhibitions	noted	1335943387	Re: Map of Khan academy videos	920	98

8565	09T	to		money	spent	designer	1335947080	Re: Map of Khan academy videos	920	30

8562	09T	to		weeks	seems	however	1335955364	Re: Map of Khan academy videos	920	23

8561	09T	to		anyway	months	opportunity	1335963938	Re: Map of Khan academy videos	920	16

8688	09T	from		geographical	hexagon	bins	1336051151	Heterogeneity Maps	938	216

8687	09T	to		along	partner	interactivethings	1336151283	Re: Heterogeneity Maps	938	47

8683	09T	from		thanks	sure	yes	1336158901	Re: Heterogeneity Maps	938	12

8689	09T	to		this	which	jan	1336165031	Re: Heterogeneity Maps	938	7

8685	09T	from		cool	case	main	1336165721	Re: Heterogeneity Maps	938	23

8682	09T	to		give	willem	understand	1336205449	Re: Heterogeneity Maps	938	19

8684	09T	from		those	each	different	1336222291	Re: Heterogeneity Maps	938	19

8680	09T	to		imagery	indicating	recognizable	1336224481	Re: Heterogeneity Maps	938	159

8681	09T	from		novel	ordered	artifacts	1336236819	Re: Heterogeneity Maps	938	110

8691	09T	to		squares	string	dot	1336411576	Re: Heterogeneity Maps	938	100

8690	09T	from		dots	advantage	raw	1336549793	Re: Heterogeneity Maps	938	70

8686	09T	to		not	about	how	1336736146	Re: Heterogeneity Maps	938	12

8818	09T	to		writing	york	dear	1336170901	Greetings from New York	948	21

8812	09T	to		what	time	been	1336191755	Re: Greetings from New York	948	12

8811	09T	to		her	object	guess	1336198256	Re: Greetings from New York	948	18

8809	09T	to		freelance	tulp	visualizer	1336200696	Re: Greetings from New York	948	30

8813	09T	to		jan	interactive	willem	1336200724	Re: Greetings from New York	948	20

8808	09T	to		rather	andrew	leave	1336205570	Re: Greetings from New York	948	13

8820	09T	to		sitting	alle	ore	1336206577	Re: Greetings from New York	948	28

8817	09T	from		enrico	cool	york	1336222524	Re: Greetings from New York	948	20

8819	09T	to		washington	wait	offer	1336222924	Re: Greetings from New York	948	45

8815	09T	to		days	soon	sounds	1336224800	Re: Greetings from New York	948	21

8807	09T	to		honor	steak	awake	1336225657	Re: Greetings from New York	948	137

8816	09T	to		are	gregor	order	1336234463	Re: Greetings from New York	948	4

8810	09T	from		washington	sort	york	1336237287	Re: Greetings from New York	948	55

8814	09T	to					1336452283	Re: Greetings from New York	948	0

9023	09T	to		delviz	fellows	interconnections	1336497753	Visualization taxonomy	963	138

9024	09T	to		land	leads	expecting	1336499003	Re: Visualization taxonomy	963	56

9028	09T	to		same	already	him	1336502993	Re: Visualization taxonomy	963	15

9027	09T	to		eickedorfer	lilienthal	grüße	1336544942	Re: Visualization taxonomy	963	25

9025	09T	from		one	best	find	1336548421	Re: Visualization taxonomy	963	14

9026	09T	to		lead	partner	interactivethings	1336579037	Re: Visualization taxonomy	963	40

9022	09T	to		belong	novice	productivity	1336580011	Re: Visualization taxonomy	963	157

9070	09T	from		comments	ass	manage	1336550513	[Fell in Love with Data] New Comment On: Dammit, I want more kick-ass data visualization blogs folks!	970	42

9227	09T	to		exceptionally	fool	gifted	1336734210	Updates on NYTimes	992	236

9224	09T	to		freelance	lead	position	1336734666	Re: Updates on NYTimes	992	21

9225	09T	to		like	some	jerome	1336734822	Re: Updates on NYTimes	992	14

9228	09T	to		proud	talent	amanda	1336735298	Re: Updates on NYTimes	992	78

9226	09T	to		your	also	andy	1336735402	Re: Updates on NYTimes	992	11

9223	09T	to		need	week	after	1336735660	Re: Updates on NYTimes	992	17

9229	09T	to		lilienthal	grüße	stay	1336736255	Re: Updates on NYTimes	992	41

9230	09T	to		wise	benji	guardian	1336750503	Re: Updates on NYTimes	992	84

9877	09T	to		ticket	reference	states	1337763040	Eyeo Ticket for Sale	1073	79

9876	09T	to		really	out	too	1337764209	Re: Eyeo Ticket for Sale	1073	12

9878	09T	to		the	well	going	1337764733	Re: Eyeo Ticket for Sale	1073	8

9875	09T	to		hope	stefaner	office	1337803483	Re: Eyeo Ticket for Sale	1073	19

9957	09T	to		have	time	message	1337788994	Fwd: query?	1078	7

9958	09T	to		but	time	has	1337804647	Re: query?	1078	12

9959	09T	to		moment	might	details	1337810493	Re: query?	1078	21

9956	09T	to		office	beste	germany	1337845882	Re: query?	1078	23

9967	09T	to		hobby	visitors	websites	1337806278	commercial advice	1085	372

9965	09T	to					1337807729	Re: commercial advice	1085	0

9966	09T	to		alternative	turned	netherlands	1337810337	Re: commercial advice	1085	49

9968	09T	to		said	money	deal	1337814096	Re: commercial advice	1085	34

9969	09T	to		beach	holiday	stated	1337837738	Re: commercial advice	1085	152

10234	09T	from		take	questions	jeff	1338105534	Interview to Jeff Heer	1110	25

10238	09T	to		food	stanford	theme	1338192646	Re: Interview to Jeff Heer	1110	44

10237	09T	to		understandable	appeal	dry	1338202170	Re: Interview to Jeff Heer	1110	287

10235	09T	to		focus	opportunities	importance	1338223579	Re: Interview to Jeff Heer	1110	76

10236	09T	to		companies	thoughts	favorite	1338279938	Re: Interview to Jeff Heer	1110	48

10836	09T	to		heer	expect	session	1338901794	no reason to miss visweek	1186	69

10834	09T	to		but	really	yet	1338902683	Re: no reason to miss visweek	1186	12

10833	09T	to		shall	sessions	jump	1338905470	Re: no reason to miss visweek	1186	28

10837	09T	to		rees	arranged	idk	1338908966	Re: no reason to miss visweek	1186	58

10835	09T	from		rest	fit	fantastic	1338972851	Re: no reason to miss visweek	1186	64

11234	09T	from		anyway	soon	plan	1339689092	Re: Peer review my first book!	1214	40

11232	09T	to		hopefully	recent	completed	1339970162	Re: Peer review my first book!	1214	76

11272	09T	to		experiments	wattenberg	highlights	1339493566	Back from eyeo	1217	116

11269	09T	to		heard	happen	month	1339493867	Re: Back from eyeo	1217	27

11271	09T	to		wise	areas	pure	1339494119	Re: Back from eyeo	1217	76

11267	09T	to		hear	agree	mike	1339500680	Re: Back from eyeo	1217	31

11270	09T	to		beste	germany	damm	1339500760	Re: Back from eyeo	1217	22

11268	09T	to		good	back	talk	1339504212	Re: Back from eyeo	1217	15

11273	09T	to		totally	location	knows	1339504898	Re: Back from eyeo	1217	50

11276	09T	to		smart	wise	sweet	1339493843	Suggestions	1218	67

11284	09T	to		happy	different	put	1339493988	Re: Suggestions	1218	22

11278	09T	to		next	cartel	jan	1339500504	Re: Suggestions	1218	20

11280	09T	from		feeling	become	seriously	1339513597	Re: Suggestions	1218	67

11281	09T	to		eyeo	given	perhaps	1339513783	Re: Suggestions	1218	29

11274	09T	to		possibilities	whenever	grow	1339517451	Re: Suggestions	1218	93

11279	09T	to		adding	effect	truly	1339522255	Re: Suggestions	1218	78

11283	09T	to		beste	germany	damm	1339522603	Re: Suggestions	1218	18

11275	09T	to		south	africa		1339522850	Re: Suggestions	1218	2

11282	09T	from		want	going	did	1339688500	Re: Suggestions	1218	17

11285	09T	to		stefpos	passing	immediately	1339696111	Re: Suggestions	1218	49

11277	09T	to		suggestion	society	wondered	1339863784	Re: Suggestions	1218	42

11299	09T	to		find	may	cartel	1339501068	Fwd: Request for being the technical reviewer of a book on Data visualization	1223	16

11301	09T	to		you	that	all	1339502110	Re: Request for being the technical reviewer of a book on Data visualization	1223	10

11297	09T	to		got	same	lot	1339503118	Re: Request for being the technical reviewer of a book on Data visualization	1223	18

11304	09T	to		and	the	for	1339503351	Re: Request for being the technical reviewer of a book on Data visualization	1223	11

11305	09T	to		you	some	about	1339503377	Re: Request for being the technical reviewer of a book on Data visualization	1223	7

11295	09T	to		beste	germany	yet	1339503952	Re: Request for being the technical reviewer of a book on Data visualization	1223	20

11302	09T	to		interesting	stefaner	office	1339503996	Re: Request for being the technical reviewer of a book on Data visualization	1223	18

11298	09T	to		one	time	who	1339504116	Re: Request for being the technical reviewer of a book on Data visualization	1223	11

11303	09T	to		they	now	get	1339504144	Re: Request for being the technical reviewer of a book on Data visualization	1223	9

11296	09T	to		finalised	jeromes	monochrome	1339506578	Re: Request for being the technical reviewer of a book on Data visualization	1223	604

11300	09T	to		phone	read	send	1339507026	Re: Request for being the technical reviewer of a book on Data visualization	1223	21

11294	09T	to		damm	eickedorfer	lilienthal	1339581434	Re: Request for being the technical reviewer of a book on Data visualization	1223	31

11360	09T	to		appreciated	brilliant	boring	1339528790	New project: Tyne	1231	40

11359	09T	to		attracted	attractors	lighter	1339543526	Re: New project: Tyne	1231	248

11361	09T	to		literal	magnets	nitrates	1339575023	Re: New project: Tyne	1231	326

11368	09T	to		unfortunately	potential	interest	1339531680	Fwd: Data visualisation commission	1233	38

11365	09T	to		sharing	successful	capacity	1339531867	Re: Fwd: Data visualisation commission	1233	77

11367	09T	to		lead	currently	along	1339540383	Re: Data visualisation commission	1233	32

11366	09T	to		working	guys	maybe	1339604875	Re: Data visualisation commission	1233	27

11358	09T	to		great	things	few	1339577207	Fwd: New project: Tyne	1234	16

11553	09T	from		channels	leverage	nyu	1339688126	A new professor in the cartel!	1259	229

11557	09T	to		moritz	stefaner	beste	1339693527	Re: A new professor in the cartel!	1259	6

11558	09T	to		production	lead	congrats	1339694504	Re: A new professor in the cartel!	1259	32

11550	09T	to		you	this	super	1339696110	Re: A new professor in the cartel!	1259	7

11551	09T	to		news	europe	gregor	1339699369	Re: A new professor in the cartel!	1259	32

11556	09T	to		challenging	bill	tends	1339702286	Re: A new professor in the cartel!	1259	62

11554	09T	to		news	viz	nyc	1339711581	Re: A new professor in the cartel!	1259	28

11552	09T	to		shit	andykirk	settle	1339712197	Re: A new professor in the cartel!	1259	92

11555	09T	to		that	enrico	amazing	1339741820	Re: A new professor in the cartel!	1259	5

11549	09T	from		for	your	thanks	1340014091	Re: A new professor in the cartel!	1259	8

11720	09T	from		formed	hence	universit	1339924638	Invitation to join the Data Visualization Cartel	1272	190

11736	09T	to		the	for	issue	1339938854	Posavec	1273	9

11716	09T	from		subject	love	folks	1340017410	Fwd: Re: Invitation to join the Data Visualization Cartel	1278	18

11718	09T	to		inviting	subtle	mistaken	1340019209	Re: Re: Invitation to join the Data Visualization Cartel	1278	95

11727	09T	to		board	town	official	1340020188	Re: Invitation to join the Data Visualization Cartel	1278	33

11725	09T	to		enough	fun	high	1340020502	Re: Invitation to join the Data Visualization Cartel	1278	33

11719	09T	to		the	you	top	1340020741	Re: Invitation to join the Data Visualization Cartel	1278	8

11715	09T	to		are	from	how	1340020949	Re: Invitation to join the Data Visualization Cartel	1278	13

11722	09T	to		such	tutorial	hand	1340021067	Re: Invitation to join the Data Visualization Cartel	1278	17

11724	09T	to		move	hand	quick	1340041519	Re: Invitation to join the Data Visualization Cartel	1278	37

11721	09T	to		can	also	moritz	1340041579	Re: Invitation to join the Data Visualization Cartel	1278	12

11723	09T	to		partner	interactivethings	founding	1340044647	Re: Invitation to join the Data Visualization Cartel	1278	31

11726	09T	from		just	sent	enrico	1340358519	Re: Invitation to join the Data Visualization Cartel	1278	12

11717	09T	to		good	when	cartel	1340359041	Re: Invitation to join the Data Visualization Cartel	1278	12

11840	09T	to		phd	wise	presence	1340051039	Charge for training courses?	1289	80

11839	09T	to		multiply	individuals	instructor	1340052640	Re: Charge for training courses?	1289	205

11846	09T	to		number	days	training	1340053559	Re: Charge for training courses?	1289	18

11832	09T	to		boy	googlegroups	oggetto	1340055545	Re: Charge for training courses?	1289	63

11848	09T	to		some	just	out	1340058580	Re: Charge for training courses?	1289	15

11835	09T	to		multiple	required	increase	1340091773	Re: Charge for training courses?	1289	79

11842	09T	to		guess	updated	charge	1340097436	Re: Charge for training courses?	1289	63

11843	09T	to		rate	compared	index	1340099448	Re: Charge for training courses?	1289	61

11841	09T	to		rates	daily	jwt	1340103373	Re: Charge for training courses?	1289	117

11837	09T	to		formulated	karlsruhe	momentum	1340108001	Re: Charge for training courses?	1289	532

11844	09T	to		lilienthal	grüße	thinking	1340175758	Re: Charge for training courses?	1289	45

11834	09T	to		helpful	giorno	scritto	1340181522	Re: Charge for training courses?	1289	69

11838	09T	to		beste	another	germany	1340181858	Re: Charge for training courses?	1289	19

11847	09T	to		here	sure	mind	1340182768	Re: Charge for training courses?	1289	15

11833	09T	to		mostly	cost	aside	1340183396	Re: Charge for training courses?	1289	49

11836	09T	to		content	visualizations	examples	1340185129	Re: Charge for training courses?	1289	20

11845	09T	to		started	until	wouldn	1340185261	Re: Charge for training courses?	1289	22

11994	09T	to		right	original	image	1340203743	datastori.es background	1306	13

11993	09T	from		are	about	well	1340261145	Re: datastori.es background	1306	9

12056	09T	to		flying	gathering	inspired	1340280039	Cartel Meeting	1309	61

12057	09T	to		that	great	idea	1340280146	Re: Cartel Meeting	1309	5

12049	09T	to		idea	excellent		1340280305	Re: Cartel Meeting	1309	2

12061	09T	from		rent	salivate	numerous	1340288944	Re: Cartel Meeting	1309	55

12052	09T	to					1340289143	Re: Cartel Meeting	1309	0

12053	09T	to		like	sounds	vacation	1340289351	Re: Cartel Meeting	1309	3

12059	09T	to		eickedorfer	lilienthal	grüße	1340350523	Re: Cartel Meeting	1309	34

12060	09T	to		lead	second	meet	1340351055	Re: Cartel Meeting	1309	42

12047	09T	to		you	are	when	1340351264	Re: Cartel Meeting	1309	6

12055	09T	to		start	check	family	1340351282	Re: Cartel Meeting	1309	18

12050	09T	from		right	our	enrico	1340622089	Re: Cartel Meeting	1309	18

12051	09T	to		miss	konstanz	trip	1340622374	Re: Cartel Meeting	1309	30

12048	09T	to		you	that	have	1340645526	Re: Cartel Meeting	1309	8

12369	09T	to		wow	choose	nyt	1340647307		1328	21

12372	09T	to		eyeo	continue	festival	1340648081	Re:	1328	42

12371	09T	to		source	development	far	1340649229	Re:	1328	19

12370	09T	to		nyt	relevant	hierarchy	1340649579	Re:	1328	28

12412	09T	to		this	one	see	1340699858	Fwd: Data Visualisation Commission	1335	10

12415	09T	to		for	but	thanks	1340700055	Re: Data Visualisation Commission	1335	11

12410	09T	to		engagement	packing	clark	1340700363	Re: Data Visualisation Commission	1335	67

12409	09T	to		name	later	sort	1340700546	Re: Data Visualisation Commission	1335	41

12411	09T	to		jeff	interested	reply	1340700764	Re: Data Visualisation Commission	1335	21

12433	09T	from		santiago	stefanie	impressive	1340705375	Santiago is in!	1337	35

12436	09T	to		the	someone	finally	1340706399	Re: Santiago is in!	1337	8

12437	09T	to		eickedorfer	lilienthal	grüße	1340791850	Re: Santiago is in!	1337	36

12434	09T	to		process	seems	second	1340794430	Re: Santiago is in!	1337	31

12435	09T	to		you	have	really	1340802310	Re: Santiago is in!	1337	7

12432	09T	to		gracias	guindilla	insomnic	1340814580	Re: Santiago is in!	1337	512

12438	09T	to		five	recently	[image	1340817049	Re: Santiago is in!	1337	20

12491	09T	to		pricing	recall	arrived	1340729074	A rival offering emerges!	1347	61

12492	09T	to		the	this	one	1340742990	Re: A rival offering emerges!	1347	11

12488	09T	to		imagine	came	london	1340743762	Re: A rival offering emerges!	1347	29

12493	09T	to		germany	damm	eickedorfer	1340744033	Re: A rival offering emerges!	1347	25

12487	09T	to		for	you	really	1340748147	Re: A rival offering emerges!	1349	12

12496	09T	from		training	low	lower	1340781090	Re: A rival offering emerges!	1349	101

12494	09T	to		variety	reluctant	rival	1340781568	Re: A rival offering emerges!	1349	102

12489	09T	from		sorry	international	meeting	1340786312	Re: A rival offering emerges!	1349	62

12495	09T	to		too	year	cartel	1340786497	Re: A rival offering emerges!	1349	17

12490	09T	to		work	something	place	1340786509	Re: A rival offering emerges!	1349	17

12497	09T	to		some	get	our	1340788096	Re: A rival offering emerges!	1349	11

12546	09T	to		soccer	football	ongoing	1340781065	football & data	1351	174

12540	09T	to		perception	licenses	rare	1340782183	Re: football & data	1351	73

12545	09T	to		hashtags	sarcasm	unanimous	1340783122	Re: football & data	1351	149

12543	09T	to		you	make	use	1340783234	Re: football & data	1351	6

12541	09T	to		refine	classification	grammar	1340783994	Re: football & data	1351	57

12542	09T	to		compete	alas	wizardry	1341306233	Re: football & data	1351	54

12544	09T	to		previous	response	explore	1341307007	Re: football & data	1351	50

12716	09T	to		books	result	yesterday	1340958189	books and stuff	1361	36

12711	09T	to		which	very	all	1340958510	Re: books and stuff	1361	15

12718	09T	from		geo	perspectives	confess	1340961216	Re: books and stuff	1361	113

12717	09T	to		mining	slim	concise	1340961331	Re: books and stuff	1361	150

12712	09T	to		cover	introduction	personally	1340961426	Re: books and stuff	1361	31

12713	09T	to		see	kirk	late	1340961845	Re: books and stuff	1361	16

12715	09T	to		and	that	there	1340968245	Re: books and stuff	1361	10

12714	09T	from		nonetheless	basics	defining	1341140376	Re: books and stuff	1361	144

12910	09T	to		awareness	criticize	intimidation	1341301460	The tightrope	1391	154

12909	09T	to		crummy	crystallised	harmless	1341303664	Re: The tightrope	1391	364

12916	09T	to		applauds	disagreed	esteem	1341304328	Re: The tightrope	1391	250

12911	09T	to		ninth	pendulum	praised	1341304866	Re: The tightrope	1391	263

12907	09T	to		tightrope	immerse	sea	1341305771	Re: The tightrope	1391	154

12913	09T	to		reactions	coders	immersed	1341306983	Re: The tightrope	1391	91

12914	09T	to		contestâ	crazyâ	depicted	1341324463	Re: The tightrope	1391	203

12906	09T	to		both	content	published	1341328239	Re: The tightrope	1391	23

12917	09T	to		sees	enterprise	proof	1341328624	Re: The tightrope	1391	80

12908	09T	from		commenting	criticize	equation	1341569082	Re: The tightrope	1391	113

12912	09T	to					1341570365	Re: The tightrope	1391	0

12915	09T	to		mind	real	article	1341571774	Re: The tightrope	1391	20

12924	09T	to		meyer	munzner	naomi	1341302455	Women in Infovis	1392	63

12927	09T	to		andrea	ibm	joan	1341303536	Re: Women in Infovis	1392	43

12921	09T	to		grüße	added	btw	1341303938	Re: Women in Infovis	1392	27

12925	09T	to		crafting	escapes	fairfield	1341304316	Re: Women in Infovis	1392	140

12928	09T	to		prominent	plaisant	professors	1341305029	Re: Women in Infovis	1392	29

12922	09T	to		women	reports	awful	1341305589	Re: Women in Infovis	1392	56

12920	09T	to		grüße	list	graphics	1341305827	Re: Women in Infovis	1392	35

12926	09T	to		you	that	this	1341306286	Re: Women in Infovis	1392	9

12929	09T	to		maps	katy	borner	1341382962	Re: Women in Infovis	1392	4

12933	09T	to		her	office	beste	1341390154	Re: Women in Infovis	1392	20

12931	09T	from		academia	isenberg	carpendale	1341394961	Re: Women in Infovis	1392	51

12923	09T	to		speakers	somebody	github	1341405927	Re: Women in Infovis	1392	64

12932	09T	to		make	such	making	1341407192	Re: Women in Infovis	1392	17

12930	09T	to		problems	names	greetings	1341410550	Re: Women in Infovis	1392	17

12936	09T	to		discussions	confidential	password	1341304897	practical question: confidential data	1393	54

12939	09T	to		sensitive	extreme	guidance	1341305423	Re: practical question: confidential data	1393	78

12937	09T	to		mac	ensure	safe	1341306897	Re: practical question: confidential data	1393	70

12938	09T	to		necessary	drive	save	1341310506	Re: practical question: confidential data	1393	67

13037	09T	to		jan	interactive	happy	1341405941	happy birthday	1404	15

13040	09T	to					1341406026	Re: happy birthday	1404	0

13038	09T	to		mobile	moritz	stefaner	1341406062	Re: happy birthday	1404	12

13036	09T	to					1341410193	Re: happy birthday	1404	0

13035	09T	from		bon	anniversaire		1341413045	Re: happy birthday	1404	2

13039	09T	to		anniversaire	average	education	1341413474	Re: happy birthday	1404	34

13103	09T	to		apply	buying	tickets	1341475487	VisWeek	1412	54

13102	09T	to		association	offers	registered	1341476360	Re: VisWeek	1412	53

13214	09T	to		japanese	limitations	photographers	1341559813	visualization royalties	1426	138

13220	09T	from		you	with	could	1341562170	Re: visualization royalties	1426	10

13219	09T	to		fixed	bag	shouldn	1341566650	Re: visualization royalties	1426	37

13212	09T	to		bag	discount	exclusive	1341568275	Re: visualization royalties	1426	71

13216	09T	to					1341568646	Re: visualization royalties	1426	0

13215	09T	from		and	just	our	1341569483	Re: visualization royalties	1426	10

13213	09T	to		this	all	very	1341569578	Re: visualization royalties	1426	5

13217	09T	to		this	seems	yeah	1341570301	Re: visualization royalties	1426	8

13218	09T	to		would	even	code	1341571404	Re: visualization royalties	1426	9

13247	09T	to		cuisine	announcement	cooking	1341574446	Data cuisine	1431	65

13245	09T	to		held	delegates	keen	1341579856	Re: Data cuisine	1431	47

13246	09T	to		say	sounds	fun	1341580261	Re: Data cuisine	1431	25

13418	09T	to		member	speaking	manage	1341838376	going places	1454	57

13420	09T	from		plans	planning	speaking	1341841586	Re: going places	1454	48

13419	09T	to		hotel	easier	supposed	1341842433	Re: going places	1454	69

13729	09T	to		item	capital	stored	1342169872	Untitled spreadsheet (data-visualization-cartel@googlegroups.com)	1488	74

13730	09T	to		challenge	oct	interaction	1342171149	Re: Untitled spreadsheet (data-visualization-cartel@googlegroups.com)	1488	36

13728	09T	to		not	about	thanks	1342171707	Re: Untitled spreadsheet (data-visualization-cartel@googlegroups.com)	1488	14

13731	09T	from		chance	event	plan	1342174226	Re: Untitled spreadsheet (data-visualization-cartel@googlegroups.com)	1488	29

13753	09T	to		seeing	dates	fill	1342169889	meetup dates?	1489	63

13732	09T	to		willem	haven	weekend	1342769293	Re: meetup dates?	1489	30

13748	09T	to		will	now	sorry	1342770063	Re: meetup dates?	1489	3

13746	09T	to		committed	extend	purely	1342770349	Re: meetup dates?	1489	49

13747	09T	to		dates	ciuccarelli	berlin	1344439787	Re: meetup dates?	1489	45

13754	09T	to		all	which	just	1344440079	Re: meetup dates?	1489	10

13735	09T	to		exchange	guest	kindly	1344440300	Re: meetup dates?	1489	51

13749	09T	to		all	get	let	1344440905	Re: meetup dates?	1489	7

13737	09T	to		for	check	meeting	1344494986	Re: meetup dates?	1489	4

13755	09T	to		met	andrew	however	1344497116	Re: meetup dates?	1489	25

13751	09T	from		some	could	take	1344541673	Re: meetup dates?	1489	10

13733	09T	to		let	yes	event	1344542288	Re: meetup dates?	1489	16

13734	09T	to		germany	damm	eickedorfer	1344545508	Re: meetup dates?	1489	17

13740	09T	to		about	know	don	1344545767	Re: meetup dates?	1489	11

13738	09T	to		weeks	ago	impossible	1344550657	Re: meetup dates?	1489	31

13741	09T	to		for	from	some	1344551475	Re: meetup dates?	1489	8

13736	09T	to		there	benjamin		1344578504	Re: meetup dates?	1489	2

13750	09T	to		the	and	benjamin	1344578577	Re: meetup dates?	1489	6

13744	09T	to		that	moritz	our	1344805947	Re: meetup dates?	1489	10

13745	09T	to		lilienthal	big	chance	1344806406	Re: meetup dates?	1489	30

13742	09T	to		sheet	focused	giorno	1344836258	Re: meetup dates?	1489	74

13752	09T	to		visualized	nyc	docs	1345455316	Re: meetup dates?	1489	44

13739	09T	to		single	visualized	wonder	1345458446	Re: meetup dates?	1489	33

13743	09T	to		andrew	kim	plans	1345462440	Re: meetup dates?	1489	25

14525	09T	to		invited	costs	disappointed	1343155791	No NACIS/VisWeek for me	1607	69

14523	09T	to		significant	west	principle	1343156283	Re: No NACIS/VisWeek for me	1607	64

14524	09T	to		portland	weather	october	1343156932	Re: No NACIS/VisWeek for me	1607	60

14522	09T	to		touch	bad	welcome	1343196255	Re: No NACIS/VisWeek for me	1607	27

14677	09T	to		intense	curves	loading	1343315428	emoto online (but **shhh**)	1620	182

14672	09T	to		very	well	done	1343315551	Re: emoto online (but **shhh**)	1620	4

14673	09T	to		moritz	has	twitter	1343317330	Re: emoto online (but **shhh**)	1620	5

14676	09T	to		stefaner	office	beste	1343317472	Re: emoto online (but **shhh**)	1620	16

14666	09T	to		will	just	get	1343317902	Re: emoto online (but **shhh**)	1620	13

14681	09T	to		damm	eickedorfer	lilienthal	1343318145	Re: emoto online (but **shhh**)	1620	23

14680	09T	to		chrome	soft	identity	1343327241	Re: emoto online (but **shhh**)	1620	99

14670	09T	to		bright	modern	streaming	1343327689	Re: emoto online (but **shhh**)	1620	153

14675	09T	to					1343327728	Re: emoto online (but **shhh**)	1620	0

14683	09T	to		happy	help	either	1343328045	Re: emoto online (but **shhh**)	1620	14

14671	09T	to		eickedorfer	lilienthal	grüße	1343328207	Re: emoto online (but **shhh**)	1620	26

14678	09T	to		hint	hashtags	jus	1343330846	Re: emoto online (but **shhh**)	1620	300

14667	09T	to		emergent	fifa	inverted	1343331516	Re: emoto online (but **shhh**)	1620	469

14674	09T	to		degree	topics	chrome	1343332662	Re: emoto online (but **shhh**)	1620	91

14682	09T	to		mass	redis	balanced	1343332957	Re: emoto online (but **shhh**)	1620	144

14668	09T	to		negative	suddenly	organized	1343424189	Re: emoto online (but **shhh**)	1620	81

14679	09T	to		focusing	century	gold	1343425690	Re: emoto online (but **shhh**)	1620	33

14951	09T	to		when	thanks	post	1343743640	Using Data Visualization to find Insights	1620	14

15059	09T	to		southern	wiley	atrium	1343858207	Wiley	1663	144

15056	09T	to		with	book	already	1343858429	Re: Wiley	1663	7

15055	09T	to		months	books	kirk	1343858600	Re: Wiley	1663	29

15054	09T	to		stefaner	mobile	moritz	1343858932	Re: Wiley	1663	12

15061	09T	to		grüße	moritz	stefaner	1343886949	Re: Wiley	1663	38

15060	09T	to		received	willem	freelance	1344034349	Re: Wiley	1663	65

15058	09T	to		jan	willem	does	1345456438	Re: Wiley	1663	28

15057	09T	to		call	write	plan	1345456697	Re: Wiley	1663	35

15418	09T	to		wants	paper	telling	1344426652	Just in case..	1709	37

15415	09T	to		structure	interactivethings	founding	1344426829	Re: Just in case..	1709	40

15416	09T	to		mobile	moritz	office	1344426990	Re: Just in case..	1709	13

15417	09T	to		super			1344430229	Re: Just in case..	1709	1

15815	09T	from		uni	winners	managed	1344985818	Visualizing & VisWeek	1762	56

15817	09T	to		relationship	announced	alle	1344987916	Re: Visualizing & VisWeek	1762	79

15822	09T	to		mobile	moritz	office	1345019848	Re: Visualizing & VisWeek	1762	12

15821	09T	to		help	sense	visual	1345041535	Re: Visualizing & VisWeek	1762	16

15823	09T	to		that	from	awesome	1345052969	Re: Visualizing & VisWeek	1762	6

15819	09T	from		who	then	come	1345103836	Re: Visualizing & VisWeek	1762	5

15820	09T	to		say	before	myself	1345104040	Re: Visualizing & VisWeek	1762	22

15818	09T	from		shame			1345104104	Re: Visualizing & VisWeek	1762	2

15816	09T	to		having	tutorial	definitely	1345104792	Re: Visualizing & VisWeek	1762	26

15813	09T	to		will	about	after	1345451981	Re: Visualizing & VisWeek	1762	11

15814	09T	from		our	enrico	going	1345568608	Re: Visualizing & VisWeek	1762	19

15840	09T	to		clubs	dynamically	acquiring	1345019822		1763	104

15838	09T	to		digests	disconnects	fandom	1345021060	Re:	1763	236

15839	09T	to		over	take	look	1345021213	Re:	1763	19

15871	09T	to		move	seen	until	1345041629	Enrico to NYC	1767	41

15866	09T	to		moritz	nice	office	1345042005	Re: Enrico to NYC	1767	13

15868	09T	to		lilienthal	grüße	conference	1345042138	Re: Enrico to NYC	1767	27

15861	09T	to		gregor	unfortunately	wait	1345042634	Re: Enrico to NYC	1767	26

15864	09T	to		pay	saying	conferences	1345043928	Re: Enrico to NYC	1767	22

15865	09T	to					1345043996	Re: Enrico to NYC	1767	0

15867	09T	to		speaker	scritto	sold	1345047487	Re: Enrico to NYC	1767	38

15869	09T	from		know	could	don	1345052548	Re: Enrico to NYC	1767	14

15870	09T	to		missing	names	likely	1345057959	Re: Enrico to NYC	1767	47

15862	09T	to		uich			1345067192	Re: Enrico to NYC	1767	1

15860	09T	from		like	cartel	enrico	1345103643	Re: Enrico to NYC	1767	11

15863	09T	to		smaller	speakers	fee	1345464712	Re: Enrico to NYC	1767	47

15872	09T	to		beste	germany	little	1345044015	Images as datastore	1768	16

16015	09T	to		any	folks	big	1345220771		1789	19

16014	09T	to		asked	either	share	1345221163	Re:	1789	18

16016	09T	to		money	problems		1345221228	Re:	1789	2

16096	09T	to		received	willing	italy	1345448218	Fwd: reset?	1795	41

16095	09T	to		alle	ore	catching	1345465308	Re: reset?	1795	64

16094	09T	to		week	first	fantastic	1345466046	Re: reset?	1795	16

16098	09T	to		staying	correctly	incorporate	1345449165	VISUALIZED499	1796	90

16097	09T	from		will	just	know	1345500616	Re: VISUALIZED499	1796	10

16113	09T	to		somebody	besides	agency	1345465674	Storytelling	1797	77

16110	09T	to		picked	invisible	secrets	1345466834	Re: Storytelling	1797	62

16108	09T	to		which	really	good	1345466906	Re: Storytelling	1797	13

16114	09T	to		scott	instance	totally	1345467209	Re: Storytelling	1797	21

16112	09T	to		office	beste	germany	1345467318	Re: Storytelling	1797	23

16109	09T	to		diakopoulos	hullman	jessica	1345718122	Re: Storytelling	1797	318

16111	09T	to		moritz	office	beste	1345791704	Re: Storytelling	1797	15

16264	09T	to		posters	requires	assistance	1345731824	contact who can do infographic posters	1800	89

16309	09T	to		cheers	find	got	1345801548		1801	14

16311	09T	to		visualizer	address	groet	1345802033	Re:	1801	44

16310	09T	to		thanks	jan	willem	1345802055	Re:	1801	3

17096	09T	to		november	flight	academics	1346884224	Workshop at Politecnico di Milano	1801	114

17097	09T	to		outside	dates	clearly	1346908070	Re: Workshop at Politecnico di Milano	1801	39

17104	09T	to		somebody	giorno	scritto	1346931568	Re: Workshop at Politecnico di Milano	1801	57

17098	09T	to		not	all	just	1346931782	Re: Workshop at Politecnico di Milano	1801	7

17101	09T	to		willem	interested	paolo	1346943225	Re: Workshop at Politecnico di Milano	1801	21

17099	09T	to		zürich	freiestrasse	takes	1346967339	Re: Workshop at Politecnico di Milano	1801	50

17103	09T	to		see	mail	don	1346968032	Re: Workshop at Politecnico di Milano	1801	16

17100	09T	to		politecnico	googlegroups	oggetto	1346969788	Re: Workshop at Politecnico di Milano	1801	70

17102	09T	to		you	already	skype	1347023030	Re: Workshop at Politecnico di Milano	1801	6

16330	09T	to		activities	statistical	datasets	1345814673	Manchester City Football Club dataset	1802	89

16751	09T	to		alberto	upcoming	resource	1346415631	poverty data + visualization	1832	70

16749	09T	to		aid	inequality	subcategories	1346419418	Re: poverty data + visualization	1832	145

16750	09T	to		lots	website	submit	1346658300	Re: poverty data + visualization	1832	30

16923	09T	to		conservatives	defeat	demonstration	1346688687	my tableau politics contest entry	1851	294

16924	09T	to		fault	limitations	voting	1346695643	Re: my tableau politics contest entry	1851	191

16926	09T	to		really	work	any	1346925232	Re: my tableau politics contest entry	1851	20

17230	09T	to		scary	lists	providing	1347052367	Cartel Network Visualization	1886	60

17229	09T	to		this	really	cool	1347053002	Re: Cartel Network Visualization	1886	4

17232	09T	to		the	and	more	1347053255	Re: Cartel Network Visualization	1886	9

17231	09T	to		production	lead	partner	1347109783	Re: Cartel Network Visualization	1886	25

17233	09T	to		this	really	work	1347137592	Re: Cartel Network Visualization	1886	6

17234	09T	to		deployed	guaranteeing	membersâ	1347480973	Re: Cartel Network Visualization	1886	302

17235	09T	to		community	connected	interpret	1347482992	Re: Cartel Network Visualization	1886	103

17378	09T	from		bertini	brain	konstanz	1347301373	Salvatore Iconesi's Open Source Cure	1895	45

17375	09T	to		beste	germany	damm	1347302412	Re: Salvatore Iconesi's Open Source Cure	1895	18

17373	09T	to		remember	tweet	wow	1347305211	Re: Salvatore Iconesi's Open Source Cure	1895	24

17374	09T	to		him	his	gregor	1347305560	Re: Salvatore Iconesi's Open Source Cure	1895	24

17377	09T	to		lead	remember	partner	1347306978	Re: Salvatore Iconesi's Open Source Cure	1895	30

17376	09T	to		say	quite	his	1347308416	Re: Salvatore Iconesi's Open Source Cure	1895	18

17379	09T	to		cancer	visionary	coherent	1347310957	Re: Salvatore Iconesi's Open Source Cure	1895	137

17371	09T	to		really	how	very	1347311854	Re: Salvatore Iconesi's Open Source Cure	1895	15

17372	09T	to		spectrum	cure	fulfilling	1347316334	Re: Salvatore Iconesi's Open Source Cure	1895	65

17409	09T	to		require	fee	stream	1347351155	Stream graph	1895	54

17410	09T	to		built	directly	clark	1347351525	Re: Stream graph	1895	35

17411	09T	to		include	approached	hold	1347351773	Re: Stream graph	1895	41

17403	09T	to		for	did	didn	1347353025	Re: Stream graph	1895	5

17404	09T	to		lilienthal	grüße	did	1347353512	Re: Stream graph	1895	30

17406	09T	to		this	will	use	1347353667	Re: Stream graph	1895	7

17405	09T	to		built	elements	demo	1347354192	Re: Stream graph	1895	35

17408	09T	to		all	will	thanks	1347354825	Re: Stream graph	1895	7

17402	09T	to		milano	andykirk	densitydesign	1347356108	Re: Stream graph	1895	70

17407	09T	to		now	thanks	most	1347370643	Re: Stream graph	1895	9

17464	09T	to		according	itself	visually	1347406455	Some news on Visual.ly	1906	64

17463	09T	to		seems	investment	goes	1347432622	Re: Some news on Visual.ly	1906	25

17462	09T	to		beste	germany	love	1347440204	Re: Some news on Visual.ly	1906	16

17461	09T	to		they	need	stuff	1347440421	Re: Some news on Visual.ly	1906	13

17491	09T	to		dear	further	clients	1347439935	Social Network Analysis	1907	75

17487	09T	to		starting	signed	class	1347440657	Re: Social Network Analysis	1907	32

17492	09T	to		production	lead	along	1347443365	Re: Social Network Analysis	1907	33

17490	09T	to		already	currently	classes	1347444115	Re: Social Network Analysis	1907	4

17489	09T	to		before	doesn	thinking	1347444672	Re: Social Network Analysis	1907	20

17488	09T	to		and	data	one	1347444755	Re: Social Network Analysis	1907	9

17550	09T	to		spanish	gently	rope	1347484602	Le me being nominated	1910	145

17541	09T	to		done	cartel	probably	1347485071	Re: Le me being nominated	1910	21

17542	09T	to		guy	visualized	speaking	1350575998	Re: Le me being nominated	1910	41

17551	09T	to		fantastic	oct	visualized	1350576244	Re: Le me being nominated	1910	67

17549	09T	to		speakers	invited	diagram	1350576518	Re: Le me being nominated	1910	35

17545	09T	to		guy	visualized	speaking	1350579393	Re: Le me being nominated	1910	47

17543	09T	to		relevant	attending	london	1350580791	Re: Le me being nominated	1910	68

17540	09T	to		london	aisch	guardian	1350581056	Re: Le me being nominated	1910	86

17538	09T	to		then	won	training	1350581308	Re: Le me being nominated	1910	15

17547	09T	to		santiago	believe	nyc	1350590310	Re: Le me being nominated	1910	22

17539	09T	to		the	they	well	1350634280	Re: Le me being nominated	1910	8

17548	09T	to		his	charts	santiago	1350634564	Re: Le me being nominated	1910	19

17546	09T	to		this	but	all	1350667162	Re: Le me being nominated	1910	12

17544	09T	to					1350677510	Re: Le me being nominated	1910	0

17733	09T	to		mac	exclusive	practices	1347631899	advice needed	1927	79

17731	09T	to		live	suggestions	dead	1347632843	Re: advice needed	1927	23

17728	09T	to		markdown	nas	operating	1347638511	Re: advice needed	1927	219

17729	09T	to					1347638862	Re: advice needed	1927	0

17737	09T	to		thanks	gregor		1347640359	Re: advice needed	1927	2

17742	09T	from		for	but	app	1347640935	Re: advice needed	1927	7

17743	09T	to		sudo	textmate	unixy	1347825526	Re: advice needed	1927	129

17730	09T	to		know	thanks	didn	1347836488	Re: advice needed	1927	13

17735	09T	to		page	trying	example	1348216638	Re: advice needed	1927	21

17741	09T	to		reload	shell	compiled	1348225014	Re: advice needed	1927	92

17738	09T	to		does	haven	trying	1348225212	Re: advice needed	1927	21

17740	09T	to		ran	scripts	checks	1348228703	Re: advice needed	1927	78

17744	09T	to		use	though	sure	1348228853	Re: advice needed	1927	18

17739	09T	to		damm	eickedorfer	lilienthal	1348229002	Re: advice needed	1927	20

17734	09T	to		moritz	office	beste	1348229024	Re: advice needed	1927	15

17732	09T	to		exit	jumped	systems	1348229150	Re: advice needed	1927	86

17736	09T	to		might	quick	python	1348230249	Re: advice needed	1927	17

17841	09T	to		beste	germany	damm	1347813353	data cooking	1946	17

17840	09T	to		all	was	eatable	1347814113	Re: data cooking	1946	3

17843	09T	to		was	very	least	1347816609	Re: data cooking	1946	6

17839	09T	to		you	this	are	1347818386	Re: data cooking	1946	5

17842	09T	to		viz	variables	knowledge	1347820485	Re: data cooking	1946	34

17844	09T	to		moritz	office	beste	1347828847	Re: data cooking	1946	17

17939	09T	to		the	there	when	1347897957		1969	8

17958	09T	to		latest	spend	win	1347915420	i was told to keep it secret but fuck no	1974	27

17959	09T	to		congrats			1347915489	Re: i was told to keep it secret but fuck no	1974	1

17960	09T	to		jerome	good	stuff	1347916603	Re: i was told to keep it secret but fuck no	1974	3

17962	09T	to		bme	jér	congrats	1347917339	Re: i was told to keep it secret but fuck no	1974	3

17957	09T	to		great	any	word	1347952916	Re: i was told to keep it secret but fuck no	1974	14

17961	09T	to		live	buy	whatever	1347959679	Re: i was told to keep it secret but fuck no	1974	21

19475	09T	to		ground	aggressive	cio	1349889534	oecd woes	2119	170

19479	09T	from		happens	decide	walk	1349890882	Re: oecd woes	2119	78

19476	09T	to		piece	names	due	1349891175	Re: oecd woes	2119	36

19480	09T	to		english	showed	girlfriend	1349895254	Re: oecd woes	2119	52

19478	09T	to		believe	direction	following	1349896947	Re: oecd woes	2119	35

19477	09T	to		infosthetics	differently	concerned	1349902706	Re: oecd woes	2119	80

19474	09T	to		show	oecd	without	1349957130	Re: oecd woes	2119	34

19481	09T	to		much	too	cartel	1349957374	Re: oecd woes	2119	17

19485	09T	to		enrico	friday	early	1349895308	visweek	2120	18

19486	09T	from		not	sure	yet	1349896325	Re: visweek	2120	6

19553	09T	to		datavis	spent	waiting	1349957932	Datawrapper	2128	44

19548	09T	to		for	good	very	1349959653	Re: Datawrapper	2128	12

19549	09T	to		creating	obvious	challenges	1349970401	Re: Datawrapper	2128	54

19551	09T	to		chart	area	support	1349986447	Re: Datawrapper	2128	32

19552	09T	to		fix	bug	meaningful	1349991718	Re: Datawrapper	2128	62

19550	09T	to		burst	circulars	departed	1350029958	Re: Datawrapper	2128	308

19546	09T	to		yet	damm	eickedorfer	1350030117	Re: Datawrapper	2128	28

19545	09T	to		burst	circulars	departed	1350037079	Re: Datawrapper	2128	340

19547	09T	to		you	can	make	1351881132	Re: Datawrapper	2128	6

19593	09T	to		any	cartel	looking	1349985204	Visualization position at Google	2132	16

19592	09T	to		conclusion	posts	dream	1349986313	Re: Visualization position at Google	2132	57

19591	09T	to		does	sounds	saw	1349990684	Re: Visualization position at Google	2132	23

19590	09T	to		great	visualization	benjamin	1350023956	Re: Visualization position at Google	2132	21

20231	09T	to		esquem	etica	knowingly	1350632948	Thoughts on a PhD Research Project about Information Visualization & Design Activism	2254	304

20234	09T	to		interfaces	applied	experiments	1350633635	Best Papers that Evaluate Understandability of Visualizations	2255	108

20235	09T	to		enrico	visweek	subject	1350633935	Re: Best Papers that Evaluate Understandability of Visualizations	2255	21

20232	09T	to		applied	experiments	gain	1350636988	Re: Best Papers that Evaluate Understandability of Visualizations	2255	137

20237	09T	to		indeed	otherwise	limited	1350637434	Re: Best Papers that Evaluate Understandability of Visualizations	2255	25

20236	09T	from		rigorous	definition	hints	1350682268	Re: Best Papers that Evaluate Understandability of Visualizations	2255	113

20233	09T	to		museum	participants	becomes	1350696656	Re: Best Papers that Evaluate Understandability of Visualizations	2255	84

20239	09T	to		scenario	clearer	identified	1350853978	Re: Best Papers that Evaluate Understandability of Visualizations	2255	76

20238	09T	from		help	interested	useful	1350915670	Re: Best Papers that Evaluate Understandability of Visualizations	2255	33

20507	09T	to		catch	answers	approaches	1351029646	I'd love to include your approach in my next talk	2292	90

20508	09T	to		alle	rough	ore	1351058871	Re: I'd love to include your approach in my next talk	2292	132

20511	09T	to		alberto	attempts	pushing	1351059848	Re: I'd love to include your approach in my next talk	2292	167

20512	09T	to		quickly	hands	interview	1351062508	Re: I'd love to include your approach in my next talk	2292	69

20510	09T	to		concur	requirements	rewarding	1351066517	Re: I'd love to include your approach in my next talk	2292	294

20513	09T	to		reflected	satisfying	reformatting	1351070561	Re: I'd love to include your approach in my next talk	2292	533

20505	09T	to		therefore	presenting	incredible	1351079042	Re: I'd love to include your approach in my next talk	2292	85

20506	09T	to		pointer	loops	sheila	1351082304	Re: I'd love to include your approach in my next talk	2292	162

20514	09T	to		evening	appreciated	sending	1351100996	Re: I'd love to include your approach in my next talk	2292	46

20509	09T	to		tell	family	welcome	1351101514	Re: I'd love to include your approach in my next talk	2292	20

20550	09T	to		cold	colours	alternatives	1351076533	Alternative to RAG	2293	43

20861	09T	to		basis	hangout	nicely	1351518987	Mobster hangout	2314	74

20857	09T	to		all	good	might	1351524440	Re: Mobster hangout	2314	12

20862	09T	to		great			1351524728	Re: Mobster hangout	2314	1

20853	09T	to		there	like	try	1351548420	Re: Mobster hangout	2314	5

20860	09T	to		and	that	right	1351548762	Re: Mobster hangout	2314	4

20858	09T	to		the	have	all	1351550341	Re: Mobster hangout	2314	9

20859	09T	to		great	may	idea	1351581556	Re: Mobster hangout	2314	14

20855	09T	to		are	out	hanging	1351883005	Re: Mobster hangout	2314	3

20854	09T	to					1351552518	=?utf-8?B?UmU6IE1vYnN0ZXIgaGFuZ291dA==	2316	0

21009	09T	to		freelance	emails	tulp	1351690940	all aboard?	2325	29

21010	09T	to		office	beste	germany	1351691075	Re: all aboard?	2325	18

20851	09T	to		office	beste	germany	1351883433	Re: Mobster hangout	2340	17

20856	09T	to		friends	happen	often	1351903619	Re: Mobster hangout	2340	32

20852	09T	to		moritz	office	beste	1352105050	Re: Mobster hangout	2340	14

21238	09T	to		email	guys	didn	1351932347	Re: Moderator's spam report for data-visualization-cartel@googlegroups.com	2342	16

21239	09T	to		enrico	guys	jan	1351933068	Re: Moderator's spam report for data-visualization-cartel@googlegroups.com	2342	23

21237	09T	to		link	members	initial	1351933521	Re: Moderator's spam report for data-visualization-cartel@googlegroups.com	2342	36

21240	09T	to		normal	except	chat	1351934455	Re: Moderator's spam report for data-visualization-cartel@googlegroups.com	2342	27

21397	09T	to		enrico	jan	probably	1352191978	test mail for Stephanie	2357	26

21399	09T	to		off	grüße	she	1352192090	Re: test mail for Stephanie	2357	31

21398	09T	to		also	her		1352192284	Re: test mail for Stephanie	2357	2

21400	09T	to		stefaner	mobile	moritz	1352192320	Re: test mail for Stephanie	2357	12

21401	09T	from		always	she	taking	1352348054	Re: test mail for Stephanie	2357	29

21402	09T	to		everyone	conversation	missed	1352355261	Re: test mail for Stephanie	2357	18

21598	09T	to		and	much	head	1352356068	wow	2389	11

21600	09T	to		finally	comes	london	1352379156	Re: wow	2389	41

21601	09T	from		just	don	back	1352394827	Re: wow	2389	11

21599	09T	to		rain	voting	favourite	1352396054	Re: wow	2389	121

21597	09T	to		one	thanks	great	1352399198	Re: wow	2389	13

21731	09T	from		guys	seen	fun	1352494389	Data Stories Hangout	2399	27

21732	09T	to		great	idea	enrico	1352536444	Re: Data Stories Hangout	2399	13

21739	09T	to		coming	friends	worked	1352538373	Re: Data Stories Hangout	2399	38

21729	09T	to		hello	benjamin	day	1352660217	Re: Data Stories Hangout	2399	15

21734	09T	to		would	moritz	great	1352660329	Re: Data Stories Hangout	2399	13

21738	09T	to		back	working	day	1352661068	Re: Data Stories Hangout	2399	16

21735	09T	to		global	miss	giorno	1352662046	Re: Data Stories Hangout	2399	46

21730	09T	to		day	come	love	1352707205	Re: Data Stories Hangout	2399	22

21733	09T	to		hang	hangout	googlegroups	1352713192	Re: Data Stories Hangout	2399	58

21728	09T	to		grüße	tomorrow	info	1352725976	Re: Data Stories Hangout	2399	31

21737	09T	to		please	idea	here	1352757533	Re: Data Stories Hangout	2399	20

21740	09T	to		give	post	won	1352825796	Re: Data Stories Hangout	2399	22

21736	09T	to					1352826171	Re: Data Stories Hangout	2399	0

22078	09T	to		nutshell	till	increased	1352997099	cartel judges	2436	86

22080	09T	to		high	huge	quality	1352998501	Re: cartel judges	2436	32

22076	09T	to		anyway	fact	entry	1352998800	Re: cartel judges	2436	24

22082	09T	to		started	quality	hear	1353000055	Re: cartel judges	2436	32

22085	09T	to		even	those	gets	1353001482	Re: cartel judges	2436	18

22079	09T	from		the	love	foreign	1353001517	Re: cartel judges	2436	4

22087	09T	to		looked	mark	young	1353001861	Re: cartel judges	2436	33

22077	09T	to		around	viz	london	1353001980	Re: cartel judges	2436	15

22084	09T	from		piece	multiples	trends	1353011329	Re: cartel judges	2436	40

22083	09T	to					1353013471	Re: cartel judges	2436	0

22088	09T	to		still	paolo	imagine	1353013896	Re: cartel judges	2436	16

22086	09T	to		scope	phd	student	1353022152	Re: cartel judges	2436	32

22081	09T	to		brilliant	student	usual	1353022632	Re: cartel judges	2436	45

22075	09T	to		yes	around	reply	1353342021	Re: cartel judges	2436	16

22261	09T	to		hindsight	humoristic	leonardo	1353316101	Training course	2450	295

22262	09T	to		json	achieved	programmers	1353316787	Re: Training course	2450	187

22263	09T	to		range	scientific	disciplines	1353317639	Re: Training course	2450	29

22294	09T	to		wondering	near	attending	1353339790	meetup?	2455	75

22301	09T	to		that	not	really	1353341419	Re: meetup?	2455	11

22302	09T	to		and	you	see	1353341551	Re: meetup?	2455	11

22303	09T	to		data	will	come	1353341933	Re: meetup?	2455	9

22297	09T	to		anyone	tickets	receive	1353342142	Re: meetup?	2455	34

22292	09T	to		they	going	end	1353342396	Re: meetup?	2455	12

22299	09T	to		stef	weren	judges	1353345450	Re: meetup?	2455	70

22300	09T	to					1353346924	Re: meetup?	2455	0

22295	09T	to		things	way	yes	1353347206	Re: meetup?	2455	20

22293	09T	to		going	next	year	1353348573	Re: meetup?	2455	6

22296	09T	from		the	there	get	1353367568	Re: meetup?	2455	7

22298	09T	to		visualizer	quick	groet	1353395693	Re: meetup?	2455	49

22363	09T	to		scripts	server	stack	1353408346	Seeking a good developer	2460	60

22355	09T	to		what	about	jason	1353449721	Re: Seeking a good developer	2460	5

22359	09T	from		with	when	need	1353452771	Re: Seeking a good developer	2460	12

22357	09T	to		stefaner	mobile	phone	1353482930	Re: Seeking a good developer	2460	15

22361	09T	to		project	work	say	1353483814	Re: Seeking a good developer	2460	26

22353	09T	to		site	web	include	1353484548	Re: Seeking a good developer	2460	29

22358	09T	to		the	that	was	1353484908	Re: Seeking a good developer	2460	7

22362	09T	to		damm	eickedorfer	lilienthal	1353484955	Re: Seeking a good developer	2460	28

22360	09T	from		plan	writing	worked	1354118506	Re: Seeking a good developer	2460	50

22356	09T	to		him	his	interested	1354118974	Re: Seeking a good developer	2460	35

22354	09T	from		might	wrote	writing	1354127510	Re: Seeking a good developer	2460	42

22484	09T	from		department	professor	institute	1353511444	Decoration	2468	68

22478	09T	to		laptop	fans	mba	1353514111	Re: Decoration	2468	52

22479	09T	to		studio	wall	essential	1353514875	Re: Decoration	2468	80

22487	09T	to		cartel	might	post	1353515539	Re: Decoration	2468	25

22474	09T	to		five	direct	performance	1353516210	Re: Decoration	2468	26

22485	09T	to		you	that	then	1353517258	Re: Decoration	2468	7

22475	09T	to		jerome	days	dark	1353517641	Re: Decoration	2468	3

22473	09T	to		scratch	continent	decoration	1353520758	Re: Decoration	2468	75

22477	09T	to		the	and	would	1353521063	Re: Decoration	2468	10

22476	09T	to		giorno	scritto	lab	1353521312	Re: Decoration	2468	38

22483	09T	to		wall	aka	hanging	1353525151	Re: Decoration	2468	35

22481	09T	to		hipsters	legos	moustache	1353525215	Re: Decoration	2468	177

22486	09T	to		posters	decoration	atlas	1353571564	Re: Decoration	2468	56

22480	09T	to		your	current	location	1353571764	Re: Decoration	2468	5

22482	09T	to		maybe	cool	few	1353613590	Re: Decoration	2468	17

22488	09T	to		based	understand	once	1353963661	Re: Decoration	2468	31

22677	09T	to		grabs	refinement	unleash	1353711378	Jury service...	2480	193

22676	09T	to		entries	knew	criteria	1353711970	Re: Jury service...	2480	47

22673	09T	to		completely	outline	failed	1353712253	Re: Jury service...	2480	27

22674	09T	to		seen	hand	bad	1353912562	Re: Jury service...	2480	23

22675	09T	to		whole	bad	wow	1353926735	Re: Jury service...	2480	18

23066	09T	from		woo	deck	skeptical	1354301830	Help on teasing my students with vis examples	2507	109

23058	09T	to		appreciate	curious	feature	1354303233	Re: Help on teasing my students with vis examples	2507	53

23067	09T	from		appreciate	curious	feature	1354716858	Re: Help on teasing my students with vis examples	2507	60

23061	09T	to		vizmarathon	ten	codes	1354724241	Re: Help on teasing my students with vis examples	2507	73

23062	09T	from		hairball	preparing	genius	1354829087	Re: Help on teasing my students with vis examples	2507	161

23064	09T	from		preparing	genius	pinch	1355329840	Re: Help on teasing my students with vis examples	2507	183

23069	09T	to		for	your	would	1355331402	Re: Help on teasing my students with vis examples	2507	6

23065	09T	to		for	use	cartel	1355331495	Re: Help on teasing my students with vis examples	2507	5

23059	09T	to		lilienthal	skype	grüße	1355331540	Re: Help on teasing my students with vis examples	2507	25

23060	09T	from		the	how	could	1355331653	Re: Help on teasing my students with vis examples	2507	5

23063	09T	to		and	for	thanks	1355337756	Re: Help on teasing my students with vis examples	2507	9

23068	09T	from		jan	willem	tulp	1355375544	Re: Help on teasing my students with vis examples	2507	24

23280	09T	to		holiday	somebody	finishing	1354703763	Urgent D3 screen shot image required!	2516	60

23276	09T	to		this			1354704347	Re: Urgent D3 screen shot image required!	2516	1

23277	09T	to		over	down	everyone	1354704672	Re: Urgent D3 screen shot image required!	2516	8

23279	09T	to		that	like	new	1354709857	Re: Urgent D3 screen shot image required!	2516	6

23278	09T	to		more	cheers	last	1354717577	Re: Urgent D3 screen shot image required!	2516	6

23378	09T	to		groet	hartelijke	technology	1354801468	High resolution display	2524	52

23582	09T	to		sagmeister	solarbeat	stylistic	1355126691	Advice: the best physical/sensory data visualisations?	2533	251

23581	09T	to		sounds	mind	fun	1355130690	Re: Advice: the best physical/sensory data visualisations?	2533	38

23577	09T	to		projects	ones	completely	1355135708	Re: Advice: the best physical/sensory data visualisations?	2533	35

23579	09T	to		great	check	someone	1355135876	Re: Advice: the best physical/sensory data visualisations?	2533	18

23580	09T	to		off	research	books	1355136145	Re: Advice: the best physical/sensory data visualisations?	2533	36

23586	09T	from		computer	interview	research	1355284188	Re: Advice: the best physical/sensory data visualisations?	2533	57

23575	09T	to		that	for	thanks	1355304878	Re: Advice: the best physical/sensory data visualisations?	2533	7

23585	09T	to		healthier	idle	lift	1355396933	Re: Advice: the best physical/sensory data visualisations?	2533	150

23583	09T	to		chris	visualisations	emailed	1355397993	Re: Advice: the best physical/sensory data visualisations?	2533	61

23578	09T	to		sure	say	interesting	1355407711	Re: Advice: the best physical/sensory data visualisations?	2533	18

23584	09T	to		visualisation	art	ago	1355407899	Re: Advice: the best physical/sensory data visualisations?	2533	39

23576	09T	to		andrew	research	side	1355412077	Re: Advice: the best physical/sensory data visualisations?	2533	17

23704	09T	to		cons	overly	pros	1355232534	advice: go/no go	2551	64

23702	09T	to		china	engagements	figured	1355233252	Re: advice: go/no go	2551	68

23708	09T	to		occasions	presentations	lectures	1355241837	Re: advice: go/no go	2551	101

23698	09T	to		showcase	spoken	sorts	1355242561	Re: advice: go/no go	2551	89

23707	09T	to		everyone	speak	pay	1355256122	Re: advice: go/no go	2551	29

23699	09T	to		ripped	evil	soul	1355257583	Re: advice: go/no go	2551	239

23700	09T	to		question	code	enough	1355258036	Re: advice: go/no go	2551	14

23706	09T	to		lol	signal	accepting	1355260119	Re: advice: go/no go	2551	100

23701	09T	to					1355319971	Re: advice: go/no go	2551	0

23705	09T	to		spin	drove	triggered	1355326907	Re: advice: go/no go	2551	189

23709	09T	to		the	last	andy	1355327111	Re: advice: go/no go	2551	5

23710	09T	to		lilienthal	skype	off	1355327388	Re: advice: go/no go	2551	30

23697	09T	to		tulp	visualizer	happen	1355327506	Re: advice: go/no go	2551	58

23703	09T	to		rain	retreat	continued	1355327832	Re: advice: go/no go	2551	107

23820	09T	to		year	twitter	google	1355329538	sign of the times	2561	17

23818	09T	to		the	just	doing	1355329689	Re: sign of the times	2561	5

23819	09T	to		place	better	stuff	1355332608	Re: sign of the times	2561	13

23825	09T	from		cool	guys	started	1355330815	Inviting Jen Lowe to the Cartel?	2562	32

23826	09T	to		jen	york	consider	1355331158	Re: Inviting Jen Lowe to the Cartel?	2562	29

23838	09T	to		ago	material	join	1355331482	Re: Inviting Jen Lowe to the Cartel?	2562	44

23823	09T	to		decide	criteria	citizen	1355331660	Re: Inviting Jen Lowe to the Cartel?	2562	44

23833	09T	to		gentlemen	ladies	primary	1355331805	Re: Inviting Jen Lowe to the Cartel?	2562	84

23845	09T	to		zone	apply	american	1355339895	Re: Inviting Jen Lowe to the Cartel?	2562	37

23840	09T	to		jen	either	thoughts	1355341745	Re: Inviting Jen Lowe to the Cartel?	2562	30

23837	09T	to		well	fine	andrew	1355342377	Re: Inviting Jen Lowe to the Cartel?	2562	15

23834	09T	to		expansion	posing	golden	1355342396	Re: Inviting Jen Lowe to the Cartel?	2562	119

23843	09T	from		golden	broader	creep	1355342883	Re: Inviting Jen Lowe to the Cartel?	2562	197

23842	09T	from		posing	golden	broader	1355343110	Re: Inviting Jen Lowe to the Cartel?	2562	200

23831	09T	to		definitely	single	addition	1355343161	Re: Inviting Jen Lowe to the Cartel?	2562	54

23824	09T	to		bullet	rainy	dedication	1355343181	Re: Inviting Jen Lowe to the Cartel?	2562	52

23836	09T	to		organize	confirm	berlin	1355343545	Re: Inviting Jen Lowe to the Cartel?	2562	61

23841	09T	to		dataviz	secret	diagrams	1355344754	Re: Inviting Jen Lowe to the Cartel?	2562	24

23851	09T	to		members	feeling	center	1355354307	Re: Inviting Jen Lowe to the Cartel?	2562	34

23832	09T	to		physical	managed	imo	1355356423	Re: Inviting Jen Lowe to the Cartel?	2562	129

23844	09T	from		necessarily	unlikely	particularly	1355374451	Re: Inviting Jen Lowe to the Cartel?	2562	110

23839	09T	to		lately	amsterdam	bird	1355385414	Re: Inviting Jen Lowe to the Cartel?	2562	137

23849	09T	to		bird	stated	definite	1355388597	Re: Inviting Jen Lowe to the Cartel?	2562	256

23830	09T	to		reading	couldn	decide	1355422243	Re: Inviting Jen Lowe to the Cartel?	2562	37

23828	09T	from		the	message	future	1355422596	Re: Inviting Jen Lowe to the Cartel?	2562	6

23850	09T	to		well	santiago	played	1355423770	Re: Inviting Jen Lowe to the Cartel?	2562	3

23829	09T	to		for	email	check	1355424219	Re: Inviting Jen Lowe to the Cartel?	2562	11

23846	09T	to		support	ways	messages	1355434517	Re: Inviting Jen Lowe to the Cartel?	2562	14

23848	09T	to		cartel	thing	remember	1355435525	Re: Inviting Jen Lowe to the Cartel?	2562	17

23827	09T	to		the	and	please	1355435794	Re: Inviting Jen Lowe to the Cartel?	2562	11

23835	09T	from		andy	him	kirk	1355438612	Re: Inviting Jen Lowe to the Cartel?	2562	22

23847	09T	to		and	lady	gaga	1355442077	Re: Inviting Jen Lowe to the Cartel?	2562	3

23993	09T	to		approvals	clubs	nerd	1355502103	Memberships and such	2572	184

23989	09T	to		yes	points	jen	1355502314	Re: Memberships and such	2572	22

23985	09T	to		damm	eickedorfer	lilienthal	1355502382	Re: Memberships and such	2572	28

23981	09T	to		suggested	joins	afaik	1355502418	Re: Memberships and such	2572	64

23994	09T	from		clubs	nerd	quirky	1355504066	Re: Memberships and such	2572	260

23991	09T	to		models	correspondent	organizations	1355512349	Re: Memberships and such	2572	119

23983	09T	to		lost	arise	whilst	1355522802	Re: Memberships and such	2572	87

23984	09T	to		reminder			1355605127	Re: Memberships and such	2572	1

23997	09T	to		this	was	time	1355605774	Re: Memberships and such	2572	12

23988	09T	to		office	moritz	beste	1355607511	Re: Memberships and such	2572	17

23982	09T	from		the	you	done	1355754246	Re: Memberships and such	2572	8

23987	09T	to		done			1355765100	Re: Memberships and such	2572	1

23995	09T	from		guys	wrote	jan	1355804160	Re: Memberships and such	2572	19

23996	09T	from		fill	participation	doodle	1355804718	Re: Memberships and such	2572	62

23986	09T	to		terms	unfortunately	seattle	1355817809	Re: Memberships and such	2572	32

23990	09T	to		screen	bertini	fill	1355818515	Re: Memberships and such	2572	44

23992	09T	to		done			1355819420	Re: Memberships and such	2572	1

24074	09T	to		little	anything	guess	1355604750	cartel correspondance	2580	23

24064	09T	to		like	how	great	1355606221	Re: cartel correspondance	2580	13

24075	09T	to		click	members	messages	1355606419	Re: cartel correspondance	2580	16

24073	09T	to		thought	name	messages	1355606831	Re: cartel correspondance	2580	27

24066	09T	to		nice	each	list	1355607207	Re: cartel correspondance	2580	24

24070	09T	to		view	cool	used	1355661993	Re: cartel correspondance	2580	26

24067	09T	to		straight	contents	conversations	1355685941	Re: cartel correspondance	2580	79

24071	09T	to		structure	coding	linear	1355685950	Re: cartel correspondance	2580	41

24068	09T	to		inner	chattiest	tweaking	1355706598	Re: cartel correspondance	2580	170

24072	09T	to		only	end	most	1355762488	Re: cartel correspondance	2580	16

24065	09T	to		into	hey	move	1355762682	Re: cartel correspondance	2580	14

24069	09T	to		challenge	across	considering	1355763216	Re: cartel correspondance	2580	33

24076	09T	from		left	emails	behind	1355776278	Re: cartel correspondance	2580	19

24167	09T	to		wait	buy	copy	1355756660	Don't buy my book	2587	27

24168	09T	from		woo			1355803600	Re: Don't buy my book	2587	2

24201	09T	to		participant	illustrator	unlike	1355778499	Workshop at Politecnico	2590	172

24197	09T	to		sounds	did	worked	1355779088	Re: Workshop at Politecnico	2590	23

24194	09T	to		comparison	frame	uploaded	1355779342	Re: Workshop at Politecnico	2590	75

24198	09T	to		all	one	just	1355779468	Re: Workshop at Politecnico	2590	14

24200	09T	to		really	super	night	1355780242	Re: Workshop at Politecnico	2590	13

24199	09T	to		stuff	beste	days	1355782455	Re: Workshop at Politecnico	2590	26

24196	09T	to		beverage	byzantine	compulsion	1355856639	Re: Workshop at Politecnico	2590	393

24193	09T	to		interesting	being	especially	1355857036	Re: Workshop at Politecnico	2590	22

24195	09T	to		trapped	assertive	beverage	1355857728	Re: Workshop at Politecnico	2590	420

24223	09T	to		collaboration	contribute	february	1355786599	places and spaces cfs	2595	78

24225	09T	to		version	map	using	1355793605	Re: places and spaces cfs	2595	14

24219	09T	to		contribution	dates	usually	1355868195	Re: places and spaces cfs	2595	40

24220	09T	to		happy	help		1355869132	Re: places and spaces cfs	2595	2

24224	09T	to		going	though	even	1355869226	Re: places and spaces cfs	2595	21

24221	09T	to		fun	places	santiago	1355904485	Re: places and spaces cfs	2595	34

24222	09T	to		that	good	idea	1355916866	Re: places and spaces cfs	2595	3

24280	09T	to		tulp	attend	visualizer	1355819523	SEE+?	2598	35

24273	09T	to		opportunity	suggestions	obvious	1355819611	Re: SEE+?	2598	45

24264	09T	to		that	was	what	1355819661	Re: SEE+?	2598	4

24267	09T	to		away	eyeo	ticket	1355820653	Re: SEE+?	2598	32

24265	09T	to		happen	expect	excited	1355821294	Re: SEE+?	2598	42

24277	09T	to		damm	eickedorfer	lilienthal	1355821392	Re: SEE+?	2598	20

24262	09T	to		office	moritz	beste	1355821403	Re: SEE+?	2598	16

24270	09T	to		moritz	thanks		1355821458	Re: SEE+?	2598	2

24279	09T	to		best	great	jan	1355821495	Re: SEE+?	2598	6

24269	09T	to		thanks			1355821553	Re: SEE+?	2598	1

24263	09T	to		tulp	news	team	1355821632	Re: SEE+?	2598	5

24260	09T	to		thanks	andy		1355821761	Re: SEE+?	2598	2

24274	09T	to		like	really	how	1355821975	Re: SEE+?	2598	13

24259	09T	to		that	right	haha	1355822054	Re: SEE+?	2598	3

24266	09T	from		quite	already	folks	1355831778	Re: SEE+?	2598	18

24268	09T	to		thanks	enrico		1355832242	Re: SEE+?	2598	2

24261	09T	to		googlegroups	oggetto	risposta	1355833227	Re: SEE+?	2598	60

24271	09T	to		thanks	paolo		1355833268	Re: SEE+?	2598	2

24276	09T	to		this	time	great	1355843505	Re: SEE+?	2598	6

24278	09T	to		you	will	thank	1355844919	Re: SEE+?	2598	3

24275	09T	to		suggestions	family	present	1355912436	Re: SEE+?	2598	72

24272	09T	to		also	see	thanks	1355913247	Re: SEE+?	2598	4

24351	09T	to		creative	box	dots	1355871234	creative approaches to maps	2607	55

24337	09T	to		beste	set	makes	1355904955	Re: creative approaches to maps	2607	28

24332	09T	to		whether	complete	yesterday	1355906708	Re: creative approaches to maps	2607	40

24331	09T	to		downloaded	workers	hague	1355907885	Re: creative approaches to maps	2607	200

24350	09T	to		scaled	binning	simplest	1355909424	Re: creative approaches to maps	2607	110

24352	09T	to		thanks	sure	does	1355912124	Re: creative approaches to maps	2607	3

24339	09T	to		dot	clusters	popping	1355914737	Re: creative approaches to maps	2607	71

24334	09T	to		what	kind	map	1355917147	Re: creative approaches to maps	2607	12

24335	09T	to		stefaner	office	moritz	1355917361	Re: creative approaches to maps	2607	18

24336	09T	to		example	three	similar	1355917912	Re: creative approaches to maps	2607	38

24342	09T	to		the	for	map	1355918151	Re: creative approaches to maps	2607	9

24353	09T	to		#N/A	#N/A	#N/A	1355920229	Re: creative approaches to maps	2608	#N/A

24340	09T	to		exist	regions	algorithm	1355921674	Re: creative approaches to maps	2609	28

24349	09T	to		incredibly	lat	quarter	1355923696	Re: creative approaches to maps	2609	137

24327	09T	to		epoint	evenâ	FALSE	1355925607	Re: creative approaches to maps	2609	197

24328	09T	to		manually	reuse	segments	1355926200	Re: creative approaches to maps	2609	73

24348	09T	to		accelerates	deformations	interiority	1355930033	Re: creative approaches to maps	2609	152

24345	09T	to		tests	log	tree	1355931877	Re: creative approaches to maps	2609	46

24347	09T	to		polygon	boundaries	combined	1355935769	Re: creative approaches to maps	2609	81

24329	09T	to		you	have	now	1355950508	Re: creative approaches to maps	2609	10

24343	09T	to		collection	collect	incredible	1355958429	Re: creative approaches to maps	2609	41

24326	09T	to		yours	board	moved	1355959193	Re: creative approaches to maps	2609	44

24341	09T	to		already	perhaps	adding	1355961334	Re: creative approaches to maps	2609	24

24338	09T	to		the	from	some	1355988303	Re: creative approaches to maps	2609	8

24346	09T	to		eickedorfer	lilienthal	skype	1355988493	Re: creative approaches to maps	2609	31

24344	09T	to		the	for	data	1355927674	Re: creative approaches to maps	2610	10

24330	09T	to		great	right	end	1356002086	Re: creative approaches to maps	2611	14

24333	09T	to		inviato	surfaces	[category	1356075714	Re: creative approaches to maps	2612	95

t291	09T	to	mention	the	too	many	1326501921		t80	9

t169	09T	to	mention	filwd	camoesjo	1	1326760515		t93	8

t293	09T	to	mention	really	work	value	1326934024		t102	2

t292	09T	to	mention	answer	filwd	whatever	1326931942		t105	3

t1423	09T	to	mention	data	moritz	visualization	1329356302		t195	13

t15	09T	to	mention	site	entry	visit	1330390687		t255	10

t288	09T	to	mention	filwd	answering	email	1331170788		t314	18

t840	09T	to	mention	moritz	visualisingdata	definitely	1331856157		t390	13

t301	09T	to	mention	back	wow	filwd	1333242753		t499	15

t898	09T	to	mention	moritz	stefaner	visualisingdata	1334365627		t592	19

t1424	09T	to	mention	thanks	http	better	1335402389		t682	15

t290	09T	to	mention	for	congrats	filwd	1337649198		t861	19

t1387	09T	to	mention	filwd	june	discovered	1337736074		t869	15

t287	09T	to	mention	the	would	actually	1338340458		t931	5

t300	09T	to	mention	the	were	even	1338336434		t934	8

t289	09T	to	mention	best	should	give	1338426074		t957	5

t65	09T	to	mention	though	twitter	his	1338426314		t958	7

t286	09T	to	mention	filwd			1338770096		t976	3

t1426	09T	to	mention	come	visweek	friends	1338857122		t977	15

t298	09T	to	mention	because	same	name	1339720338		t1059	0

t294	09T	to	mention	filwd	watch	this	1339720447		t1060	5

t717	09T	to	mention	for	sure	moebio	1339720481		t1061	11

t1425	09T	to	mention	visualization	new	http	1339807924		t1081	7

t961	09T	to	mention	good	end	hope	1339808055		t1082	22

t1421	09T	to	mention	the	and	krees	1341537922		t1312	14

t297	09T	to	mention	you	are	what	1341619871		t1353	8

t299	09T	to	mention	you	are	which	1342917277		t1479	6

t478	09T	from	mention	and	jcukier	http	1342920435		t1479	15

t1422	09T	to	mention	filwd	moved	brain	1347410711		t1689	12

t295	09T	to	mention	cartel	filwd		1347584418		t1704	6

t396	09T	from	mention	très	bon	jcukier	1347584602		t1704	15

t390	09T	from	mention	jcukier	too	today	1350259776		t1832	3

t979	09T	to	mention	the	for	congrats	1350521024		t1874	14

t296	09T	from	mention	next	filwd	outside	1350609172		t1930	16

t1641	09T	from	mention	end	got	visweek	1351038839		t2003	15

t1228	09T	from	mention	kirk	datastories	haha	1351040388		t2004	9

t1022	09T	to	mention	the	http	job	1351819593		t2021	17

t881	09T	from	mention	hope	pretty	wiederkehr	1352854416		t2096	7

t749	09T	to	mention	guys	twitter	look	1352854461		t2096	18

t750	09T	from	mention	benjamin	only	sure	1352854525		t2096	10

t43	09T	from	mention	you	jcukier	wiederkehr	1352854507		t2096	16

t751	09T	from	mention	moritz	other	stefaner	1352854623		t2096	9

t42	09T	from	mention	moritz	stefaner	jcukier	1352854698		t2096	14

t878	09T	from	mention	maybe	keep	wiederkehr	1352854792		t2096	2

t900	09T	from	mention	moritz	stefaner	jcukier	1352854709		t2097	13

t700	09T	from	mention	jcukier	wiederkehr	moebio	1352854766		t2097	11

t698	09T	to	mention	the	moritz	stefaner	1352854979		t2097	14

t411	09T	from	mention	your	jcukier	feel	1352855081		t2097	9

t743	09T	from	mention	moritz	want	stefaner	1352855163		t2097	14

t745	09T	to	mention	moritz	stefaner	wiederkehr	1352855208		t2097	12

t900	09T	from	mention	moritz	stefaner	jcukier	1352854709		t2098	13

t933	09T	to	dm	jeff	yet	asked	1338857257		dm37	5

