message	correspondent	direction	tweet	word1	word2	word3	time	subject	thread	length

771	1M5	to		kolojejchick	masterfully	matured	1326289306	visweek + business	81	1056

770	1M5	from		javascripty	practitionersâ	pricetag	1327098446	Re: visweek + business	81	808

782	1M5	to		igmihroaxm			1330097501	RE: visweek + business	81	1

776	1M5	from		takeaways	wannabe	afrom	1330100658	Re: visweek + business	81	1118

774	1M5	to		afford	breaks	invisible	1330104372	Re: visweek + business	81	194

781	1M5	from		request	organize	doubt	1332335883	Re: visweek + business	81	64

777	1M5	to		coincidence	wickham	considerable	1332336597	Re: visweek + business	81	125

783	1M5	from		industrial	grubbs	invitees	1332336766	Re: visweek + business	81	102

779	1M5	to		following	house	invited	1332338492	Re: visweek + business	81	63

768	1M5	from		cindustry	ajer	apossibly	1332340167	Re: visweek + business	81	812

780	1M5	to		leads	unrelated	concerned	1334331421	Re: visweek + business	81	85

785	1M5	from		fridays	partly	rewarding	1334332223	Re: visweek + business	81	324

772	1M5	to		iglzighligdhnpzgu			1334354696	RE: visweek + business	81	1

775	1M5	from		reputation	tends	mainly	1334501097	Re: visweek + business	81	126

784	1M5	to		glamorous	mill	verge	1334503090	Re: visweek + business	81	332

4227	1M5	to		often	tweet	account	1330366315	i don't understand why...	456	25

4226	1M5	from		why	change	using	1330396887	Re: i don't understand why...	456	25

4228	1M5	to		participating	resubmit	suspected	1330414374	Re: i don't understand why...	456	111

4225	1M5	from		infobeautifulawards	pepple	protected	1330447944	Re: i don't understand why...	456	267

4229	1M5	to		cannot	honestly	winning	1330455428	Re: i don't understand why...	456	64

4998	1M5	from		ads	boston	dissemination	1331226404	vis consulting list idea	535	126

4997	1M5	to		helpful	themselves	visualizers	1331226708	Re: vis consulting list idea	535	41

5873	1M5	to		sure	left	why	1332346677	Re: Lynn Cherny (@arnicas) replied to one of your Tweets!	624	21

9371	1M5	from		soviet	abulgaria	achildhood	1337019607	OECD data question?	1005	121

9369	1M5	to		stay	wish	approached	1337091804	Re: OECD data question?	1005	56

9370	1M5	from		enrollment	neutrality	russia	1337092696	Re: OECD data question?	1005	227

9372	1M5	to		formal	insightful	pockets	1337099546	Re: OECD data question?	1005	182

9368	1M5	from		mailing	entire	cuz	1337102575	Re: OECD data question?	1005	96

9930	1M5	from		cookbook	passive	editors	1337786540	Maybe we SHOULD do a group d3 book?	1075	170

9923	1M5	to		intermediate	posts	collaborating	1337788431	Re: Maybe we SHOULD do a group d3 book?	1075	78

9919	1M5	to		callback	closure	contributing	1337798115	Re: Maybe we SHOULD do a group d3 book?	1075	429

9928	1M5	from		torn	aperhaps	gem	1337799856	Re: Maybe we SHOULD do a group d3 book?	1075	774

9931	1M5	to		exciting	absolute	advanced	1337805623	Re: Maybe we SHOULD do a group d3 book?	1075	97

9922	1M5	from		smith	annotatable	django	1337959447	Re: Maybe we SHOULD do a group d3 book?	1075	1045

9929	1M5	to		publisher	reilly	beginners	1337959825	Re: Maybe we SHOULD do a group d3 book?	1075	81

9925	1M5	from		gather	yau	contacted	1340657786	Re: Maybe we SHOULD do a group d3 book?	1075	75

9914	1M5	to		drawing	container	height	1340659209	Re: Maybe we SHOULD do a group d3 book?	1075	110

9933	1M5	from		aor	awell	modifying	1340659493	Re: Maybe we SHOULD do a group d3 book?	1075	280

9924	1M5	to		element	anymore	structures	1340659809	Re: Maybe we SHOULD do a group d3 book?	1075	45

9916	1M5	from		blanchette	huzzah	meghan	1340660317	Re: Maybe we SHOULD do a group d3 book?	1075	718

9920	1M5	to		otherwise	behind	beautiful	1340742289	Re: Maybe we SHOULD do a group d3 book?	1075	51

9934	1M5	from		smith	aand	saved	1340742593	Re: Maybe we SHOULD do a group d3 book?	1075	179

10424	1M5	from		mortals	dating	mere	1338343399	Re: VisWeek industry involvement	1131	155

10433	1M5	to		bxm	igkdqpeywzwwncgklst	imkgssbk	1338343705	RE: VisWeek industry involvement	1131	4

10425	1M5	from		theirs	aback	ahugs	1338381881	Re: VisWeek industry involvement	1131	167

10423	1M5	from		use	vis	talk	1338383705	Re: VisWeek industry involvement	1131	25

10427	1M5	to		scientists	boy	exposure	1338384294	Re: VisWeek industry involvement	1131	91

10421	1M5	from		algorithms	boutique	consultants	1338382189	Re: VisWeek industry involvement	1134	64

10419	1M5	to		good	see	thing	1338382487	Re: VisWeek industry involvement	1134	15

10432	1M5	from		police	aand	aeven	1338383238	Re: VisWeek industry involvement	1134	95

10420	1M5	to		bxvzkgchjvdmlkzxi			1338429405	[Tools] RE: VisWeek industry involvement	1150	1

10428	1M5	to		[sp	etl	fiat	1338430006	[Strata] RE: VisWeek industry involvement	1151	270

10727	1M5	to		transféré	edu	stanford	1338746394	Fwd: D3 Tutorial at VisWeek	1171	66

10726	1M5	from		great	idea	event	1338746523	Re: Fwd: D3 Tutorial at VisWeek	1171	14

10752	1M5	to		together	jeff	tutorials	1338798558	saw the tweet	1172	25

10753	1M5	from		asked	told	sometimes	1338809538	Re: saw the tweet	1172	25

14083	1M5	to		weather	degrees	coincidence	1342648284	so i'm in the us	1522	78

14084	1M5	from		love	off	meet	1342648575	Re: so i'm in the us	1522	37

14081	1M5	to		the	what	way	1342648838	Re: so i'm in the us	1522	8

14082	1M5	from		sensible	boston	comfort	1342649219	Re: so i'm in the us	1522	118

14085	1M5	to		map	years	between	1342649631	Re: so i'm in the us	1522	21

14122	1M5	from		room	ticket	alynn	1342699770	so? nyc	1526	45

14123	1M5	to		services	spend	hotel	1342705483	Re: so? nyc	1526	33

14120	1M5	from		grid	starbucks	thu	1342706281	Re: so? nyc	1526	139

14121	1M5	to		downtown	phones	spots	1342714816	Re: so? nyc	1526	101

14223	1M5	to		earliest	bus	sleep	1342748259	ny trip	1553	83

14224	1M5	from		ride	drinking	trains	1342748498	Re: ny trip	1553	152

14274	1M5	to		cosy	rip	bona	1342796349	tickets bought to NYC	1560	76

14276	1M5	from		asent	alynn	destination	1342800651	Re: tickets bought to NYC	1564	26

14275	1M5	from		mail	phone	yahoo	1342807789	Re: tickets bought to NYC	1568	12

14361	1M5	to		object	send	soon	1342871537	On the bus	1575	25

14356	1M5	from		yahoo	research	side	1342877269	Re: On the bus	1576	18

14358	1M5	from		shirt	green	android	1342878311	Re: On the bus	1577	35

14366	1M5	from		yahoo	asent	restaurant	1342882698	Re: On the bus	1579	30

14362	1M5	from		from	mail	yahoo	1342882888	Re: On the bus	1580	8

14357	1M5	from		mail	table	yahoo	1342888344	Re: On the bus	1584	13

14364	1M5	from		can	from	make	1342927777	Re: On the bus	1587	8

14404	1M5	to		from	some	sent	1342969974		1589	5

14409	1M5	to		dead	security	shortly	1343001183		1590	60

14410	1M5	from		ait	yahoo	late	1343003232	Re: 	1591	29

15597	1M5	to		post	possibly	answer	1344606962	how can Tufte afford his gallery	1746	29

15596	1M5	from		expensive	press	reviews	1344607491	Re: how can Tufte afford his gallery	1746	45

15595	1M5	to		expensive	compelling	tufte	1344617545	Re: how can Tufte afford his gallery	1746	73

15806	1M5	from		weber	weiskopf	westermann	1345037586	Re: VisWeek: Industry Material	1760	816

15805	1M5	to		idst	ienigjl		1345056586	RE: VisWeek: Industry Material	1760	2

17756	1M5	to		write	python	near	1347635760	unrelated	1932	64

17757	1M5	from		ide	install	libs	1347636477	Re: unrelated	1932	106

17968	1M5	to		attend	contest	prize	1347916845	yay me	1976	27

17969	1M5	from		lynn	ipad	bad	1347982779	Re: yay me	1976	19

20405	1M5	from		under	amount	alynn	1350912259	GOT map vis?	2282	31

20402	1M5	to		since	map	lynn	1350936751	Re: GOT map vis?	2282	24

20407	1M5	from		acheers	cuz	keynote	1350937303	Re: GOT map vis?	2282	99

20404	1M5	to					1350943167	Re: GOT map vis?	2282	0

20403	1M5	from		slide	lynn	cherny	1350962079	Re: GOT map vis?	2282	142

20400	1M5	to		your	like	when	1350973987	Re: GOT map vis?	2282	11

20406	1M5	from		cherny	acheers	blast	1351019946	Re: GOT map vis?	2282	123

20401	1M5	to		they	many	may	1351020754	Re: GOT map vis?	2282	15

t84	1M5	to	mention	you	but	think	1325894595		t36	9

t351	1M5	to	mention	top	arnicas	makes	1326415282		t64	17

t350	1M5	to	mention	arnicas	potential	jasondavies	1326415361		t65	11

t69	1M5	to	mention	thinking	keep	arnicas	1326414194		t70	17

t67	1M5	to	mention	kind	arnicas	network	1326414239		t71	12

t70	1M5	to	mention	towards	jasondavies	nodes	1326414674		t72	5

t104	1M5	to	mention	looking	forward	arnicas	1330391399		t258	15

t88	1M5	to	mention	thanks	arnicas		1334883156		t623	19

t95	1M5	to	mention	make	use	same	1334880134		t628	17

t111	1M5	to	mention	can	there	stuff	1334882647		t632	7

t74	1M5	to	mention	arnicas	datatelling	build	1334971875		t638	8

t75	1M5	to	mention	let	didn	happy	1334972119		t639	14

t98	1M5	to	mention	the	can	arnicas	1335139589		t657	6

t115	1M5	to	mention	code	change	anything	1335140223		t665	18

t862	1M5	to	mention	made	arnicas	easy	1335140478		t666	13

t108	1M5	to	mention	next	year	arnicas	1335576865		t698	3

t113	1M5	to	mention	more	now	well	1335571844		t699	19

t119	1M5	to	mention	you	this	are	1336007696		t736	17

t85	1M5	to	mention	now	also	subject	1336095397		t739	16

t109	1M5	to	mention	thanks	lynn	arnicas	1336438961		t774	19

t82	1M5	to	mention	happy	kind	arnicas	1337734679		t873	16

t45	1M5	to	mention	the	just	when	1337735156		t880	17

t117	1M5	to	mention	will	time	know	1337735493		t881	7

t679	1M5	to	mention	book	arnicas	alignedleft	1337731436		t882	22

t61	1M5	to	mention	who	guys	interested	1337821624		t889	9

t197	1M5	to	mention	part	each	arnicas	1337822208		t892	15

t196	1M5	to	mention	arnicas	material	currently	1337822171		t893	17

t326	1M5	to	mention	before	bit	wanted	1338253481		t916	16

t811	1M5	to	mention	day	anything	arnicas	1338255547		t917	19

t110	1M5	to	mention	that	not	good	1338425981		t955	19

t65	1M5	to	mention	though	twitter	his	1338426314		t958	7

t62	1M5	to	mention	there	was	one	1339288518		t1033	3

t78	1M5	to	mention	moritz	stefaner	arnicas	1339286981		t1034	8

t1114	1M5	to	mention	after	being	feel	1339805883		t1086	19

t87	1M5	to	mention	and	you	this	1339806401		t1087	15

t92	1M5	to	mention	that	time	good	1339806675		t1088	14

t116	1M5	to	mention	going	arnicas	mean	1339979181		t1098	14

t97	1M5	to	mention	know	arnicas	weird	1339980007		t1101	11

t76	1M5	to	mention	that	are	sure	1340065803		t1122	13

t206	1M5	to	mention	tell	arnicas	her	1341016417		t1225	17

t660	1M5	to	mention	through	post	blog	1341187874		t1241	13

t661	1M5	to	mention	time	let	find	1341188808		t1242	15

t77	1M5	to	mention	everything	blog	arnicas	1341187552		t1244	15

t81	1M5	to	mention	thanks	guys	visualisingdata	1341448638		t1280	17

t99	1M5	to	mention	you	love	arnicas	1341448732		t1281	4

t102	1M5	to	mention	can	sure	love	1341450247		t1298	17

t90	1M5	to	mention	haven	either	arnicas	1341450378		t1299	9

t118	1M5	to	mention	you	look	always	1341535684		t1307	13

t103	1M5	to	mention	http	pretty	read	1341622173		t1355	12

t136	1M5	from	mention	this	with	are	1342657477		t1450	12

t1029	1M5	to	mention	are	any	jcukier	1342657518		t1450	8

t469	1M5	from	mention	the	was	one	1342657589		t1450	3

t781	1M5	to	mention	this	with	data	1342657645		t1450	16

t381	1M5	from	mention	should	let	jcukier	1342659104		t1450	8

t779	1M5	from	mention	that	then	jcukier	1342659127		t1450	8

t829	1M5	from	mention	maybe	folks	thinking	1342657575		t1451	18

t1293	1M5	from	mention	jcukier	into	may	1342658032		t1452	11

t73	1M5	from	mention	there	know	get	1342658774		t1452	12

t770	1M5	from	mention	would	jcukier	love	1342658838		t1452	9

t548	1M5	from	mention	for	jcukier	nyc	1342743363		t1456	8

t105	1M5	to	mention	yes	asked	arnicas	1342743622		t1456	17

t449	1M5	from	mention	for	but	was	1342743716		t1456	14

t101	1M5	to	mention	for	arnicas	took	1342743739		t1456	15

t379	1M5	from	mention	are	jcukier	arnicas	1342743892		t1456	13

t768	1M5	from	mention	place	guys	meet	1342743981		t1456	14

t767	1M5	to	mention	you	but	get	1342746742		t1456	11

t380	1M5	from	mention	jcukier	get	still	1342742958		t1456	14

t1597	1M5	from	mention	place	still	vis	1342746712		t1464	8

t771	1M5	from	mention	east	mslima	nbrgraphs	1342747519		t1465	5

t80	1M5	from	mention	since	arnicas	less	1342831281		t1465	13

t766	1M5	to	mention	reason	choose	shouldn	1342831885		t1465	14

t421	1M5	from	mention	nice	arnicas	mslima	1342829084		t1465	6

t778	1M5	from	mention	say	saturday	mslima	1342831762		t1465	3

t79	1M5	from	mention	there	will	jcukier	1342831957		t1465	14

t420	1M5	from	mention	guys	sorry	weekend	1342918574		t1465	11

t1589	1M5	from	mention	jcukier	sounds	arnicas	1342833101		t1473	13

t1673	1M5	from	mention	thanks	jcukier	vis	1343003235		t1482	15

t780	1M5	to	mention	out	great	arnicas	1343003317		t1482	6

t422	1M5	from	mention	all	see	jcukier	1343006159		t1482	10

t1611	1M5	from	mention	twitter	vis	interesting	1343002567		t1485	15

t480	1M5	from	mention	you	have	all	1343090354		t1490	12

t106	1M5	from	mention	today	arnicas	found	1343091975		t1490	7

t769	1M5	from	mention	just	more	jcukier	1343092739		t1490	5

t163	1M5	from	mention	you	this	know	1343092807		t1491	11

t696	1M5	from	mention	meet	tomorrow	nyc	1343092818		t1492	9

t519	1M5	from	mention	jcukier	please	take	1343093771		t1496	2

t210	1M5	to	mention	were	said	jen	1343091311		t1499	6

t377	1M5	from	mention	you	jcukier	too	1343092683		t1499	8

t387	1M5	from	mention	some	had	jcukier	1343177403		t1499	15

t231	1M5	from	mention	know	else	weekend	1343091435		t1500	15

t494	1M5	from	mention	other	jcukier	too	1344038905		t1555	7

t64	1M5	to	mention	you	that	thanks	1344041924		t1557	9

t457	1M5	from	mention	you	jcukier	did	1344472623		t1567	9

t89	1M5	to	mention	made	case	arnicas	1344472803		t1567	11

t448	1M5	from	mention	and	are	good	1344472949		t1567	10

t495	1M5	from	mention	you	have	was	1344473021		t1567	9

t107	1M5	to	mention	never	hard	arnicas	1344473256		t1567	15

t482	1M5	from	mention	from	just	know	1344473283		t1567	5

t438	1M5	from	mention	that	but	jcukier	1346806339		t1644	7

t100	1M5	to	mention	after	actually	met	1346806616		t1644	8

t375	1M5	from	mention	jcukier	arnicas	others	1346807373		t1644	5

t1347	1M5	to	mention	you	for	this	1346805723		t1645	11

t1644	1M5	from	mention	this	thanks	jcukier	1346807013		t1650	15

t910	1M5	from	mention	bubble	datavis	mbostock	1347063911		t1678	2

t496	1M5	from	mention	you	for	jerome	1347668812		t1707	11

t114	1M5	to	mention	the	you	this	1347668872		t1707	15

t558	1M5	from	mention	and	but	now	1347668876		t1707	18

t1598	1M5	from	mention	book	please	vis	1349227356		t1779	10

t534	1M5	from	mention	the	but	can	1349397325		t1794	7

t94	1M5	to	mention	get	into	used	1349400217		t1794	2

t47	1M5	from	mention	workshop	alignedleft	strata	1349655359		t1815	6

t55	1M5	to	mention	you	would	interested	1349655974		t1815	3

t366	1M5	from	mention	that	would	great	1349657175		t1815	4

t371	1M5	from	mention	well	should	jcukier	1349659998		t1815	15

t376	1M5	from	mention	our	already	arnicas	1349660245		t1815	10

t86	1M5	from	mention	the	and	for	1349660208		t1815	4

t83	1M5	to	mention	arnicas	visweek	visweek	1350262859		t1835	10

t372	1M5	from	mention	and	jcukier	visweek	1350263174		t1835	8

t400	1M5	from	mention	jcukier	week	long	1350263125		t1835	7

t66	1M5	to	mention	you	visweek	long	1350263253		t1835	12

t1586	1M5	from	mention	tutorial	alignedleft	heer	1350348712		t1840	1

t1572	1M5	from	mention	too	visweek	jcukier	1350349695		t1844	16

t71	1M5	to	mention	arnicas	seems	jasondavies	1350609299		t1900	7

t378	1M5	from	mention	the	for	all	1350609599		t1900	8

t481	1M5	from	mention	the	that	for	1350610821		t1954	6

t11	1M5	to	mention	could	right	something	1350691515		t1954	15

t576	1M5	from	mention	now	jcukier	actually	1351126995		t2006	9

t1603	1M5	from	mention	probably	talk	others	1351385966		t2007	3

t369	1M5	from	mention	just	was	jcukier	1352249943		t2039	5

t63	1M5	to	mention	bit	jeff	his	1352250776		t2039	12

t1360	1M5	to	mention	very	http	few	1352247063		t2046	13

t93	1M5	to	mention	your	been	has	1352247078		t2047	13

t550	1M5	from	mention	what	jcukier	too	1352247239		t2047	16

t112	1M5	to	mention	have	there	been	1352247202		t2047	11

t508	1M5	from	mention	jcukier	thank	goodness	1352247498		t2047	6

t517	1M5	from	mention	http	tableau	company	1352248001		t2048	5

t355	1M5	from	mention	the	one	jcukier	1352337607		t2057	10

t72	1M5	from	mention	all	now	thanks	1352337734		t2057	10

t68	1M5	to	mention	now	work	does	1352337734		t2057	3

t465	1M5	from	mention	jcukier	fascinating		1352337816		t2057	16

t445	1M5	from	mention	your	what	jcukier	1352766919		t2057	15

t96	1M5	to	mention	the	other	kind	1352767053		t2057	21

t917	1M5	from	mention	from	visualization	jcukier	1352766434		t2090	16

t1622	1M5	to	mention	you	that	for	1354930084		t2191	16

t374	1M5	from	mention	that	just	now	1354928328		t2191	15

t373	1M5	from	mention	thing	again	arnicas	1354928362		t2214	4

t1041	1M5	from	mention	arnicas	fantastic	events	1355012756		t2216	11

t1583	1M5	from	mention	family	events	game	1355014087		t2223	5

t467	1M5	from	mention	fyi	plots	ideal	1355276433		t2265	9

t524	1M5	from	mention	win	serious	infographic	1355362803		t2282	7

t91	1M5	to	mention	most	lynn	such	1355356927		t2282	11

t440	1M5	from	mention	for	not	all	1355357054		t2282	5

t120	1M5	from	mention	you	also	who	1355357377		t2282	11

t524	1M5	from	mention	win	serious	infographic	1355362803		t2283	7

t1003	1M5	from	dm	data	about	get	1337131859		dm82	9

t1152	1M5	to	dm	was	actually	writing	1337131897		dm82	4

t1002	1M5	from	dm	you	what	about	1337214201		dm82	11

t1565	1M5	to	dm	that	but	would	1337214813		dm82	14

t1128	1M5	from	dm	what	strata	submit	1337732568		dm82	15

t1340	1M5	from	dm	tell	looks	started	1337732583		dm82	11

t1281	1M5	to	dm	you	now	haven	1337734016		dm82	16

t931	1M5	to	dm	also	still	today	1337736629		dm82	17

t1317	1M5	from	dm	want	open	didn	1337822399		dm82	13

t1287	1M5	to	dm	know	out	sure	1337822677		dm82	11

t1734	1M5	from	dm	know	yes		1337822823		dm82	5

t1166	1M5	to	dm	how	them	him	1338251055		dm82	22

t1740	1M5	from	dm	want	http	their	1338254722		dm82	17

t222	1M5	to	dm	stefaner	got	say	1338943113		dm82	16

t1694	1M5	from	dm	them	she	job	1338943225		dm82	13

t1183	1M5	to	dm	being	else	tell	1338943469		dm82	19

t1735	1M5	from	dm	who	sure	yes	1338943477		dm82	8

t1730	1M5	to	dm	vis	does	him	1338943822		dm82	10

t1667	1M5	from	dm	email	sounds	him	1338943957		dm82	8

t1155	1M5	to	dm	the	about	know	1338943961		dm82	12

t1153	1M5	from	dm	when	even	again	1339029255		dm82	7

t1227	1M5	to	dm	into	actually	him	1339031767		dm82	13

t993	1M5	to	dm	vis	say	area	1339033139		dm82	13

t1142	1M5	from	dm	down	keep	contact	1339548172		dm82	7

t1619	1M5	from	dm	that	not	was	1339980877		dm82	17

t1280	1M5	to	dm	worries	kid	cheers	1340065983		dm82	14

t1160	1M5	to	dm	mike	lots	aware	1340672609		dm82	10

t1728	1M5	from	dm	place	yes	life	1340672647		dm82	14

t1642	1M5	to	dm	book	done	thing	1340672898		dm82	10

t1635	1M5	to	dm	into	book	thing	1341189261		dm82	12

t1300	1M5	from	dm	well	hope	pays	1341189877		dm82	10

t1185	1M5	to	dm	pretty	btw	mostly	1341273828		dm82	12

t924	1M5	from	dm	after	tell	via	1347326868		dm82	1

t0	1M5	to	dm				1347327299		dm82	6

t934	1M5	to	dm	was	just	think	1347668958		dm82	4

t1283	1M5	from	dm	great	has	much	1347669097		dm82	5

t1690	1M5	to	dm	let	same	hope	1347669199		dm82	11

t1167	1M5	from	dm	for	now	time	1349481641		dm82	8

t1165	1M5	to	dm	life	making	morning	1349481735		dm82	11

t939	1M5	from	dm	you	for	are	1349481745		dm82	8

t1618	1M5	from	dm	that	sounds	given	1349481881		dm82	17

t1133	1M5	to	dm	don	should	done	1349481885		dm82	22

t1168	1M5	from	dm	got	vis	map	1349487187		dm82	14

t1700	1M5	to	dm	when			1349487217		dm82	12

t1019	1M5	from	dm	end	after	infovis	1349487288		dm82	17

t1693	1M5	to	dm	your	what	about	1349487303		dm82	15

t1297	1M5	to	dm	noes			1349487315		dm82	18

t1637	1M5	to	dm	than	again	better	1349487322		dm82	10

t1724	1M5	from	dm	that	about	very	1349487322		dm82	7

t1145	1M5	to	dm	that	for	but	1349487344		dm82	17

t1282	1M5	from	dm	can	time	just	1349487375		dm82	13

t935	1M5	from	dm	and	not	coming	1349487378		dm82	12

t1741	1M5	from	dm	vis	doing	jason	1349487396		dm82	12

t1591	1M5	to	dm	with	jason	talking	1349487419		dm82	16

t932	1M5	to	dm	work	other	just	1349487464		dm82	16

