message	correspondent	direction	tweet	word1	word2	word3	time	subject	thread	length

273	dE9	to		saw	tulp	visualizer	1325673926	SEE #7	28	32

277	dE9	to		domination	owner	clashes	1325674514	Re: SEE #7	29	140

281	dE9	to		andy	happy	willem	1325674679	Re: SEE #7	29	25

290	dE9	to		zürich	freiestrasse	excel	1325675191	Re: SEE #7	29	91

280	dE9	to		address	wish	speaking	1325682392	Re: SEE #7	29	49

274	dE9	to		yes	year	jan	1325682834	Re: SEE #7	29	19

279	dE9	to		monitor	icons	imminent	1325675475	Re: SEE #7	30	60

278	dE9	to		www	andy	web	1325683148	Re: SEE #7	32	20

287	dE9	to		board	scene	wiesbaden	1325687780	Re: SEE #7	32	56

285	dE9	to		kirk	visualisingdata	visualising	1325691876	Re: SEE #7	35	30

284	dE9	to		hire	confirmed	refer	1325694035	Re: SEE #7	35	127

282	dE9	to		really	don	too	1325709183	Re: SEE #7	35	8

286	dE9	to		excitement	grab	officially	1325719225	Re: SEE #7	35	121

289	dE9	to		barcelona	expectancy	funded	1325725703	Re: SEE #7	35	139

275	dE9	to		funding	announced	speakers	1325750522	Re: SEE #7	35	97

283	dE9	to		themed	exchanges	echoing	1325751119	Re: SEE #7	41	322

288	dE9	to		address	knowledge	london	1325760712	Re: SEE #7	41	45

276	dE9	from		conferences	invited	practice	1325765749	Re: SEE #7	41	42

422	dE9	to		nathan	thorp	reaction	1325790298	Flowingdata	41	66

420	dE9	to		nathan	weird	fee	1325792098	Re: Flowingdata	41	65

426	dE9	to		familiar	reputation	weak	1325804827	Re: Flowingdata	41	127

427	dE9	to		old	model	paid	1326141866	Re: Flowingdata	41	39

416	dE9	to					1326143286	Re: Flowingdata	41	0

421	dE9	to		allow	commercial	invested	1326185438	Re: Flowingdata	41	76

419	dE9	to		again	money	fun	1326191551	Re: Flowingdata	41	29

425	dE9	to		for	one	get	1326193789	Re: Flowingdata	41	6

424	dE9	to		personally	nathan	sign	1326198883	Re: Flowingdata	41	68

404	dE9	to		was	something	interesting	1325782315		47	10

423	dE9	to		occasional	act	sustainability	1326200817	Re: Flowingdata	74	78

417	dE9	to		met	ask	weeks	1326210983	Re: Flowingdata	74	34

418	dE9	to		you	know	moritz	1326220976	Re: Flowingdata	74	13

839	dE9	to		jan	willem	does	1326309908	Resonate	85	15

838	dE9	to		team	unfortunately	care	1326310825	Re: Resonate	85	26

841	dE9	to		love	damm	eickedorfer	1326311966	Re: Resonate	85	25

836	dE9	to		advantage	license	windows	1326313100	Re: Resonate	85	71

843	dE9	to		going	sure	since	1326379323	Re: Resonate	85	22

837	dE9	to		glad	plans	family	1326456598	Re: Resonate	85	32

842	dE9	to		moment	yet	haven	1326644075	Re: Resonate	85	13

840	dE9	to		update	eyeo	attend	1328045390	Re: Resonate	85	26

996	dE9	to		episodes	infinite	novice	1326491746	How does a beginner find data?	100	262

998	dE9	to		statistical	movement	extensive	1326492283	Re: How does a beginner find data?	100	162

999	dE9	to		gapminder	ages	journalist	1326494460	Re: How does a beginner find data?	100	158

997	dE9	to		feeds	websites	acquisition	1326532953	Re: How does a beginner find data?	100	96

1000	dE9	to		personally	graphs	knowing	1326585773	Re: How does a beginner find data?	100	69

1551	dE9	to		arisen	deemed	delivering	1327350886	Quick bit of advice	145	250

1555	dE9	to		arisen	deemed	delivering	1327352124	Quick bit of advice	146	234

1554	dE9	to		higher	output	selling	1327357198	Re: Quick bit of advice	146	133

1553	dE9	to		similar	kirk	says	1327357490	Re: Quick bit of advice	146	50

1552	dE9	to		trainers	barriers	enricos	1327359766	Re: Quick bit of advice	146	132

1611	dE9	to		normally	mistake	reckon	1327419339	Not getting cartel emails	150	134

1612	dE9	to		mailto	mac	url	1327428429	Re: Not getting cartel emails	150	61

1669	dE9	to		comedy	happier	competing	1327491456	imdb + vis	158	185

1666	dE9	to		your	got	looking	1327492101	Re: imdb + vis	158	16

1668	dE9	to		keywords	confidence	genres	1327495269	Re: imdb + vis	158	52

1667	dE9	to		water	skilled	woohoo	1327502201	Re: imdb + vis	158	93

1728	dE9	to		datasets	contribute	nutshell	1327518586	bat signal	168	90

1732	dE9	to		jérôme	jan	probably	1327520394	Re: bat signal	168	7

1735	dE9	to		the	not	then	1327520712	Re: bat signal	168	5

1730	dE9	to		the	not	well	1327522116	Re: bat signal	168	8

1727	dE9	to		not	definitely		1327522298	Re: bat signal	168	2

1729	dE9	to		interactivethings	founding	zürich	1327565165	Re: bat signal	168	50

1734	dE9	to		also	great	cartel	1327565997	Re: bat signal	168	13

1731	dE9	to		cheers	may	book	1327566363	Re: bat signal	168	17

1733	dE9	to		cartel	happy	sorry	1327566851	Re: bat signal	168	16

2080	dE9	to		afternoon	visualising	ltd	1327932800		204	64

2081	dE9	from		workshop	andrew	sort	1327938410	Re:	204	31

2497	dE9	to		cube	juror	jurors	1328221509	Now I am Sure: Visualizing Marathon is Bullshit	248	55

2495	dE9	to		cartel	problem	whole	1328221708	Re: Now I am Sure: Visualizing Marathon is Bullshit	248	14

2501	dE9	to		london	choice	review	1328221933	Re: Now I am Sure: Visualizing Marathon is Bullshit	248	28

2494	dE9	to		entries	involved	marathon	1328222314	Re: Now I am Sure: Visualizing Marathon is Bullshit	248	36

2488	dE9	to		ordinary	submitting	crap	1328226468	Re: Now I am Sure: Visualizing Marathon is Bullshit	248	103

2493	dE9	to		sustainable	adam	manner	1328228028	Re: Now I am Sure: Visualizing Marathon is Bullshit	248	156

2499	dE9	to		degree	berlin	convinced	1328257198	Re: Now I am Sure: Visualizing Marathon is Bullshit	248	88

2496	dE9	to		enjoyable	hint	precise	1328257515	Re: Now I am Sure: Visualizing Marathon is Bullshit	248	195

2492	dE9	to		winning	connection	organized	1328294388	Re: Now I am Sure: Visualizing Marathon is Bullshit	248	56

2498	dE9	to		cpeopleâ	curricular	didactic	1329247227	Re: Now I am Sure: Visualizing Marathon is Bullshit	248	683

2489	dE9	to		discussion	charlene	willing	1329248424	Re: Now I am Sure: Visualizing Marathon is Bullshit	248	53

2491	dE9	to		cpeopleâ	curricular	didactic	1329253667	Re: Now I am Sure: Visualizing Marathon is Bullshit	248	707

2500	dE9	to		resultant	sls	solidify	1329301754	Re: Now I am Sure: Visualizing Marathon is Bullshit	248	920

2490	dE9	to		right	after	day	1329301964	Re: Now I am Sure: Visualizing Marathon is Bullshit	248	12

2576	dE9	to		pale	admitting	creeping	1328288703	advice for contest entry	256	145

2549	dE9	to		feature	cut	handy	1328294215	Re: advice for contest entry	256	38

2558	dE9	to		expand	becomes	hierarchy	1328471571	Re: advice for contest entry	256	156

2565	dE9	to		pay	button	contest	1328473749	Re: advice for contest entry	256	28

2572	dE9	to		read	anyway	started	1328474419	Re: advice for contest entry	256	20

2567	dE9	to		when	did	thought	1328474862	Re: advice for contest entry	256	11

2561	dE9	to		don	been	say	1328475110	Re: advice for contest entry	256	12

2554	dE9	to		late	piece	plot	1328524699	Re: advice for contest entry	256	60

2553	dE9	to		both	sorry	anyway	1328525622	Re: advice for contest entry	256	25

2560	dE9	to		catch	weird	average	1328526990	Re: advice for contest entry	256	87

2570	dE9	to		did	where	even	1330024959	Re: advice for contest entry	256	14

2556	dE9	to		certainly	cost	amount	1330025645	Re: advice for contest entry	256	43

2550	dE9	to		with	right	information	1330025753	Re: advice for contest entry	256	10

2564	dE9	to		challenges	contests	shame	1330027085	Re: advice for contest entry	256	62

2571	dE9	to		intel	motives	responding	1330078061	Re: advice for contest entry	256	116

2555	dE9	to		ranting	rfps	spotlight	1330361848	Re: advice for contest entry	256	240

2559	dE9	to		compete	goals	contests	1330372004	Re: advice for contest entry	256	174

2575	dE9	to		which	just	jérôme	1330372090	Re: advice for contest entry	256	15

2563	dE9	to		glad	fair	reasonable	1330376973	Re: advice for contest entry	256	55

2574	dE9	to		well	last	able	1330378695	Re: advice for contest entry	256	14

2577	dE9	to		glad	perspective	contest	1330379152	Re: advice for contest entry	256	35

2552	dE9	to		cannot	participate	winners	1330639138	Re: advice for contest entry	256	32

2557	dE9	from		greetings	compared	alternative	1330681330	Re: advice for contest entry	256	38

2562	dE9	from		winning	graphic	rainbow	1330682218	Re: advice for contest entry	256	40

2573	dE9	to		the	like	about	1330682412	Re: advice for contest entry	256	7

2551	dE9	to		wtf	confusing	interpret	1331053883	Re: advice for contest entry	256	52

2566	dE9	to		category	extremely	fee	1331060033	Re: advice for contest entry	256	25

2950	dE9	from		ran	breakfast	beforehand	1328645702	Ideas for Cartel's next meetup event: SEE+?	302	186

2957	dE9	to		damn	dedicated	secrets	1328689526	Re: Ideas for Cartel's next meetup event: SEE+?	302	96

2936	dE9	to		fields	kinds	scientists	1328689915	Re: Ideas for Cartel's next meetup event: SEE+?	302	67

2971	dE9	to		experienced	laptops	difficulty	1328696106	Re: Ideas for Cartel's next meetup event: SEE+?	302	121

2951	dE9	to		exception	immediately	listen	1328696760	Re: Ideas for Cartel's next meetup event: SEE+?	302	90

2938	dE9	to					1328696798	Re: Ideas for Cartel's next meetup event: SEE+?	302	0

2967	dE9	to		proposed	googlegroups	oggetto	1328830708	Re: Ideas for Cartel's next meetup event: SEE+?	302	65

2941	dE9	from		controversial	descriptions	moderator	1329128501	Re: Ideas for Cartel's next meetup event: SEE+?	302	135

2960	dE9	to		any	far	later	1329128631	Re: Ideas for Cartel's next meetup event: SEE+?	302	15

2933	dE9	to		cross	disciplines	favor	1329260622	Re: Ideas for Cartel's next meetup event: SEE+?	302	34

2945	dE9	to		favor	medicine	biology	1329261464	Re: Ideas for Cartel's next meetup event: SEE+?	302	69

2937	dE9	to		exploring	standards	summary	1329294694	Re: Ideas for Cartel's next meetup event: SEE+?	302	91

2948	dE9	to		exploring	standards	summary	1330282914	Re: Ideas for Cartel's next meetup event: SEE+?	302	114

2968	dE9	to		for	going	information	1330282967	Re: Ideas for Cartel's next meetup event: SEE+?	302	9

2979	dE9	to		there	would	get	1330283203	Re: Ideas for Cartel's next meetup event: SEE+?	302	11

2963	dE9	to		too			1330283650	Re: Ideas for Cartel's next meetup event: SEE+?	302	1

2935	dE9	to		mobile	too	moritz	1330287422	Re: Ideas for Cartel's next meetup event: SEE+?	302	13

2977	dE9	to		like	then	any	1330288059	Re: Ideas for Cartel's next meetup event: SEE+?	302	13

2956	dE9	to		with	going	most	1330288249	Re: Ideas for Cartel's next meetup event: SEE+?	302	9

2959	dE9	to		day	unfortunately	complete	1330289085	Re: Ideas for Cartel's next meetup event: SEE+?	302	18

2976	dE9	to		lack	define	pull	1330360131	Re: Ideas for Cartel's next meetup event: SEE+?	302	109

2932	dE9	to		enjoy	behind	program	1330361378	Re: Ideas for Cartel's next meetup event: SEE+?	302	30

2952	dE9	to		quite	little	damm	1330365945	Re: Ideas for Cartel's next meetup event: SEE+?	302	26

2934	dE9	to		imagine	friday	workshop	1330553017	Re: Ideas for Cartel's next meetup event: SEE+?	302	33

2969	dE9	to		line	website	says	1330553399	Re: Ideas for Cartel's next meetup event: SEE+?	302	24

2974	dE9	from		scene	presenters	organizers	1330974927	Re: Ideas for Cartel's next meetup event: SEE+?	302	124

2953	dE9	to		presenters	webpage	respective	1330979273	Re: Ideas for Cartel's next meetup event: SEE+?	302	164

2942	dE9	to		publicly	altogether	webpage	1330979731	Re: Ideas for Cartel's next meetup event: SEE+?	302	74

2949	dE9	from		jumped	pity	suspicious	1330981004	Re: Ideas for Cartel's next meetup event: SEE+?	302	95

4824	dE9	to		project	cartel	kind	1331031761	Introducing Kartograph	302	16

4826	dE9	to		detailed	samples	developer	1331032132	Re: Introducing Kartograph	302	84

4825	dE9	to		measures	sourced	forecasts	1331032946	Re: Introducing Kartograph	302	148

4822	dE9	to					1331034200	Re: Introducing Kartograph	302	0

4827	dE9	to		this	was	one	1331034311	Re: Introducing Kartograph	302	12

4828	dE9	to		same	down	goes	1331116427	Re: Introducing Kartograph	302	18

5035	dE9	to		cheers	paolo	seriously	1331289137	Data and People	302	4

2981	dE9	from		responded	alas	yannick	1331804846	Re: Ideas for Cartel's next meetup event: SEE+?	302	142

2946	dE9	to		etc	has	cheers	1331805487	Re: Ideas for Cartel's next meetup event: SEE+?	302	12

2980	dE9	to		perhaps	run	ticket	1331805611	Re: Ideas for Cartel's next meetup event: SEE+?	302	43

2961	dE9	to		early	called	invite	1331813997	Re: Ideas for Cartel's next meetup event: SEE+?	302	31

2966	dE9	to		saturday	speaker	participants	1331836410	Re: Ideas for Cartel's next meetup event: SEE+?	302	71

2943	dE9	to		forward	gregor	although	1331836794	Re: Ideas for Cartel's next meetup event: SEE+?	302	25

2944	dE9	to		now	book	still	1331900077	Re: Ideas for Cartel's next meetup event: SEE+?	302	14

2973	dE9	to		hope	certainly		1331900133	Re: Ideas for Cartel's next meetup event: SEE+?	302	2

2970	dE9	to		friday	hotel	sunday	1331902352	Re: Ideas for Cartel's next meetup event: SEE+?	302	15

2964	dE9	to		damm	eickedorfer	lilienthal	1331971039	Re: Ideas for Cartel's next meetup event: SEE+?	302	26

2954	dE9	to		eickedorfer	lilienthal	grüße	1331971862	Re: Ideas for Cartel's next meetup event: SEE+?	302	27

2940	dE9	from		decide	saturday	knowing	1335173325	Re: Ideas for Cartel's next meetup event: SEE+?	302	49

2962	dE9	to		will	about	think	1335173391	Re: Ideas for Cartel's next meetup event: SEE+?	302	6

2955	dE9	to		around	arrive		1335211384	Re: Ideas for Cartel's next meetup event: SEE+?	302	2

2965	dE9	to		gregor	plans	whatever	1335213431	Re: Ideas for Cartel's next meetup event: SEE+?	302	21

2931	dE9	to		jealous	awolfromcartel	missingout	1335213591	Re: Ideas for Cartel's next meetup event: SEE+?	302	3

2972	dE9	to					1335214826	Re: Ideas for Cartel's next meetup event: SEE+?	302	0

2939	dE9	from		mine	present	see+	1335256094	Re: Ideas for Cartel's next meetup event: SEE+?	302	54

2958	dE9	to		you	see	great	1335256723	Re: Ideas for Cartel's next meetup event: SEE+?	302	9

2975	dE9	to		image	[image	inline	1335258532	Re: Ideas for Cartel's next meetup event: SEE+?	302	3

2947	dE9	to					1335258663	Re: Ideas for Cartel's next meetup event: SEE+?	302	0

2978	dE9	to		wiederkehr	user	production	1335272918	Re: Ideas for Cartel's next meetup event: SEE+?	302	20

3411	dE9	from		request	society	beforehand	1329228855	request for designers	357	48

3409	dE9	to		market	nathan	professionals	1329229205	Re: request for designers	357	38

3410	dE9	from		jérôme	andrew	greetings	1329245237	Re: request for designers	357	4

3458	dE9	to		odd	episode	italian	1329260224	Announcing Data Stories Podcast	363	143

3462	dE9	to		bertini	usually	hearing	1329294444	Re: Announcing Data Stories Podcast	363	38

3455	dE9	to		interactivethings	founding	zürich	1329295487	Re: Announcing Data Stories Podcast	363	64

3459	dE9	from		andrew	sort	whether	1329299346	Re: Announcing Data Stories Podcast	363	29

3457	dE9	to		every	weeks	terms	1329301251	Re: Announcing Data Stories Podcast	363	29

3461	dE9	to		list	willem	already	1329301329	Re: Announcing Data Stories Podcast	363	19

3453	dE9	to		listen	screencast	catchy	1329301789	Re: Announcing Data Stories Podcast	363	223

3451	dE9	to		catchy	enhanced	guided	1329302397	Re: Announcing Data Stories Podcast	363	216

3452	dE9	to		caps	itunes	bother	1329303422	Re: Announcing Data Stories Podcast	363	141

3450	dE9	to		something	too	working	1329306406	Re: Announcing Data Stories Podcast	363	15

3454	dE9	to		ended	animated	finishing	1329308980	Re: Announcing Data Stories Podcast	363	44

3456	dE9	to		best	thanks	way	1329571744	Re: Announcing Data Stories Podcast	363	17

3460	dE9	to		work	people	twitter	1329573247	Re: Announcing Data Stories Podcast	363	14

3570	dE9	to		unhappy	barrier	goods	1329397871	news & stuff	377	327

2569	dE9	to		than	did	into	1330647344	Re: advice for contest entry	496	23

2568	dE9	to		because	guys	thing	1330647507	Re: advice for contest entry	496	17

4720	dE9	to		summit	[even	cycles	1330948500	Showcasing your work in my Malofiej prez!	511	480

4721	dE9	to		typical	sneak	titled	1330952642	Re: Showcasing your work in my Malofiej prez!	511	115

4723	dE9	to		option	indeed	beyond	1330953500	Re: Showcasing your work in my Malofiej prez!	511	26

4727	dE9	to		outcomes	wild	labeling	1330953831	Re: Showcasing your work in my Malofiej prez!	511	99

4726	dE9	to		some	great	non	1330961945	Re: Showcasing your work in my Malofiej prez!	511	16

4724	dE9	to		sure	jan	willem	1330969163	Re: Showcasing your work in my Malofiej prez!	511	18

4728	dE9	to		flies	pamplona	dedicate	1330973133	Re: Showcasing your work in my Malofiej prez!	511	295

4725	dE9	to		lilienthal	grüße	won	1330973572	Re: Showcasing your work in my Malofiej prez!	511	37

4722	dE9	to		context	absolutely	clearly	1330974098	Re: Showcasing your work in my Malofiej prez!	511	30

4743	dE9	to		grüße	anything	makes	1330952782	Evaluation and quality of data visualizations	514	39

4752	dE9	to		fulfilling	measurable	achieving	1330960966	Re: Evaluation and quality of data visualizations	514	108

4744	dE9	to		proper	necessarily	effective	1330961609	Re: Evaluation and quality of data visualizations	514	76

4749	dE9	to		mobile	moritz	stefaner	1330962617	Re: Evaluation and quality of data visualizations	514	14

4737	dE9	to		pragmatic	shock	tenets	1330962811	Re: Evaluation and quality of data visualizations	514	106

4750	dE9	to		materials	memory	improved	1330963194	Re: Evaluation and quality of data visualizations	514	62

4740	dE9	to		notch	resounding	studying	1330969128	Re: Evaluation and quality of data visualizations	514	172

4738	dE9	to		guess	freelance	thoughts	1330969695	Re: Evaluation and quality of data visualizations	514	20

4748	dE9	to		group	post	doesn	1330970114	Re: Evaluation and quality of data visualizations	514	19

4735	dE9	from		airplanes	buildings	designs	1330974286	Re: Evaluation and quality of data visualizations	514	173

4736	dE9	to		cultural	andykirk	googlegroups	1330974316	Re: Evaluation and quality of data visualizations	514	101

4753	dE9	to		lilienthal	points	excellent	1330976598	Re: Evaluation and quality of data visualizations	514	34

4746	dE9	to		extend	divide	shift	1330977002	Re: Evaluation and quality of data visualizations	514	76

4754	dE9	to		explanation	activity	engineering	1330977624	Re: Evaluation and quality of data visualizations	514	88

4745	dE9	to		capture	entertainment	tries	1330978007	Re: Evaluation and quality of data visualizations	514	119

4741	dE9	to		analytical	entertaining	gonna	1330979230	Re: Evaluation and quality of data visualizations	514	107

4756	dE9	from		developments	solving	parallel	1330980114	Re: Evaluation and quality of data visualizations	514	78

4751	dE9	from		becomes	somehow	evaluate	1330980703	Re: Evaluation and quality of data visualizations	514	47

4747	dE9	to		practice	daily	correctly	1330981322	Re: Evaluation and quality of data visualizations	514	53

4755	dE9	to		roundtable	seiner	technics	1331020320	Re: Evaluation and quality of data visualizations	514	367

4739	dE9	to		evaluated	infinitely	profession	1331029597	Re: Evaluation and quality of data visualizations	514	152

4742	dE9	to		grundlagen	interpretable	intuitively	1331544546	Re: Evaluation and quality of data visualizations	514	190

4948	dE9	to		loved	thorp	computers	1331156769	Putting Data in a Human Context	532	88

4947	dE9	to		gig	excitement	react	1331202114	Re: Putting Data in a Human Context	532	124

4946	dE9	to		mental	prototypes	reaching	1331234689	Re: Putting Data in a Human Context	532	166

4950	dE9	to		tower	whys	abused	1331302613	Re: Putting Data in a Human Context	539	455

4949	dE9	to		seem	description	computer	1331320356	Re: Putting Data in a Human Context	539	27

4951	dE9	to		literally	alle	ore	1331333808	Re: Putting Data in a Human Context	539	52

5196	dE9	to		showcase	spatial	thorough	1331582341	book on network visualization?	549	82

5197	dE9	to		network	theory	sections	1331587691	Re: book on network visualization?	549	35

5200	dE9	to		were	book	else	1331588252	Re: book on network visualization?	549	19

5199	dE9	to		eickedorfer	lilienthal	grüße	1331590218	Re: book on network visualization?	549	30

5198	dE9	to		books	except	follow	1331590715	Re: book on network visualization?	549	36

5325	dE9	to		highlight	diagram	print	1331728660	alternatives for flow diagrams?	560	68

5323	dE9	to		inspiration	sections	alternatives	1331754469	Re: alternatives for flow diagrams?	560	95

5324	dE9	to		data	some	just	1331759621	Re: alternatives for flow diagrams?	560	14

5856	dE9	to		attentive	equations	impressing	1332337242	Help on "selling" vis to scientists	619	183

5852	dE9	to		michelle	sudden	borkin	1332340073	Re: Help on "selling" vis to scientists	619	107

5851	dE9	to		can	jerome	things	1332340792	Re: Help on "selling" vis to scientists	619	14

5853	dE9	to		sudden	borkin	evident	1332341632	Re: Help on "selling" vis to scientists	619	107

5854	dE9	to		visualization	jan	willem	1332344732	Re: Help on "selling" vis to scientists	619	18

5855	dE9	to		michelle	persons	figures	1332346594	Re: Help on "selling" vis to scientists	619	83

5868	dE9	to		said	far	given	1332344907	visweek 2012	622	30

6136	dE9	to		tips	task	offered	1332767434	teaching	643	77

6134	dE9	to		from	want	going	1332767661	Re: teaching	643	17

6140	dE9	to					1332767985	Re: teaching	643	0

6133	dE9	to		skype	start	anyway	1332768179	Re: teaching	643	21

6135	dE9	to		what	time	best	1332768410	Re: teaching	643	14

6138	dE9	to		get	need	back	1332768602	Re: teaching	643	14

6141	dE9	to		time	how	next	1332835487	Re: teaching	643	12

6139	dE9	to		fall	tip	constructive	1332860098	Re: teaching	643	68

6137	dE9	from		sounds	instance	science	1332928149	Re: teaching	643	19

6142	dE9	to		process	agree	amount	1332932618	Re: teaching	643	31

6345	dE9	to		freiestrasse	stage	speakers	1332873334	Speaker for SEE	690	53

6343	dE9	to		that	for	more	1332874274	Re: Speaker for SEE	690	10

6341	dE9	to		fully	middle	none	1332874917	Re: Speaker for SEE	690	84

6336	dE9	to		willem	talk	tulp	1332877593	Re: Speaker for SEE	690	16

6339	dE9	to		there	then	again	1332877738	Re: Speaker for SEE	690	12

6344	dE9	to		information	jan	willem	1332877912	Re: Speaker for SEE	690	14

6340	dE9	to		being	rest	imo	1332878484	Re: Speaker for SEE	690	25

6337	dE9	to		winning	agency	award	1332878642	Re: Speaker for SEE	690	51

6342	dE9	to					1332878756	Re: Speaker for SEE	690	0

6338	dE9	to		infrastructure	matching	cartodb	1332879062	Re: Speaker for SEE	690	34

6335	dE9	to		office	beste	germany	1332879909	Re: Speaker for SEE	690	16

6357	dE9	to		zwpamvua	zxjpaybmaxnozxi		1332881112	=?utf-8?B?QW50dy46IFNwZWFrZXIgZm9yIFNFRQ==	695	2

6356	dE9	to		moritz	then	stefaner	1332883284	Re: Antw.: Speaker for SEE	695	11

6354	dE9	to					1332883395	Re: Antw.: Speaker for SEE	695	0

6355	dE9	to		benjamin	ideas	production	1332886681	Re: Antw.: Speaker for SEE	695	32

6762	dE9	to		why	conference	tableau	1333457765	can't really say that out loud on twitter but	727	24

6761	dE9	to		attend	attending	conf	1333457950	Re: can't really say that out loud on twitter but	727	34

7323	dE9	to		visualizer	bring	groet	1334303209	European Science Foundation	771	40

7322	dE9	to		heard	looks	speak	1334303741	Re: European Science Foundation	771	36

7324	dE9	to		for	only	little	1334308703	Re: European Science Foundation	771	7

7355	dE9	to		contests	leads	colleagues	1334320376	</oecd>	775	139

7361	dE9	to		dealing	depth	extent	1334321878	Re: </oecd>	775	99

7371	dE9	to					1334323577	Re: </oecd>	775	0

7357	dE9	to		opportunities	honest	ahead	1334332063	Re: </oecd>	775	34

7365	dE9	to		circuit	glass	loads	1334337625	Re: </oecd>	775	150

7372	dE9	to		germany	damm	eickedorfer	1334356465	Re: </oecd>	775	36

7363	dE9	to		decision	giorno	scritto	1334358288	Re: </oecd>	775	106

7369	dE9	from		wonder	academic	step	1334412113	Re: </oecd>	775	50

7359	dE9	to		belgium	dinosaurs	foundation	1334518784	Re: </oecd>	775	119

7366	dE9	to		almost	companies	jobs	1334525486	Re: </oecd>	775	29

7360	dE9	to		mean	difficult	students	1334526741	Re: </oecd>	775	28

7356	dE9	to		conditions	curious	kick	1342139257	Re: </oecd>	775	68

7373	dE9	to		worried	activities	elsewhere	1342164035	Re: </oecd>	775	208

7670	dE9	to		feltron	fernanda	salivate	1334749334	Vis superstars event at visweek 2012	815	168

7672	dE9	to		talented	carter	harris	1334752169	Re: Vis superstars event at visweek 2012	815	55

7669	dE9	to		motives	clarke	confession	1334755153	Re: Vis superstars event at visweek 2012	815	272

7664	dE9	to					1334755576	Re: Vis superstars event at visweek 2012	815	0

7671	dE9	to		work	thanks	sure	1334755876	Re: Vis superstars event at visweek 2012	815	12

7666	dE9	to					1334756042	Re: Vis superstars event at visweek 2012	815	0

7665	dE9	to		edge	converted	perceptual	1334756999	Re: Vis superstars event at visweek 2012	815	40

7668	dE9	to		collecting	extreme	palettes	1334758061	Re: Vis superstars event at visweek 2012	815	105

7673	dE9	from		successful	stands	entrance	1334760049	Re: Vis superstars event at visweek 2012	815	124

7674	dE9	to		considering	focus	count	1334781480	Re: Vis superstars event at visweek 2012	815	55

7667	dE9	to		smart	peter	hans	1334824635	Re: Vis superstars event at visweek 2012	815	64

7867	dE9	to		answer	reading	consider	1334959160	Fwd: enter Information is Beautiful Awards?	836	41

7851	dE9	to		infographic	mentions	awards	1334959315	Re: Fwd: enter Information is Beautiful Awards?	836	63

7854	dE9	to		you	are	something	1335006696	Re: enter Information is Beautiful Awards?	836	5

7847	dE9	to		you	that	will	1335007888	Re: enter Information is Beautiful Awards?	836	8

7849	dE9	to		after	never	ever	1335008094	Re: enter Information is Beautiful Awards?	836	12

7856	dE9	to		but	time	thinking	1335008685	Re: enter Information is Beautiful Awards?	836	18

7848	dE9	to		community	reason	marketing	1335015816	Re: enter Information is Beautiful Awards?	836	19

7850	dE9	to		far	mean	invite	1335017559	Re: enter Information is Beautiful Awards?	836	29

7852	dE9	to		not	visualization	regards	1335025898	Re: enter Information is Beautiful Awards?	836	15

7855	dE9	to		nevertheless	reward	antonelli	1335033221	Re: enter Information is Beautiful Awards?	836	76

7858	dE9	to		yeah	says	terms	1335034334	Re: enter Information is Beautiful Awards?	836	51

7857	dE9	to		that	from	some	1335034929	Re: enter Information is Beautiful Awards?	836	11

7859	dE9	to		awards	considered	closer	1335034933	Re: enter Information is Beautiful Awards?	836	72

7863	dE9	to		from	was	yes	1335035146	Re: enter Information is Beautiful Awards?	836	8

7860	dE9	to		awards	themselves	argument	1335035189	Re: enter Information is Beautiful Awards?	836	84

7862	dE9	to		that	really	great	1335035287	Re: enter Information is Beautiful Awards?	836	5

7864	dE9	to		missed	join	willing	1335036014	Re: enter Information is Beautiful Awards?	836	57

7865	dE9	to		someone	sounds	kids	1335036216	Re: enter Information is Beautiful Awards?	836	28

7866	dE9	to		then	take	look	1335037330	Re: enter Information is Beautiful Awards?	836	6

7853	dE9	to		raising	talent	vast	1335041043	Re: enter Information is Beautiful Awards?	836	92

7861	dE9	to		faked	flooded	intents	1335126966	Re: enter Information is Beautiful Awards?	836	294

8132	dE9	to		request	stephen	numbers	1335360360	I felt a great disturbance in the Force	865	64

8157	dE9	to		visualizer	groet	hartelijke	1335375334	Shorts!	872	33

8177	dE9	to		joining	approaching	anita	1335388034	Cartel Dinner on Saturday	873	134

8170	dE9	to		sounds	large	coming	1335388445	Re: Cartel Dinner on Saturday	873	37

8167	dE9	to		booked	saturday	cup	1335390094	Re: Cartel Dinner on Saturday	873	63

8169	dE9	to		energy	pity	counting	1335391293	Re: Cartel Dinner on Saturday	873	144

8171	dE9	to		next	soon	forward	1335392832	Re: Cartel Dinner on Saturday	873	33

8168	dE9	to		according	speakers	discuss	1335419622	Re: Cartel Dinner on Saturday	873	24

8176	dE9	to		quite	down	andrew	1335422036	Re: Cartel Dinner on Saturday	873	18

8174	dE9	to		rules	dinner	necessary	1335423249	Re: Cartel Dinner on Saturday	873	63

8172	dE9	to		said	others	along	1335424280	Re: Cartel Dinner on Saturday	873	16

8175	dE9	from		rule	rules	harm	1335434641	Re: Cartel Dinner on Saturday	873	58

8173	dE9	to		lazy	bros	distractions	1335446963	Re: Cartel Dinner on Saturday	873	74

8258	dE9	to		drive	advanced	participants	1335461920	Selected Tools Preview	884	96

8257	dE9	to		data	new	quite	1335462482	Re: Selected Tools Preview	884	7

8253	dE9	to		visualizer	isn	groet	1335462823	Re: Selected Tools Preview	884	30

8256	dE9	to		for	paper		1335463467	Re: Selected Tools Preview	884	2

8259	dE9	to		stuff	beste	germany	1335463888	Re: Selected Tools Preview	884	23

8254	dE9	to		excellent	stefaner	freelance	1335464035	Re: Selected Tools Preview	884	44

8251	dE9	to		freelance	visualizer	groet	1335464163	Re: Selected Tools Preview	884	69

8255	dE9	to		block	likes	belongs	1335464983	Re: Selected Tools Preview	884	47

8252	dE9	to		adobe	extending	irene	1335465654	Re: Selected Tools Preview	884	98

8329	dE9	to					1335552884	=?utf-8?B?RW5yaWNvIHdoZXJlIGFyZSB5b3U/	891	0

8331	dE9	to		moritz	make	stefaner	1335552982	Re: Enrico where are you?	891	7

8332	dE9	to		are	well	hello	1335553575	Re: Enrico where are you?	891	13

8330	dE9	to		finding	adding	worries	1335558812	Re: Enrico where are you?	891	57

8664	dE9	to		densitydesign	milano	finalize	1336037854	Workshop	891	99

8665	dE9	to		densitydesign	milano	finalize	1336037909	Re: Workshop	891	112

8661	dE9	to		politecnico	didactical	densitydesign	1337291047	Re: Workshop	891	173

8663	dE9	to		separate	ahead	differences	1337601222	Re: Workshop	891	108

8662	dE9	to		ahead	differences	cultural	1337603614	Re: Workshop	891	119

8559	dE9	to		bragging	contributor	exhibitions	1335942060	Map of Khan academy videos	920	72

8564	dE9	to		katy	board	define	1335942435	Re: Map of Khan academy videos	920	52

8566	dE9	to		moritz	stefaner	office	1335942698	Re: Map of Khan academy videos	920	13

8560	dE9	to		out			1335942783	Re: Map of Khan academy videos	920	1

8563	dE9	to		contributor	exhibitions	noted	1335943387	Re: Map of Khan academy videos	920	98

8565	dE9	to		money	spent	designer	1335947080	Re: Map of Khan academy videos	920	30

8562	dE9	to		weeks	seems	however	1335955364	Re: Map of Khan academy videos	920	23

8561	dE9	to		anyway	months	opportunity	1335963938	Re: Map of Khan academy videos	920	16

8688	dE9	to		geographical	hexagon	bins	1336051151	Heterogeneity Maps	938	216

8687	dE9	to		along	partner	interactivethings	1336151283	Re: Heterogeneity Maps	938	47

8683	dE9	to		thanks	sure	yes	1336158901	Re: Heterogeneity Maps	938	12

8689	dE9	to		this	which	jan	1336165031	Re: Heterogeneity Maps	938	7

8685	dE9	to		cool	case	main	1336165721	Re: Heterogeneity Maps	938	23

8682	dE9	from		give	willem	understand	1336205449	Re: Heterogeneity Maps	938	19

8684	dE9	to		those	each	different	1336222291	Re: Heterogeneity Maps	938	19

8680	dE9	to		imagery	indicating	recognizable	1336224481	Re: Heterogeneity Maps	938	159

8681	dE9	to		novel	ordered	artifacts	1336236819	Re: Heterogeneity Maps	938	110

8691	dE9	to		squares	string	dot	1336411576	Re: Heterogeneity Maps	938	100

8690	dE9	to		dots	advantage	raw	1336549793	Re: Heterogeneity Maps	938	70

8686	dE9	to		not	about	how	1336736146	Re: Heterogeneity Maps	938	12

8818	dE9	to		writing	york	dear	1336170901	Greetings from New York	948	21

8812	dE9	to		what	time	been	1336191755	Re: Greetings from New York	948	12

8811	dE9	to		her	object	guess	1336198256	Re: Greetings from New York	948	18

8809	dE9	to		freelance	tulp	visualizer	1336200696	Re: Greetings from New York	948	30

8813	dE9	to		jan	interactive	willem	1336200724	Re: Greetings from New York	948	20

8808	dE9	from		rather	andrew	leave	1336205570	Re: Greetings from New York	948	13

8820	dE9	to		sitting	alle	ore	1336206577	Re: Greetings from New York	948	28

8817	dE9	to		enrico	cool	york	1336222524	Re: Greetings from New York	948	20

8819	dE9	to		washington	wait	offer	1336222924	Re: Greetings from New York	948	45

8815	dE9	from		days	soon	sounds	1336224800	Re: Greetings from New York	948	21

8807	dE9	to		honor	steak	awake	1336225657	Re: Greetings from New York	948	137

8816	dE9	to		are	gregor	order	1336234463	Re: Greetings from New York	948	4

8810	dE9	to		washington	sort	york	1336237287	Re: Greetings from New York	948	55

8814	dE9	to					1336452283	Re: Greetings from New York	948	0

9023	dE9	to		delviz	fellows	interconnections	1336497753	Visualization taxonomy	963	138

9024	dE9	to		land	leads	expecting	1336499003	Re: Visualization taxonomy	963	56

9028	dE9	to		same	already	him	1336502993	Re: Visualization taxonomy	963	15

9027	dE9	to		eickedorfer	lilienthal	grüße	1336544942	Re: Visualization taxonomy	963	25

9025	dE9	to		one	best	find	1336548421	Re: Visualization taxonomy	963	14

9026	dE9	to		lead	partner	interactivethings	1336579037	Re: Visualization taxonomy	963	40

9022	dE9	to		belong	novice	productivity	1336580011	Re: Visualization taxonomy	963	157

9227	dE9	to		exceptionally	fool	gifted	1336734210	Updates on NYTimes	992	236

9224	dE9	to		freelance	lead	position	1336734666	Re: Updates on NYTimes	992	21

9225	dE9	to		like	some	jerome	1336734822	Re: Updates on NYTimes	992	14

9228	dE9	to		proud	talent	amanda	1336735298	Re: Updates on NYTimes	992	78

9226	dE9	to		your	also	andy	1336735402	Re: Updates on NYTimes	992	11

9223	dE9	to		need	week	after	1336735660	Re: Updates on NYTimes	992	17

9229	dE9	to		lilienthal	grüße	stay	1336736255	Re: Updates on NYTimes	992	41

9230	dE9	to		wise	benji	guardian	1336750503	Re: Updates on NYTimes	992	84

9877	dE9	to		ticket	reference	states	1337763040	Eyeo Ticket for Sale	1073	79

9876	dE9	to		really	out	too	1337764209	Re: Eyeo Ticket for Sale	1073	12

9878	dE9	to		the	well	going	1337764733	Re: Eyeo Ticket for Sale	1073	8

9875	dE9	to		hope	stefaner	office	1337803483	Re: Eyeo Ticket for Sale	1073	19

9957	dE9	to		have	time	message	1337788994	Fwd: query?	1078	7

9958	dE9	to		but	time	has	1337804647	Re: query?	1078	12

9959	dE9	to		moment	might	details	1337810493	Re: query?	1078	21

9956	dE9	to		office	beste	germany	1337845882	Re: query?	1078	23

9967	dE9	to		hobby	visitors	websites	1337806278	commercial advice	1085	372

9965	dE9	to					1337807729	Re: commercial advice	1085	0

9966	dE9	to		alternative	turned	netherlands	1337810337	Re: commercial advice	1085	49

9968	dE9	to		said	money	deal	1337814096	Re: commercial advice	1085	34

9969	dE9	to		beach	holiday	stated	1337837738	Re: commercial advice	1085	152

10234	dE9	to		take	questions	jeff	1338105534	Interview to Jeff Heer	1110	25

10238	dE9	to		food	stanford	theme	1338192646	Re: Interview to Jeff Heer	1110	44

10237	dE9	to		understandable	appeal	dry	1338202170	Re: Interview to Jeff Heer	1110	287

10235	dE9	to		focus	opportunities	importance	1338223579	Re: Interview to Jeff Heer	1110	76

10236	dE9	to		companies	thoughts	favorite	1338279938	Re: Interview to Jeff Heer	1110	48

10836	dE9	to		heer	expect	session	1338901794	no reason to miss visweek	1186	69

10834	dE9	to		but	really	yet	1338902683	Re: no reason to miss visweek	1186	12

10833	dE9	to		shall	sessions	jump	1338905470	Re: no reason to miss visweek	1186	28

10837	dE9	to		rees	arranged	idk	1338908966	Re: no reason to miss visweek	1186	58

10835	dE9	to		rest	fit	fantastic	1338972851	Re: no reason to miss visweek	1186	64

11272	dE9	to		experiments	wattenberg	highlights	1339493566	Back from eyeo	1217	116

11269	dE9	to		heard	happen	month	1339493867	Re: Back from eyeo	1217	27

11271	dE9	to		wise	areas	pure	1339494119	Re: Back from eyeo	1217	76

11267	dE9	to		hear	agree	mike	1339500680	Re: Back from eyeo	1217	31

11270	dE9	to		beste	germany	damm	1339500760	Re: Back from eyeo	1217	22

11268	dE9	from		good	back	talk	1339504212	Re: Back from eyeo	1217	15

11273	dE9	to		totally	location	knows	1339504898	Re: Back from eyeo	1217	50

11276	dE9	to		smart	wise	sweet	1339493843	Suggestions	1218	67

11284	dE9	to		happy	different	put	1339493988	Re: Suggestions	1218	22

11278	dE9	to		next	cartel	jan	1339500504	Re: Suggestions	1218	20

11280	dE9	to		feeling	become	seriously	1339513597	Re: Suggestions	1218	67

11281	dE9	to		eyeo	given	perhaps	1339513783	Re: Suggestions	1218	29

11274	dE9	to		possibilities	whenever	grow	1339517451	Re: Suggestions	1218	93

11279	dE9	to		adding	effect	truly	1339522255	Re: Suggestions	1218	78

11283	dE9	to		beste	germany	damm	1339522603	Re: Suggestions	1218	18

11275	dE9	to		south	africa		1339522850	Re: Suggestions	1218	2

11282	dE9	to		want	going	did	1339688500	Re: Suggestions	1218	17

11285	dE9	to		stefpos	passing	immediately	1339696111	Re: Suggestions	1218	49

11277	dE9	to		suggestion	society	wondered	1339863784	Re: Suggestions	1218	42

11299	dE9	to		find	may	cartel	1339501068	Fwd: Request for being the technical reviewer of a book on Data visualization	1223	16

11301	dE9	to		you	that	all	1339502110	Re: Request for being the technical reviewer of a book on Data visualization	1223	10

11297	dE9	to		got	same	lot	1339503118	Re: Request for being the technical reviewer of a book on Data visualization	1223	18

11304	dE9	to		and	the	for	1339503351	Re: Request for being the technical reviewer of a book on Data visualization	1223	11

11305	dE9	to		you	some	about	1339503377	Re: Request for being the technical reviewer of a book on Data visualization	1223	7

11295	dE9	to		beste	germany	yet	1339503952	Re: Request for being the technical reviewer of a book on Data visualization	1223	20

11302	dE9	to		interesting	stefaner	office	1339503996	Re: Request for being the technical reviewer of a book on Data visualization	1223	18

11298	dE9	from		one	time	who	1339504116	Re: Request for being the technical reviewer of a book on Data visualization	1223	11

11303	dE9	to		they	now	get	1339504144	Re: Request for being the technical reviewer of a book on Data visualization	1223	9

11296	dE9	to		finalised	jeromes	monochrome	1339506578	Re: Request for being the technical reviewer of a book on Data visualization	1223	604

11300	dE9	to		phone	read	send	1339507026	Re: Request for being the technical reviewer of a book on Data visualization	1223	21

11294	dE9	to		damm	eickedorfer	lilienthal	1339581434	Re: Request for being the technical reviewer of a book on Data visualization	1223	31

11360	dE9	to		appreciated	brilliant	boring	1339528790	New project: Tyne	1231	40

11359	dE9	to		attracted	attractors	lighter	1339543526	Re: New project: Tyne	1231	248

11361	dE9	to		literal	magnets	nitrates	1339575023	Re: New project: Tyne	1231	326

11368	dE9	to		unfortunately	potential	interest	1339531680	Fwd: Data visualisation commission	1233	38

11365	dE9	to		sharing	successful	capacity	1339531867	Re: Fwd: Data visualisation commission	1233	77

11367	dE9	to		lead	currently	along	1339540383	Re: Data visualisation commission	1233	32

11366	dE9	to		working	guys	maybe	1339604875	Re: Data visualisation commission	1233	27

11358	dE9	to		great	things	few	1339577207	Fwd: New project: Tyne	1234	16

11553	dE9	to		channels	leverage	nyu	1339688126	A new professor in the cartel!	1259	229

11557	dE9	to		moritz	stefaner	beste	1339693527	Re: A new professor in the cartel!	1259	6

11558	dE9	to		production	lead	congrats	1339694504	Re: A new professor in the cartel!	1259	32

11550	dE9	to		you	this	super	1339696110	Re: A new professor in the cartel!	1259	7

11551	dE9	to		news	europe	gregor	1339699369	Re: A new professor in the cartel!	1259	32

11556	dE9	from		challenging	bill	tends	1339702286	Re: A new professor in the cartel!	1259	62

11554	dE9	to		news	viz	nyc	1339711581	Re: A new professor in the cartel!	1259	28

11552	dE9	to		shit	andykirk	settle	1339712197	Re: A new professor in the cartel!	1259	92

11555	dE9	to		that	enrico	amazing	1339741820	Re: A new professor in the cartel!	1259	5

11549	dE9	to		for	your	thanks	1340014091	Re: A new professor in the cartel!	1259	8

11736	dE9	to		the	for	issue	1339938854	Posavec	1273	9

11716	dE9	to		subject	love	folks	1340017410	Fwd: Re: Invitation to join the Data Visualization Cartel	1278	18

11727	dE9	to		board	town	official	1340020188	Re: Invitation to join the Data Visualization Cartel	1278	33

11725	dE9	to		enough	fun	high	1340020502	Re: Invitation to join the Data Visualization Cartel	1278	33

11719	dE9	to		the	you	top	1340020741	Re: Invitation to join the Data Visualization Cartel	1278	8

11715	dE9	to		are	from	how	1340020949	Re: Invitation to join the Data Visualization Cartel	1278	13

11722	dE9	to		such	tutorial	hand	1340021067	Re: Invitation to join the Data Visualization Cartel	1278	17

11724	dE9	to		move	hand	quick	1340041519	Re: Invitation to join the Data Visualization Cartel	1278	37

11721	dE9	to		can	also	moritz	1340041579	Re: Invitation to join the Data Visualization Cartel	1278	12

11723	dE9	to		partner	interactivethings	founding	1340044647	Re: Invitation to join the Data Visualization Cartel	1278	31

11726	dE9	to		just	sent	enrico	1340358519	Re: Invitation to join the Data Visualization Cartel	1278	12

11717	dE9	to		good	when	cartel	1340359041	Re: Invitation to join the Data Visualization Cartel	1278	12

11840	dE9	to		phd	wise	presence	1340051039	Charge for training courses?	1289	80

11839	dE9	to		multiply	individuals	instructor	1340052640	Re: Charge for training courses?	1289	205

11846	dE9	to		number	days	training	1340053559	Re: Charge for training courses?	1289	18

11832	dE9	to		boy	googlegroups	oggetto	1340055545	Re: Charge for training courses?	1289	63

11848	dE9	to		some	just	out	1340058580	Re: Charge for training courses?	1289	15

11835	dE9	to		multiple	required	increase	1340091773	Re: Charge for training courses?	1289	79

11842	dE9	to		guess	updated	charge	1340097436	Re: Charge for training courses?	1289	63

11843	dE9	to		rate	compared	index	1340099448	Re: Charge for training courses?	1289	61

11841	dE9	to		rates	daily	jwt	1340103373	Re: Charge for training courses?	1289	117

11837	dE9	to		formulated	karlsruhe	momentum	1340108001	Re: Charge for training courses?	1289	532

11844	dE9	to		lilienthal	grüße	thinking	1340175758	Re: Charge for training courses?	1289	45

11834	dE9	to		helpful	giorno	scritto	1340181522	Re: Charge for training courses?	1289	69

11838	dE9	to		beste	another	germany	1340181858	Re: Charge for training courses?	1289	19

11847	dE9	to		here	sure	mind	1340182768	Re: Charge for training courses?	1289	15

11833	dE9	to		mostly	cost	aside	1340183396	Re: Charge for training courses?	1289	49

11836	dE9	to		content	visualizations	examples	1340185129	Re: Charge for training courses?	1289	20

11845	dE9	to		started	until	wouldn	1340185261	Re: Charge for training courses?	1289	22

12056	dE9	to		flying	gathering	inspired	1340280039	Cartel Meeting	1309	61

12057	dE9	to		that	great	idea	1340280146	Re: Cartel Meeting	1309	5

12049	dE9	to		idea	excellent		1340280305	Re: Cartel Meeting	1309	2

12061	dE9	to		rent	salivate	numerous	1340288944	Re: Cartel Meeting	1309	55

12052	dE9	to					1340289143	Re: Cartel Meeting	1309	0

12053	dE9	to		like	sounds	vacation	1340289351	Re: Cartel Meeting	1309	3

12059	dE9	to		eickedorfer	lilienthal	grüße	1340350523	Re: Cartel Meeting	1309	34

12060	dE9	to		lead	second	meet	1340351055	Re: Cartel Meeting	1309	42

12047	dE9	to		you	are	when	1340351264	Re: Cartel Meeting	1309	6

12055	dE9	to		start	check	family	1340351282	Re: Cartel Meeting	1309	18

12050	dE9	to		right	our	enrico	1340622089	Re: Cartel Meeting	1309	18

12051	dE9	to		miss	konstanz	trip	1340622374	Re: Cartel Meeting	1309	30

12048	dE9	to		you	that	have	1340645526	Re: Cartel Meeting	1309	8

12369	dE9	to		wow	choose	nyt	1340647307		1328	21

12372	dE9	to		eyeo	continue	festival	1340648081	Re:	1328	42

12371	dE9	to		source	development	far	1340649229	Re:	1328	19

12370	dE9	to		nyt	relevant	hierarchy	1340649579	Re:	1328	28

12412	dE9	to		this	one	see	1340699858	Fwd: Data Visualisation Commission	1335	10

12415	dE9	to		for	but	thanks	1340700055	Re: Data Visualisation Commission	1335	11

12410	dE9	to		engagement	packing	clark	1340700363	Re: Data Visualisation Commission	1335	67

12409	dE9	to		name	later	sort	1340700546	Re: Data Visualisation Commission	1335	41

12411	dE9	to		jeff	interested	reply	1340700764	Re: Data Visualisation Commission	1335	21

12433	dE9	to		santiago	stefanie	impressive	1340705375	Santiago is in!	1337	35

12436	dE9	to		the	someone	finally	1340706399	Re: Santiago is in!	1337	8

12437	dE9	to		eickedorfer	lilienthal	grüße	1340791850	Re: Santiago is in!	1337	36

12434	dE9	to		process	seems	second	1340794430	Re: Santiago is in!	1337	31

12435	dE9	to		you	have	really	1340802310	Re: Santiago is in!	1337	7

12432	dE9	to		gracias	guindilla	insomnic	1340814580	Re: Santiago is in!	1337	512

12438	dE9	to		five	recently	[image	1340817049	Re: Santiago is in!	1337	20

12491	dE9	to		pricing	recall	arrived	1340729074	A rival offering emerges!	1347	61

12492	dE9	to		the	this	one	1340742990	Re: A rival offering emerges!	1347	11

12488	dE9	to		imagine	came	london	1340743762	Re: A rival offering emerges!	1347	29

12493	dE9	to		germany	damm	eickedorfer	1340744033	Re: A rival offering emerges!	1347	25

12487	dE9	to		for	you	really	1340748147	Re: A rival offering emerges!	1349	12

12496	dE9	to		training	low	lower	1340781090	Re: A rival offering emerges!	1349	101

12494	dE9	to		variety	reluctant	rival	1340781568	Re: A rival offering emerges!	1349	102

12489	dE9	to		sorry	international	meeting	1340786312	Re: A rival offering emerges!	1349	62

12495	dE9	to		too	year	cartel	1340786497	Re: A rival offering emerges!	1349	17

12490	dE9	to		work	something	place	1340786509	Re: A rival offering emerges!	1349	17

12497	dE9	to		some	get	our	1340788096	Re: A rival offering emerges!	1349	11

12546	dE9	to		soccer	football	ongoing	1340781065	football & data	1351	174

12540	dE9	to		perception	licenses	rare	1340782183	Re: football & data	1351	73

12545	dE9	to		hashtags	sarcasm	unanimous	1340783122	Re: football & data	1351	149

12543	dE9	to		you	make	use	1340783234	Re: football & data	1351	6

12541	dE9	to		refine	classification	grammar	1340783994	Re: football & data	1351	57

12542	dE9	to		compete	alas	wizardry	1341306233	Re: football & data	1351	54

12544	dE9	to		previous	response	explore	1341307007	Re: football & data	1351	50

12716	dE9	to		books	result	yesterday	1340958189	books and stuff	1361	36

12711	dE9	to		which	very	all	1340958510	Re: books and stuff	1361	15

12718	dE9	to		geo	perspectives	confess	1340961216	Re: books and stuff	1361	113

12717	dE9	to		mining	slim	concise	1340961331	Re: books and stuff	1361	150

12712	dE9	to		cover	introduction	personally	1340961426	Re: books and stuff	1361	31

12713	dE9	to		see	kirk	late	1340961845	Re: books and stuff	1361	16

12715	dE9	to		and	that	there	1340968245	Re: books and stuff	1361	10

12714	dE9	to		nonetheless	basics	defining	1341140376	Re: books and stuff	1361	144

12910	dE9	to		awareness	criticize	intimidation	1341301460	The tightrope	1391	154

12909	dE9	to		crummy	crystallised	harmless	1341303664	Re: The tightrope	1391	364

12916	dE9	to		applauds	disagreed	esteem	1341304328	Re: The tightrope	1391	250

12911	dE9	to		ninth	pendulum	praised	1341304866	Re: The tightrope	1391	263

12907	dE9	to		tightrope	immerse	sea	1341305771	Re: The tightrope	1391	154

12913	dE9	to		reactions	coders	immersed	1341306983	Re: The tightrope	1391	91

12914	dE9	to		contestâ	crazyâ	depicted	1341324463	Re: The tightrope	1391	203

12906	dE9	to		both	content	published	1341328239	Re: The tightrope	1391	23

12917	dE9	to		sees	enterprise	proof	1341328624	Re: The tightrope	1391	80

12908	dE9	to		commenting	criticize	equation	1341569082	Re: The tightrope	1391	113

12912	dE9	to					1341570365	Re: The tightrope	1391	0

12915	dE9	to		mind	real	article	1341571774	Re: The tightrope	1391	20

12924	dE9	to		meyer	munzner	naomi	1341302455	Women in Infovis	1392	63

12927	dE9	to		andrea	ibm	joan	1341303536	Re: Women in Infovis	1392	43

12921	dE9	to		grüße	added	btw	1341303938	Re: Women in Infovis	1392	27

12925	dE9	to		crafting	escapes	fairfield	1341304316	Re: Women in Infovis	1392	140

12928	dE9	to		prominent	plaisant	professors	1341305029	Re: Women in Infovis	1392	29

12922	dE9	to		women	reports	awful	1341305589	Re: Women in Infovis	1392	56

12920	dE9	to		grüße	list	graphics	1341305827	Re: Women in Infovis	1392	35

12926	dE9	to		you	that	this	1341306286	Re: Women in Infovis	1392	9

12929	dE9	to		maps	katy	borner	1341382962	Re: Women in Infovis	1392	4

12933	dE9	to		her	office	beste	1341390154	Re: Women in Infovis	1392	20

12931	dE9	to		academia	isenberg	carpendale	1341394961	Re: Women in Infovis	1392	51

12923	dE9	to		speakers	somebody	github	1341405927	Re: Women in Infovis	1392	64

12932	dE9	to		make	such	making	1341407192	Re: Women in Infovis	1392	17

12930	dE9	from		problems	names	greetings	1341410550	Re: Women in Infovis	1392	17

12936	dE9	to		discussions	confidential	password	1341304897	practical question: confidential data	1393	54

12939	dE9	to		sensitive	extreme	guidance	1341305423	Re: practical question: confidential data	1393	78

12937	dE9	to		mac	ensure	safe	1341306897	Re: practical question: confidential data	1393	70

12938	dE9	to		necessary	drive	save	1341310506	Re: practical question: confidential data	1393	67

13037	dE9	to		jan	interactive	happy	1341405941	happy birthday	1404	15

13040	dE9	to					1341406026	Re: happy birthday	1404	0

13038	dE9	to		mobile	moritz	stefaner	1341406062	Re: happy birthday	1404	12

13036	dE9	from					1341410193	Re: happy birthday	1404	0

13035	dE9	to		bon	anniversaire		1341413045	Re: happy birthday	1404	2

13039	dE9	to		anniversaire	average	education	1341413474	Re: happy birthday	1404	34

13103	dE9	to		apply	buying	tickets	1341475487	VisWeek	1412	54

13102	dE9	to		association	offers	registered	1341476360	Re: VisWeek	1412	53

13214	dE9	to		japanese	limitations	photographers	1341559813	visualization royalties	1426	138

13220	dE9	to		you	with	could	1341562170	Re: visualization royalties	1426	10

13219	dE9	to		fixed	bag	shouldn	1341566650	Re: visualization royalties	1426	37

13212	dE9	to		bag	discount	exclusive	1341568275	Re: visualization royalties	1426	71

13216	dE9	to					1341568646	Re: visualization royalties	1426	0

13215	dE9	to		and	just	our	1341569483	Re: visualization royalties	1426	10

13213	dE9	to		this	all	very	1341569578	Re: visualization royalties	1426	5

13217	dE9	to		this	seems	yeah	1341570301	Re: visualization royalties	1426	8

13218	dE9	to		would	even	code	1341571404	Re: visualization royalties	1426	9

13247	dE9	to		cuisine	announcement	cooking	1341574446	Data cuisine	1431	65

13245	dE9	to		held	delegates	keen	1341579856	Re: Data cuisine	1431	47

13246	dE9	to		say	sounds	fun	1341580261	Re: Data cuisine	1431	25

13729	dE9	to		item	capital	stored	1342169872	Untitled spreadsheet (data-visualization-cartel@googlegroups.com)	1488	74

13730	dE9	to		challenge	oct	interaction	1342171149	Re: Untitled spreadsheet (data-visualization-cartel@googlegroups.com)	1488	36

13728	dE9	to		not	about	thanks	1342171707	Re: Untitled spreadsheet (data-visualization-cartel@googlegroups.com)	1488	14

13731	dE9	to		chance	event	plan	1342174226	Re: Untitled spreadsheet (data-visualization-cartel@googlegroups.com)	1488	29

13753	dE9	to		seeing	dates	fill	1342169889	meetup dates?	1489	63

13732	dE9	to		willem	haven	weekend	1342769293	Re: meetup dates?	1489	30

13748	dE9	to		will	now	sorry	1342770063	Re: meetup dates?	1489	3

13746	dE9	to		committed	extend	purely	1342770349	Re: meetup dates?	1489	49

13747	dE9	to		dates	ciuccarelli	berlin	1344439787	Re: meetup dates?	1489	45

13754	dE9	to		all	which	just	1344440079	Re: meetup dates?	1489	10

13735	dE9	to		exchange	guest	kindly	1344440300	Re: meetup dates?	1489	51

13749	dE9	to		all	get	let	1344440905	Re: meetup dates?	1489	7

13737	dE9	to		for	check	meeting	1344494986	Re: meetup dates?	1489	4

13755	dE9	to		met	andrew	however	1344497116	Re: meetup dates?	1489	25

13751	dE9	to		some	could	take	1344541673	Re: meetup dates?	1489	10

13733	dE9	to		let	yes	event	1344542288	Re: meetup dates?	1489	16

13734	dE9	to		germany	damm	eickedorfer	1344545508	Re: meetup dates?	1489	17

13740	dE9	to		about	know	don	1344545767	Re: meetup dates?	1489	11

13738	dE9	to		weeks	ago	impossible	1344550657	Re: meetup dates?	1489	31

13741	dE9	to		for	from	some	1344551475	Re: meetup dates?	1489	8

13736	dE9	to		there	benjamin		1344578504	Re: meetup dates?	1489	2

13750	dE9	to		the	and	benjamin	1344578577	Re: meetup dates?	1489	6

13744	dE9	to		that	moritz	our	1344805947	Re: meetup dates?	1489	10

13745	dE9	to		lilienthal	big	chance	1344806406	Re: meetup dates?	1489	30

13742	dE9	to		sheet	focused	giorno	1344836258	Re: meetup dates?	1489	74

13752	dE9	to		visualized	nyc	docs	1345455316	Re: meetup dates?	1489	44

13739	dE9	to		single	visualized	wonder	1345458446	Re: meetup dates?	1489	33

13743	dE9	from		andrew	kim	plans	1345462440	Re: meetup dates?	1489	25

14525	dE9	to		invited	costs	disappointed	1343155791	No NACIS/VisWeek for me	1607	69

14523	dE9	to		significant	west	principle	1343156283	Re: No NACIS/VisWeek for me	1607	64

14524	dE9	to		portland	weather	october	1343156932	Re: No NACIS/VisWeek for me	1607	60

14522	dE9	to		touch	bad	welcome	1343196255	Re: No NACIS/VisWeek for me	1607	27

14677	dE9	to		intense	curves	loading	1343315428	emoto online (but **shhh**)	1620	182

14672	dE9	to		very	well	done	1343315551	Re: emoto online (but **shhh**)	1620	4

14673	dE9	to		moritz	has	twitter	1343317330	Re: emoto online (but **shhh**)	1620	5

14676	dE9	to		stefaner	office	beste	1343317472	Re: emoto online (but **shhh**)	1620	16

14666	dE9	to		will	just	get	1343317902	Re: emoto online (but **shhh**)	1620	13

14681	dE9	to		damm	eickedorfer	lilienthal	1343318145	Re: emoto online (but **shhh**)	1620	23

14680	dE9	to		chrome	soft	identity	1343327241	Re: emoto online (but **shhh**)	1620	99

14670	dE9	to		bright	modern	streaming	1343327689	Re: emoto online (but **shhh**)	1620	153

14675	dE9	to					1343327728	Re: emoto online (but **shhh**)	1620	0

14683	dE9	to		happy	help	either	1343328045	Re: emoto online (but **shhh**)	1620	14

14671	dE9	to		eickedorfer	lilienthal	grüße	1343328207	Re: emoto online (but **shhh**)	1620	26

14678	dE9	to		hint	hashtags	jus	1343330846	Re: emoto online (but **shhh**)	1620	300

14667	dE9	to		emergent	fifa	inverted	1343331516	Re: emoto online (but **shhh**)	1620	469

14674	dE9	to		degree	topics	chrome	1343332662	Re: emoto online (but **shhh**)	1620	91

14682	dE9	to		mass	redis	balanced	1343332957	Re: emoto online (but **shhh**)	1620	144

14668	dE9	to		negative	suddenly	organized	1343424189	Re: emoto online (but **shhh**)	1620	81

14679	dE9	to		focusing	century	gold	1343425690	Re: emoto online (but **shhh**)	1620	33

14951	dE9	to		when	thanks	post	1343743640	Using Data Visualization to find Insights	1620	14

15059	dE9	to		southern	wiley	atrium	1343858207	Wiley	1663	144

15056	dE9	to		with	book	already	1343858429	Re: Wiley	1663	7

15055	dE9	to		months	books	kirk	1343858600	Re: Wiley	1663	29

15054	dE9	to		stefaner	mobile	moritz	1343858932	Re: Wiley	1663	12

15061	dE9	to		grüße	moritz	stefaner	1343886949	Re: Wiley	1663	38

15060	dE9	to		received	willem	freelance	1344034349	Re: Wiley	1663	65

15058	dE9	to		jan	willem	does	1345456438	Re: Wiley	1663	28

15057	dE9	to		call	write	plan	1345456697	Re: Wiley	1663	35

15418	dE9	to		wants	paper	telling	1344426652	Just in case..	1709	37

15415	dE9	to		structure	interactivethings	founding	1344426829	Re: Just in case..	1709	40

15416	dE9	to		mobile	moritz	office	1344426990	Re: Just in case..	1709	13

15417	dE9	to		super			1344430229	Re: Just in case..	1709	1

15815	dE9	to		uni	winners	managed	1344985818	Visualizing & VisWeek	1762	56

15817	dE9	to		relationship	announced	alle	1344987916	Re: Visualizing & VisWeek	1762	79

15822	dE9	to		mobile	moritz	office	1345019848	Re: Visualizing & VisWeek	1762	12

15821	dE9	to		help	sense	visual	1345041535	Re: Visualizing & VisWeek	1762	16

15823	dE9	to		that	from	awesome	1345052969	Re: Visualizing & VisWeek	1762	6

15819	dE9	to		who	then	come	1345103836	Re: Visualizing & VisWeek	1762	5

15820	dE9	to		say	before	myself	1345104040	Re: Visualizing & VisWeek	1762	22

15818	dE9	to		shame			1345104104	Re: Visualizing & VisWeek	1762	2

15816	dE9	to		having	tutorial	definitely	1345104792	Re: Visualizing & VisWeek	1762	26

15813	dE9	from		will	about	after	1345451981	Re: Visualizing & VisWeek	1762	11

15814	dE9	to		our	enrico	going	1345568608	Re: Visualizing & VisWeek	1762	19

15840	dE9	to		clubs	dynamically	acquiring	1345019822		1763	104

15838	dE9	to		digests	disconnects	fandom	1345021060	Re:	1763	236

15839	dE9	to		over	take	look	1345021213	Re:	1763	19

15871	dE9	to		move	seen	until	1345041629	Enrico to NYC	1767	41

15866	dE9	to		moritz	nice	office	1345042005	Re: Enrico to NYC	1767	13

15868	dE9	to		lilienthal	grüße	conference	1345042138	Re: Enrico to NYC	1767	27

15861	dE9	to		gregor	unfortunately	wait	1345042634	Re: Enrico to NYC	1767	26

15864	dE9	to		pay	saying	conferences	1345043928	Re: Enrico to NYC	1767	22

15865	dE9	to					1345043996	Re: Enrico to NYC	1767	0

15867	dE9	to		speaker	scritto	sold	1345047487	Re: Enrico to NYC	1767	38

15869	dE9	to		know	could	don	1345052548	Re: Enrico to NYC	1767	14

15870	dE9	to		missing	names	likely	1345057959	Re: Enrico to NYC	1767	47

15862	dE9	to		uich			1345067192	Re: Enrico to NYC	1767	1

15860	dE9	to		like	cartel	enrico	1345103643	Re: Enrico to NYC	1767	11

15863	dE9	to		smaller	speakers	fee	1345464712	Re: Enrico to NYC	1767	47

15872	dE9	to		beste	germany	little	1345044015	Images as datastore	1768	16

16015	dE9	to		any	folks	big	1345220771		1789	19

16014	dE9	to		asked	either	share	1345221163	Re:	1789	18

16016	dE9	to		money	problems		1345221228	Re:	1789	2

16096	dE9	to		received	willing	italy	1345448218	Fwd: reset?	1795	41

16095	dE9	to		alle	ore	catching	1345465308	Re: reset?	1795	64

16094	dE9	to		week	first	fantastic	1345466046	Re: reset?	1795	16

16098	dE9	to		staying	correctly	incorporate	1345449165	VISUALIZED499	1796	90

16097	dE9	to		will	just	know	1345500616	Re: VISUALIZED499	1796	10

16113	dE9	to		somebody	besides	agency	1345465674	Storytelling	1797	77

16110	dE9	to		picked	invisible	secrets	1345466834	Re: Storytelling	1797	62

16108	dE9	to		which	really	good	1345466906	Re: Storytelling	1797	13

16114	dE9	to		scott	instance	totally	1345467209	Re: Storytelling	1797	21

16112	dE9	to		office	beste	germany	1345467318	Re: Storytelling	1797	23

16109	dE9	to		diakopoulos	hullman	jessica	1345718122	Re: Storytelling	1797	318

16111	dE9	to		moritz	office	beste	1345791704	Re: Storytelling	1797	15

16264	dE9	to		posters	requires	assistance	1345731824	contact who can do infographic posters	1800	89

16309	dE9	to		cheers	find	got	1345801548		1801	14

16311	dE9	to		visualizer	address	groet	1345802033	Re:	1801	44

16310	dE9	to		thanks	jan	willem	1345802055	Re:	1801	3

17096	dE9	to		november	flight	academics	1346884224	Workshop at Politecnico di Milano	1801	114

17097	dE9	to		outside	dates	clearly	1346908070	Re: Workshop at Politecnico di Milano	1801	39

17104	dE9	to		somebody	giorno	scritto	1346931568	Re: Workshop at Politecnico di Milano	1801	57

17098	dE9	to		not	all	just	1346931782	Re: Workshop at Politecnico di Milano	1801	7

17101	dE9	to		willem	interested	paolo	1346943225	Re: Workshop at Politecnico di Milano	1801	21

17099	dE9	to		zürich	freiestrasse	takes	1346967339	Re: Workshop at Politecnico di Milano	1801	50

17103	dE9	to		see	mail	don	1346968032	Re: Workshop at Politecnico di Milano	1801	16

17100	dE9	to		politecnico	googlegroups	oggetto	1346969788	Re: Workshop at Politecnico di Milano	1801	70

17102	dE9	to		you	already	skype	1347023030	Re: Workshop at Politecnico di Milano	1801	6

16330	dE9	to		activities	statistical	datasets	1345814673	Manchester City Football Club dataset	1802	89

16751	dE9	to		alberto	upcoming	resource	1346415631	poverty data + visualization	1832	70

16749	dE9	to		aid	inequality	subcategories	1346419418	Re: poverty data + visualization	1832	145

16750	dE9	to		lots	website	submit	1346658300	Re: poverty data + visualization	1832	30

16923	dE9	to		conservatives	defeat	demonstration	1346688687	my tableau politics contest entry	1851	294

16924	dE9	to		fault	limitations	voting	1346695643	Re: my tableau politics contest entry	1851	191

16926	dE9	to		really	work	any	1346925232	Re: my tableau politics contest entry	1851	20

17230	dE9	to		scary	lists	providing	1347052367	Cartel Network Visualization	1886	60

17229	dE9	to		this	really	cool	1347053002	Re: Cartel Network Visualization	1886	4

17232	dE9	to		the	and	more	1347053255	Re: Cartel Network Visualization	1886	9

17231	dE9	to		production	lead	partner	1347109783	Re: Cartel Network Visualization	1886	25

17233	dE9	to		this	really	work	1347137592	Re: Cartel Network Visualization	1886	6

17234	dE9	to		deployed	guaranteeing	membersâ	1347480973	Re: Cartel Network Visualization	1886	302

17235	dE9	to		community	connected	interpret	1347482992	Re: Cartel Network Visualization	1886	103

17378	dE9	to		bertini	brain	konstanz	1347301373	Salvatore Iconesi's Open Source Cure	1895	45

17375	dE9	to		beste	germany	damm	1347302412	Re: Salvatore Iconesi's Open Source Cure	1895	18

17373	dE9	to		remember	tweet	wow	1347305211	Re: Salvatore Iconesi's Open Source Cure	1895	24

17374	dE9	to		him	his	gregor	1347305560	Re: Salvatore Iconesi's Open Source Cure	1895	24

17377	dE9	to		lead	remember	partner	1347306978	Re: Salvatore Iconesi's Open Source Cure	1895	30

17376	dE9	to		say	quite	his	1347308416	Re: Salvatore Iconesi's Open Source Cure	1895	18

17379	dE9	to		cancer	visionary	coherent	1347310957	Re: Salvatore Iconesi's Open Source Cure	1895	137

17371	dE9	to		really	how	very	1347311854	Re: Salvatore Iconesi's Open Source Cure	1895	15

17372	dE9	to		spectrum	cure	fulfilling	1347316334	Re: Salvatore Iconesi's Open Source Cure	1895	65

17409	dE9	to		require	fee	stream	1347351155	Stream graph	1895	54

17410	dE9	to		built	directly	clark	1347351525	Re: Stream graph	1895	35

17411	dE9	to		include	approached	hold	1347351773	Re: Stream graph	1895	41

17403	dE9	to		for	did	didn	1347353025	Re: Stream graph	1895	5

17404	dE9	to		lilienthal	grüße	did	1347353512	Re: Stream graph	1895	30

17406	dE9	to		this	will	use	1347353667	Re: Stream graph	1895	7

17405	dE9	to		built	elements	demo	1347354192	Re: Stream graph	1895	35

17408	dE9	to		all	will	thanks	1347354825	Re: Stream graph	1895	7

17402	dE9	to		milano	andykirk	densitydesign	1347356108	Re: Stream graph	1895	70

17407	dE9	to		now	thanks	most	1347370643	Re: Stream graph	1895	9

17464	dE9	to		according	itself	visually	1347406455	Some news on Visual.ly	1906	64

17463	dE9	to		seems	investment	goes	1347432622	Re: Some news on Visual.ly	1906	25

17462	dE9	to		beste	germany	love	1347440204	Re: Some news on Visual.ly	1906	16

17461	dE9	to		they	need	stuff	1347440421	Re: Some news on Visual.ly	1906	13

17491	dE9	to		dear	further	clients	1347439935	Social Network Analysis	1907	75

17487	dE9	to		starting	signed	class	1347440657	Re: Social Network Analysis	1907	32

17492	dE9	to		production	lead	along	1347443365	Re: Social Network Analysis	1907	33

17490	dE9	to		already	currently	classes	1347444115	Re: Social Network Analysis	1907	4

17489	dE9	to		before	doesn	thinking	1347444672	Re: Social Network Analysis	1907	20

17488	dE9	to		and	data	one	1347444755	Re: Social Network Analysis	1907	9

17550	dE9	to		spanish	gently	rope	1347484602	Le me being nominated	1910	145

17541	dE9	to		done	cartel	probably	1347485071	Re: Le me being nominated	1910	21

17542	dE9	to		guy	visualized	speaking	1350575998	Re: Le me being nominated	1910	41

17551	dE9	to		fantastic	oct	visualized	1350576244	Re: Le me being nominated	1910	67

17549	dE9	to		speakers	invited	diagram	1350576518	Re: Le me being nominated	1910	35

17545	dE9	to		guy	visualized	speaking	1350579393	Re: Le me being nominated	1910	47

17543	dE9	to		relevant	attending	london	1350580791	Re: Le me being nominated	1910	68

17540	dE9	to		london	aisch	guardian	1350581056	Re: Le me being nominated	1910	86

17538	dE9	to		then	won	training	1350581308	Re: Le me being nominated	1910	15

17547	dE9	to		santiago	believe	nyc	1350590310	Re: Le me being nominated	1910	22

17539	dE9	to		the	they	well	1350634280	Re: Le me being nominated	1910	8

17548	dE9	to		his	charts	santiago	1350634564	Re: Le me being nominated	1910	19

17546	dE9	to		this	but	all	1350667162	Re: Le me being nominated	1910	12

17544	dE9	to					1350677510	Re: Le me being nominated	1910	0

17733	dE9	to		mac	exclusive	practices	1347631899	advice needed	1927	79

17731	dE9	to		live	suggestions	dead	1347632843	Re: advice needed	1927	23

17728	dE9	to		markdown	nas	operating	1347638511	Re: advice needed	1927	219

17729	dE9	to					1347638862	Re: advice needed	1927	0

17737	dE9	to		thanks	gregor		1347640359	Re: advice needed	1927	2

17742	dE9	to		for	but	app	1347640935	Re: advice needed	1927	7

17743	dE9	to		sudo	textmate	unixy	1347825526	Re: advice needed	1927	129

17730	dE9	to		know	thanks	didn	1347836488	Re: advice needed	1927	13

17735	dE9	to		page	trying	example	1348216638	Re: advice needed	1927	21

17741	dE9	to		reload	shell	compiled	1348225014	Re: advice needed	1927	92

17738	dE9	to		does	haven	trying	1348225212	Re: advice needed	1927	21

17740	dE9	to		ran	scripts	checks	1348228703	Re: advice needed	1927	78

17744	dE9	to		use	though	sure	1348228853	Re: advice needed	1927	18

17739	dE9	to		damm	eickedorfer	lilienthal	1348229002	Re: advice needed	1927	20

17734	dE9	to		moritz	office	beste	1348229024	Re: advice needed	1927	15

17732	dE9	to		exit	jumped	systems	1348229150	Re: advice needed	1927	86

17736	dE9	to		might	quick	python	1348230249	Re: advice needed	1927	17

17841	dE9	to		beste	germany	damm	1347813353	data cooking	1946	17

17840	dE9	to		all	was	eatable	1347814113	Re: data cooking	1946	3

17843	dE9	to		was	very	least	1347816609	Re: data cooking	1946	6

17839	dE9	to		you	this	are	1347818386	Re: data cooking	1946	5

17842	dE9	to		viz	variables	knowledge	1347820485	Re: data cooking	1946	34

17844	dE9	to		moritz	office	beste	1347828847	Re: data cooking	1946	17

17939	dE9	to		the	there	when	1347897957		1969	8

17958	dE9	to		latest	spend	win	1347915420	i was told to keep it secret but fuck no	1974	27

17959	dE9	to		congrats			1347915489	Re: i was told to keep it secret but fuck no	1974	1

17960	dE9	to		jerome	good	stuff	1347916603	Re: i was told to keep it secret but fuck no	1974	3

17962	dE9	to		bme	jér	congrats	1347917339	Re: i was told to keep it secret but fuck no	1974	3

17957	dE9	to		great	any	word	1347952916	Re: i was told to keep it secret but fuck no	1974	14

17961	dE9	to		live	buy	whatever	1347959679	Re: i was told to keep it secret but fuck no	1974	21

19475	dE9	to		ground	aggressive	cio	1349889534	oecd woes	2119	170

19479	dE9	to		happens	decide	walk	1349890882	Re: oecd woes	2119	78

19476	dE9	to		piece	names	due	1349891175	Re: oecd woes	2119	36

19480	dE9	to		english	showed	girlfriend	1349895254	Re: oecd woes	2119	52

19478	dE9	to		believe	direction	following	1349896947	Re: oecd woes	2119	35

19477	dE9	from		infosthetics	differently	concerned	1349902706	Re: oecd woes	2119	80

19474	dE9	to		show	oecd	without	1349957130	Re: oecd woes	2119	34

19481	dE9	to		much	too	cartel	1349957374	Re: oecd woes	2119	17

19553	dE9	to		datavis	spent	waiting	1349957932	Datawrapper	2128	44

19548	dE9	to		for	good	very	1349959653	Re: Datawrapper	2128	12

19549	dE9	to		creating	obvious	challenges	1349970401	Re: Datawrapper	2128	54

19551	dE9	to		chart	area	support	1349986447	Re: Datawrapper	2128	32

19552	dE9	to		fix	bug	meaningful	1349991718	Re: Datawrapper	2128	62

19550	dE9	to		burst	circulars	departed	1350029958	Re: Datawrapper	2128	308

19546	dE9	to		yet	damm	eickedorfer	1350030117	Re: Datawrapper	2128	28

19545	dE9	to		burst	circulars	departed	1350037079	Re: Datawrapper	2128	340

19547	dE9	to		you	can	make	1351881132	Re: Datawrapper	2128	6

19593	dE9	to		any	cartel	looking	1349985204	Visualization position at Google	2132	16

19592	dE9	to		conclusion	posts	dream	1349986313	Re: Visualization position at Google	2132	57

19591	dE9	to		does	sounds	saw	1349990684	Re: Visualization position at Google	2132	23

19590	dE9	to		great	visualization	benjamin	1350023956	Re: Visualization position at Google	2132	21

19677	dE9	from		arrive	free	andrew	1350072597	Seattle?	2136	18

19678	dE9	to		dinner	afternoon	missed	1350073308	Re: Seattle?	2136	27

19673	dE9	from		close	andrew	late	1350076272	Re: Seattle?	2136	28

19672	dE9	to		early	consider	dinner	1350077262	Re: Seattle?	2136	35

19675	dE9	from		fine	mean	andrew	1350077710	Re: Seattle?	2136	27

19676	dE9	to		lately	tons	circa	1350078013	Re: Seattle?	2136	51

19674	dE9	from		you	can	just	1350106628	Re: Seattle?	2136	10

19671	dE9	to		not	which	work	1350107039	Re: Seattle?	2136	6

19739	dE9	to		the	for	you	1350172082	Seattle!	2143	12

19738	dE9	from		phone	number	ask	1350172241	Re: Seattle!	2143	26

19737	dE9	to		the	you	great	1350172466	Re: Seattle!	2143	10

19736	dE9	from		not	did	him	1350172893	Re: Seattle!	2143	10

20231	dE9	to		esquem	etica	knowingly	1350632948	Thoughts on a PhD Research Project about Information Visualization & Design Activism	2254	304

20234	dE9	to		interfaces	applied	experiments	1350633635	Best Papers that Evaluate Understandability of Visualizations	2255	108

20235	dE9	to		enrico	visweek	subject	1350633935	Re: Best Papers that Evaluate Understandability of Visualizations	2255	21

20232	dE9	to		applied	experiments	gain	1350636988	Re: Best Papers that Evaluate Understandability of Visualizations	2255	137

20237	dE9	to		indeed	otherwise	limited	1350637434	Re: Best Papers that Evaluate Understandability of Visualizations	2255	25

20236	dE9	to		rigorous	definition	hints	1350682268	Re: Best Papers that Evaluate Understandability of Visualizations	2255	113

20233	dE9	from		museum	participants	becomes	1350696656	Re: Best Papers that Evaluate Understandability of Visualizations	2255	84

20239	dE9	to		scenario	clearer	identified	1350853978	Re: Best Papers that Evaluate Understandability of Visualizations	2255	76

20238	dE9	to		help	interested	useful	1350915670	Re: Best Papers that Evaluate Understandability of Visualizations	2255	33

20507	dE9	to		catch	answers	approaches	1351029646	I'd love to include your approach in my next talk	2292	90

20508	dE9	to		alle	rough	ore	1351058871	Re: I'd love to include your approach in my next talk	2292	132

20511	dE9	to		alberto	attempts	pushing	1351059848	Re: I'd love to include your approach in my next talk	2292	167

20512	dE9	to		quickly	hands	interview	1351062508	Re: I'd love to include your approach in my next talk	2292	69

20510	dE9	to		concur	requirements	rewarding	1351066517	Re: I'd love to include your approach in my next talk	2292	294

20513	dE9	to		reflected	satisfying	reformatting	1351070561	Re: I'd love to include your approach in my next talk	2292	533

20505	dE9	to		therefore	presenting	incredible	1351079042	Re: I'd love to include your approach in my next talk	2292	85

20506	dE9	to		pointer	loops	sheila	1351082304	Re: I'd love to include your approach in my next talk	2292	162

20514	dE9	to		evening	appreciated	sending	1351100996	Re: I'd love to include your approach in my next talk	2292	46

20509	dE9	to		tell	family	welcome	1351101514	Re: I'd love to include your approach in my next talk	2292	20

20550	dE9	to		cold	colours	alternatives	1351076533	Alternative to RAG	2293	43

20861	dE9	to		basis	hangout	nicely	1351518987	Mobster hangout	2314	74

20857	dE9	to		all	good	might	1351524440	Re: Mobster hangout	2314	12

20862	dE9	to		great			1351524728	Re: Mobster hangout	2314	1

20853	dE9	to		there	like	try	1351548420	Re: Mobster hangout	2314	5

20860	dE9	to		and	that	right	1351548762	Re: Mobster hangout	2314	4

20858	dE9	to		the	have	all	1351550341	Re: Mobster hangout	2314	9

20859	dE9	to		great	may	idea	1351581556	Re: Mobster hangout	2314	14

20855	dE9	to		are	out	hanging	1351883005	Re: Mobster hangout	2314	3

20854	dE9	to					1351552518	=?utf-8?B?UmU6IE1vYnN0ZXIgaGFuZ291dA==	2316	0

21009	dE9	to		freelance	emails	tulp	1351690940	all aboard?	2325	29

21010	dE9	to		office	beste	germany	1351691075	Re: all aboard?	2325	18

20851	dE9	to		office	beste	germany	1351883433	Re: Mobster hangout	2340	17

20856	dE9	to		friends	happen	often	1351903619	Re: Mobster hangout	2340	32

20852	dE9	to		moritz	office	beste	1352105050	Re: Mobster hangout	2340	14

21238	dE9	to		email	guys	didn	1351932347	Re: Moderator's spam report for data-visualization-cartel@googlegroups.com	2342	16

21239	dE9	to		enrico	guys	jan	1351933068	Re: Moderator's spam report for data-visualization-cartel@googlegroups.com	2342	23

21237	dE9	to		link	members	initial	1351933521	Re: Moderator's spam report for data-visualization-cartel@googlegroups.com	2342	36

21240	dE9	to		normal	except	chat	1351934455	Re: Moderator's spam report for data-visualization-cartel@googlegroups.com	2342	27

21397	dE9	to		enrico	jan	probably	1352191978	test mail for Stephanie	2357	26

21399	dE9	to		off	grüße	she	1352192090	Re: test mail for Stephanie	2357	31

21398	dE9	to		also	her		1352192284	Re: test mail for Stephanie	2357	2

21400	dE9	to		stefaner	mobile	moritz	1352192320	Re: test mail for Stephanie	2357	12

21401	dE9	to		always	she	taking	1352348054	Re: test mail for Stephanie	2357	29

21402	dE9	to		everyone	conversation	missed	1352355261	Re: test mail for Stephanie	2357	18

21598	dE9	to		and	much	head	1352356068	wow	2389	11

21600	dE9	to		finally	comes	london	1352379156	Re: wow	2389	41

21601	dE9	to		just	don	back	1352394827	Re: wow	2389	11

21599	dE9	to		rain	voting	favourite	1352396054	Re: wow	2389	121

21597	dE9	to		one	thanks	great	1352399198	Re: wow	2389	13

21731	dE9	to		guys	seen	fun	1352494389	Data Stories Hangout	2399	27

21732	dE9	from		great	idea	enrico	1352536444	Re: Data Stories Hangout	2399	13

21739	dE9	to		coming	friends	worked	1352538373	Re: Data Stories Hangout	2399	38

21729	dE9	to		hello	benjamin	day	1352660217	Re: Data Stories Hangout	2399	15

21734	dE9	to		would	moritz	great	1352660329	Re: Data Stories Hangout	2399	13

21738	dE9	to		back	working	day	1352661068	Re: Data Stories Hangout	2399	16

21735	dE9	to		global	miss	giorno	1352662046	Re: Data Stories Hangout	2399	46

21730	dE9	to		day	come	love	1352707205	Re: Data Stories Hangout	2399	22

21733	dE9	to		hang	hangout	googlegroups	1352713192	Re: Data Stories Hangout	2399	58

21728	dE9	to		grüße	tomorrow	info	1352725976	Re: Data Stories Hangout	2399	31

21737	dE9	to		please	idea	here	1352757533	Re: Data Stories Hangout	2399	20

21740	dE9	to		give	post	won	1352825796	Re: Data Stories Hangout	2399	22

21736	dE9	to					1352826171	Re: Data Stories Hangout	2399	0

22078	dE9	to		nutshell	till	increased	1352997099	cartel judges	2436	86

22080	dE9	to		high	huge	quality	1352998501	Re: cartel judges	2436	32

22076	dE9	to		anyway	fact	entry	1352998800	Re: cartel judges	2436	24

22082	dE9	to		started	quality	hear	1353000055	Re: cartel judges	2436	32

22085	dE9	to		even	those	gets	1353001482	Re: cartel judges	2436	18

22079	dE9	to		the	love	foreign	1353001517	Re: cartel judges	2436	4

22087	dE9	to		looked	mark	young	1353001861	Re: cartel judges	2436	33

22077	dE9	to		around	viz	london	1353001980	Re: cartel judges	2436	15

22084	dE9	to		piece	multiples	trends	1353011329	Re: cartel judges	2436	40

22083	dE9	to					1353013471	Re: cartel judges	2436	0

22088	dE9	to		still	paolo	imagine	1353013896	Re: cartel judges	2436	16

22086	dE9	to		scope	phd	student	1353022152	Re: cartel judges	2436	32

22081	dE9	to		brilliant	student	usual	1353022632	Re: cartel judges	2436	45

22075	dE9	to		yes	around	reply	1353342021	Re: cartel judges	2436	16

22261	dE9	to		hindsight	humoristic	leonardo	1353316101	Training course	2450	295

22262	dE9	to		json	achieved	programmers	1353316787	Re: Training course	2450	187

22263	dE9	to		range	scientific	disciplines	1353317639	Re: Training course	2450	29

22294	dE9	to		wondering	near	attending	1353339790	meetup?	2455	75

22301	dE9	to		that	not	really	1353341419	Re: meetup?	2455	11

22302	dE9	to		and	you	see	1353341551	Re: meetup?	2455	11

22303	dE9	to		data	will	come	1353341933	Re: meetup?	2455	9

22297	dE9	to		anyone	tickets	receive	1353342142	Re: meetup?	2455	34

22292	dE9	to		they	going	end	1353342396	Re: meetup?	2455	12

22299	dE9	to		stef	weren	judges	1353345450	Re: meetup?	2455	70

22300	dE9	to					1353346924	Re: meetup?	2455	0

22295	dE9	to		things	way	yes	1353347206	Re: meetup?	2455	20

22293	dE9	to		going	next	year	1353348573	Re: meetup?	2455	6

22296	dE9	to		the	there	get	1353367568	Re: meetup?	2455	7

22298	dE9	to		visualizer	quick	groet	1353395693	Re: meetup?	2455	49

22363	dE9	to		scripts	server	stack	1353408346	Seeking a good developer	2460	60

22355	dE9	to		what	about	jason	1353449721	Re: Seeking a good developer	2460	5

22359	dE9	to		with	when	need	1353452771	Re: Seeking a good developer	2460	12

22357	dE9	to		stefaner	mobile	phone	1353482930	Re: Seeking a good developer	2460	15

22361	dE9	to		project	work	say	1353483814	Re: Seeking a good developer	2460	26

22353	dE9	to		site	web	include	1353484548	Re: Seeking a good developer	2460	29

22358	dE9	to		the	that	was	1353484908	Re: Seeking a good developer	2460	7

22362	dE9	to		damm	eickedorfer	lilienthal	1353484955	Re: Seeking a good developer	2460	28

22360	dE9	to		plan	writing	worked	1354118506	Re: Seeking a good developer	2460	50

22356	dE9	to		him	his	interested	1354118974	Re: Seeking a good developer	2460	35

22354	dE9	to		might	wrote	writing	1354127510	Re: Seeking a good developer	2460	42

22484	dE9	to		department	professor	institute	1353511444	Decoration	2468	68

22478	dE9	to		laptop	fans	mba	1353514111	Re: Decoration	2468	52

22479	dE9	to		studio	wall	essential	1353514875	Re: Decoration	2468	80

22487	dE9	to		cartel	might	post	1353515539	Re: Decoration	2468	25

22474	dE9	to		five	direct	performance	1353516210	Re: Decoration	2468	26

22485	dE9	to		you	that	then	1353517258	Re: Decoration	2468	7

22475	dE9	to		jerome	days	dark	1353517641	Re: Decoration	2468	3

22473	dE9	to		scratch	continent	decoration	1353520758	Re: Decoration	2468	75

22477	dE9	to		the	and	would	1353521063	Re: Decoration	2468	10

22476	dE9	to		giorno	scritto	lab	1353521312	Re: Decoration	2468	38

22483	dE9	to		wall	aka	hanging	1353525151	Re: Decoration	2468	35

22481	dE9	to		hipsters	legos	moustache	1353525215	Re: Decoration	2468	177

22486	dE9	to		posters	decoration	atlas	1353571564	Re: Decoration	2468	56

22480	dE9	to		your	current	location	1353571764	Re: Decoration	2468	5

22482	dE9	from		maybe	cool	few	1353613590	Re: Decoration	2468	17

22488	dE9	to		based	understand	once	1353963661	Re: Decoration	2468	31

22677	dE9	to		grabs	refinement	unleash	1353711378	Jury service...	2480	193

22676	dE9	to		entries	knew	criteria	1353711970	Re: Jury service...	2480	47

22673	dE9	to		completely	outline	failed	1353712253	Re: Jury service...	2480	27

22674	dE9	to		seen	hand	bad	1353912562	Re: Jury service...	2480	23

22675	dE9	to		whole	bad	wow	1353926735	Re: Jury service...	2480	18

23066	dE9	to		woo	deck	skeptical	1354301830	Help on teasing my students with vis examples	2507	109

23058	dE9	to		appreciate	curious	feature	1354303233	Re: Help on teasing my students with vis examples	2507	53

23067	dE9	to		appreciate	curious	feature	1354716858	Re: Help on teasing my students with vis examples	2507	60

23061	dE9	to		vizmarathon	ten	codes	1354724241	Re: Help on teasing my students with vis examples	2507	73

23062	dE9	to		hairball	preparing	genius	1354829087	Re: Help on teasing my students with vis examples	2507	161

23064	dE9	to		preparing	genius	pinch	1355329840	Re: Help on teasing my students with vis examples	2507	183

23069	dE9	to		for	your	would	1355331402	Re: Help on teasing my students with vis examples	2507	6

23065	dE9	to		for	use	cartel	1355331495	Re: Help on teasing my students with vis examples	2507	5

23059	dE9	to		lilienthal	skype	grüße	1355331540	Re: Help on teasing my students with vis examples	2507	25

23060	dE9	to		the	how	could	1355331653	Re: Help on teasing my students with vis examples	2507	5

23063	dE9	to		and	for	thanks	1355337756	Re: Help on teasing my students with vis examples	2507	9

23068	dE9	to		jan	willem	tulp	1355375544	Re: Help on teasing my students with vis examples	2507	24

23280	dE9	to		holiday	somebody	finishing	1354703763	Urgent D3 screen shot image required!	2516	60

23276	dE9	to		this			1354704347	Re: Urgent D3 screen shot image required!	2516	1

23277	dE9	to		over	down	everyone	1354704672	Re: Urgent D3 screen shot image required!	2516	8

23279	dE9	to		that	like	new	1354709857	Re: Urgent D3 screen shot image required!	2516	6

23278	dE9	to		more	cheers	last	1354717577	Re: Urgent D3 screen shot image required!	2516	6

23378	dE9	to		groet	hartelijke	technology	1354801468	High resolution display	2524	52

23582	dE9	to		sagmeister	solarbeat	stylistic	1355126691	Advice: the best physical/sensory data visualisations?	2533	251

23581	dE9	to		sounds	mind	fun	1355130690	Re: Advice: the best physical/sensory data visualisations?	2533	38

23577	dE9	to		projects	ones	completely	1355135708	Re: Advice: the best physical/sensory data visualisations?	2533	35

23579	dE9	to		great	check	someone	1355135876	Re: Advice: the best physical/sensory data visualisations?	2533	18

23580	dE9	to		off	research	books	1355136145	Re: Advice: the best physical/sensory data visualisations?	2533	36

23586	dE9	to		computer	interview	research	1355284188	Re: Advice: the best physical/sensory data visualisations?	2533	57

23575	dE9	to		that	for	thanks	1355304878	Re: Advice: the best physical/sensory data visualisations?	2533	7

23585	dE9	to		healthier	idle	lift	1355396933	Re: Advice: the best physical/sensory data visualisations?	2533	150

23583	dE9	to		chris	visualisations	emailed	1355397993	Re: Advice: the best physical/sensory data visualisations?	2533	61

23578	dE9	to		sure	say	interesting	1355407711	Re: Advice: the best physical/sensory data visualisations?	2533	18

23584	dE9	to		visualisation	art	ago	1355407899	Re: Advice: the best physical/sensory data visualisations?	2533	39

23576	dE9	from		andrew	research	side	1355412077	Re: Advice: the best physical/sensory data visualisations?	2533	17

23704	dE9	to		cons	overly	pros	1355232534	advice: go/no go	2551	64

23702	dE9	to		china	engagements	figured	1355233252	Re: advice: go/no go	2551	68

23708	dE9	to		occasions	presentations	lectures	1355241837	Re: advice: go/no go	2551	101

23698	dE9	to		showcase	spoken	sorts	1355242561	Re: advice: go/no go	2551	89

23707	dE9	to		everyone	speak	pay	1355256122	Re: advice: go/no go	2551	29

23699	dE9	to		ripped	evil	soul	1355257583	Re: advice: go/no go	2551	239

23700	dE9	to		question	code	enough	1355258036	Re: advice: go/no go	2551	14

23706	dE9	to		lol	signal	accepting	1355260119	Re: advice: go/no go	2551	100

23701	dE9	to					1355319971	Re: advice: go/no go	2551	0

23705	dE9	to		spin	drove	triggered	1355326907	Re: advice: go/no go	2551	189

23709	dE9	to		the	last	andy	1355327111	Re: advice: go/no go	2551	5

23710	dE9	to		lilienthal	skype	off	1355327388	Re: advice: go/no go	2551	30

23697	dE9	to		tulp	visualizer	happen	1355327506	Re: advice: go/no go	2551	58

23703	dE9	to		rain	retreat	continued	1355327832	Re: advice: go/no go	2551	107

23820	dE9	to		year	twitter	google	1355329538	sign of the times	2561	17

23818	dE9	to		the	just	doing	1355329689	Re: sign of the times	2561	5

23819	dE9	to		place	better	stuff	1355332608	Re: sign of the times	2561	13

23825	dE9	to		cool	guys	started	1355330815	Inviting Jen Lowe to the Cartel?	2562	32

23826	dE9	to		jen	york	consider	1355331158	Re: Inviting Jen Lowe to the Cartel?	2562	29

23838	dE9	to		ago	material	join	1355331482	Re: Inviting Jen Lowe to the Cartel?	2562	44

23823	dE9	to		decide	criteria	citizen	1355331660	Re: Inviting Jen Lowe to the Cartel?	2562	44

23833	dE9	to		gentlemen	ladies	primary	1355331805	Re: Inviting Jen Lowe to the Cartel?	2562	84

23845	dE9	to		zone	apply	american	1355339895	Re: Inviting Jen Lowe to the Cartel?	2562	37

23840	dE9	to		jen	either	thoughts	1355341745	Re: Inviting Jen Lowe to the Cartel?	2562	30

23837	dE9	to		well	fine	andrew	1355342377	Re: Inviting Jen Lowe to the Cartel?	2562	15

23834	dE9	to		expansion	posing	golden	1355342396	Re: Inviting Jen Lowe to the Cartel?	2562	119

23843	dE9	to		golden	broader	creep	1355342883	Re: Inviting Jen Lowe to the Cartel?	2562	197

23842	dE9	to		posing	golden	broader	1355343110	Re: Inviting Jen Lowe to the Cartel?	2562	200

23831	dE9	to		definitely	single	addition	1355343161	Re: Inviting Jen Lowe to the Cartel?	2562	54

23824	dE9	from		bullet	rainy	dedication	1355343181	Re: Inviting Jen Lowe to the Cartel?	2562	52

23836	dE9	to		organize	confirm	berlin	1355343545	Re: Inviting Jen Lowe to the Cartel?	2562	61

23841	dE9	to		dataviz	secret	diagrams	1355344754	Re: Inviting Jen Lowe to the Cartel?	2562	24

23851	dE9	to		members	feeling	center	1355354307	Re: Inviting Jen Lowe to the Cartel?	2562	34

23832	dE9	to		physical	managed	imo	1355356423	Re: Inviting Jen Lowe to the Cartel?	2562	129

23844	dE9	to		necessarily	unlikely	particularly	1355374451	Re: Inviting Jen Lowe to the Cartel?	2562	110

23839	dE9	to		lately	amsterdam	bird	1355385414	Re: Inviting Jen Lowe to the Cartel?	2562	137

23849	dE9	to		bird	stated	definite	1355388597	Re: Inviting Jen Lowe to the Cartel?	2562	256

23830	dE9	to		reading	couldn	decide	1355422243	Re: Inviting Jen Lowe to the Cartel?	2562	37

23828	dE9	to		the	message	future	1355422596	Re: Inviting Jen Lowe to the Cartel?	2562	6

23850	dE9	to		well	santiago	played	1355423770	Re: Inviting Jen Lowe to the Cartel?	2562	3

23829	dE9	to		for	email	check	1355424219	Re: Inviting Jen Lowe to the Cartel?	2562	11

23846	dE9	from		support	ways	messages	1355434517	Re: Inviting Jen Lowe to the Cartel?	2562	14

23848	dE9	to		cartel	thing	remember	1355435525	Re: Inviting Jen Lowe to the Cartel?	2562	17

23827	dE9	to		the	and	please	1355435794	Re: Inviting Jen Lowe to the Cartel?	2562	11

23835	dE9	to		andy	him	kirk	1355438612	Re: Inviting Jen Lowe to the Cartel?	2562	22

23847	dE9	to		and	lady	gaga	1355442077	Re: Inviting Jen Lowe to the Cartel?	2562	3

23993	dE9	to		approvals	clubs	nerd	1355502103	Memberships and such	2572	184

23989	dE9	to		yes	points	jen	1355502314	Re: Memberships and such	2572	22

23985	dE9	to		damm	eickedorfer	lilienthal	1355502382	Re: Memberships and such	2572	28

23981	dE9	to		suggested	joins	afaik	1355502418	Re: Memberships and such	2572	64

23994	dE9	to		clubs	nerd	quirky	1355504066	Re: Memberships and such	2572	260

23991	dE9	to		models	correspondent	organizations	1355512349	Re: Memberships and such	2572	119

23983	dE9	to		lost	arise	whilst	1355522802	Re: Memberships and such	2572	87

23984	dE9	to		reminder			1355605127	Re: Memberships and such	2572	1

23997	dE9	from		this	was	time	1355605774	Re: Memberships and such	2572	12

23988	dE9	to		office	moritz	beste	1355607511	Re: Memberships and such	2572	17

23982	dE9	to		the	you	done	1355754246	Re: Memberships and such	2572	8

23987	dE9	to		done			1355765100	Re: Memberships and such	2572	1

23995	dE9	to		guys	wrote	jan	1355804160	Re: Memberships and such	2572	19

23996	dE9	to		fill	participation	doodle	1355804718	Re: Memberships and such	2572	62

23986	dE9	to		terms	unfortunately	seattle	1355817809	Re: Memberships and such	2572	32

23990	dE9	to		screen	bertini	fill	1355818515	Re: Memberships and such	2572	44

23992	dE9	to		done			1355819420	Re: Memberships and such	2572	1

24074	dE9	to		little	anything	guess	1355604750	cartel correspondance	2580	23

24064	dE9	to		like	how	great	1355606221	Re: cartel correspondance	2580	13

24075	dE9	to		click	members	messages	1355606419	Re: cartel correspondance	2580	16

24073	dE9	to		thought	name	messages	1355606831	Re: cartel correspondance	2580	27

24066	dE9	to		nice	each	list	1355607207	Re: cartel correspondance	2580	24

24070	dE9	to		view	cool	used	1355661993	Re: cartel correspondance	2580	26

24067	dE9	to		straight	contents	conversations	1355685941	Re: cartel correspondance	2580	79

24071	dE9	to		structure	coding	linear	1355685950	Re: cartel correspondance	2580	41

24068	dE9	to		inner	chattiest	tweaking	1355706598	Re: cartel correspondance	2580	170

24072	dE9	to		only	end	most	1355762488	Re: cartel correspondance	2580	16

24065	dE9	to		into	hey	move	1355762682	Re: cartel correspondance	2580	14

24069	dE9	to		challenge	across	considering	1355763216	Re: cartel correspondance	2580	33

24076	dE9	to		left	emails	behind	1355776278	Re: cartel correspondance	2580	19

24167	dE9	to		wait	buy	copy	1355756660	Don't buy my book	2587	27

24168	dE9	to		woo			1355803600	Re: Don't buy my book	2587	2

24201	dE9	to		participant	illustrator	unlike	1355778499	Workshop at Politecnico	2590	172

24197	dE9	to		sounds	did	worked	1355779088	Re: Workshop at Politecnico	2590	23

24194	dE9	to		comparison	frame	uploaded	1355779342	Re: Workshop at Politecnico	2590	75

24198	dE9	to		all	one	just	1355779468	Re: Workshop at Politecnico	2590	14

24200	dE9	to		really	super	night	1355780242	Re: Workshop at Politecnico	2590	13

24199	dE9	to		stuff	beste	days	1355782455	Re: Workshop at Politecnico	2590	26

24196	dE9	to		beverage	byzantine	compulsion	1355856639	Re: Workshop at Politecnico	2590	393

24193	dE9	to		interesting	being	especially	1355857036	Re: Workshop at Politecnico	2590	22

24195	dE9	to		trapped	assertive	beverage	1355857728	Re: Workshop at Politecnico	2590	420

24223	dE9	to		collaboration	contribute	february	1355786599	places and spaces cfs	2595	78

24225	dE9	to		version	map	using	1355793605	Re: places and spaces cfs	2595	14

24219	dE9	to		contribution	dates	usually	1355868195	Re: places and spaces cfs	2595	40

24220	dE9	to		happy	help		1355869132	Re: places and spaces cfs	2595	2

24224	dE9	to		going	though	even	1355869226	Re: places and spaces cfs	2595	21

24221	dE9	to		fun	places	santiago	1355904485	Re: places and spaces cfs	2595	34

24222	dE9	to		that	good	idea	1355916866	Re: places and spaces cfs	2595	3

24280	dE9	to		tulp	attend	visualizer	1355819523	SEE+?	2598	35

24273	dE9	to		opportunity	suggestions	obvious	1355819611	Re: SEE+?	2598	45

24264	dE9	to		that	was	what	1355819661	Re: SEE+?	2598	4

24267	dE9	to		away	eyeo	ticket	1355820653	Re: SEE+?	2598	32

24265	dE9	to		happen	expect	excited	1355821294	Re: SEE+?	2598	42

24277	dE9	to		damm	eickedorfer	lilienthal	1355821392	Re: SEE+?	2598	20

24262	dE9	to		office	moritz	beste	1355821403	Re: SEE+?	2598	16

24270	dE9	to		moritz	thanks		1355821458	Re: SEE+?	2598	2

24279	dE9	to		best	great	jan	1355821495	Re: SEE+?	2598	6

24269	dE9	to		thanks			1355821553	Re: SEE+?	2598	1

24263	dE9	to		tulp	news	team	1355821632	Re: SEE+?	2598	5

24260	dE9	to		thanks	andy		1355821761	Re: SEE+?	2598	2

24274	dE9	to		like	really	how	1355821975	Re: SEE+?	2598	13

24259	dE9	to		that	right	haha	1355822054	Re: SEE+?	2598	3

24266	dE9	to		quite	already	folks	1355831778	Re: SEE+?	2598	18

24268	dE9	to		thanks	enrico		1355832242	Re: SEE+?	2598	2

24261	dE9	to		googlegroups	oggetto	risposta	1355833227	Re: SEE+?	2598	60

24271	dE9	to		thanks	paolo		1355833268	Re: SEE+?	2598	2

24276	dE9	to		this	time	great	1355843505	Re: SEE+?	2598	6

24278	dE9	to		you	will	thank	1355844919	Re: SEE+?	2598	3

24275	dE9	to		suggestions	family	present	1355912436	Re: SEE+?	2598	72

24272	dE9	to		also	see	thanks	1355913247	Re: SEE+?	2598	4

24351	dE9	to		creative	box	dots	1355871234	creative approaches to maps	2607	55

24337	dE9	to		beste	set	makes	1355904955	Re: creative approaches to maps	2607	28

24332	dE9	to		whether	complete	yesterday	1355906708	Re: creative approaches to maps	2607	40

24331	dE9	to		downloaded	workers	hague	1355907885	Re: creative approaches to maps	2607	200

24350	dE9	to		scaled	binning	simplest	1355909424	Re: creative approaches to maps	2607	110

24352	dE9	to		thanks	sure	does	1355912124	Re: creative approaches to maps	2607	3

24339	dE9	to		dot	clusters	popping	1355914737	Re: creative approaches to maps	2607	71

24334	dE9	to		what	kind	map	1355917147	Re: creative approaches to maps	2607	12

24335	dE9	to		stefaner	office	moritz	1355917361	Re: creative approaches to maps	2607	18

24336	dE9	to		example	three	similar	1355917912	Re: creative approaches to maps	2607	38

24342	dE9	to		the	for	map	1355918151	Re: creative approaches to maps	2607	9

24353	dE9	to		#N/A	#N/A	#N/A	1355920229	Re: creative approaches to maps	2608	#N/A

24340	dE9	to		exist	regions	algorithm	1355921674	Re: creative approaches to maps	2609	28

24349	dE9	to		incredibly	lat	quarter	1355923696	Re: creative approaches to maps	2609	137

24327	dE9	to		epoint	evenâ	FALSE	1355925607	Re: creative approaches to maps	2609	197

24328	dE9	to		manually	reuse	segments	1355926200	Re: creative approaches to maps	2609	73

24348	dE9	to		accelerates	deformations	interiority	1355930033	Re: creative approaches to maps	2609	152

24345	dE9	to		tests	log	tree	1355931877	Re: creative approaches to maps	2609	46

24347	dE9	to		polygon	boundaries	combined	1355935769	Re: creative approaches to maps	2609	81

24329	dE9	to		you	have	now	1355950508	Re: creative approaches to maps	2609	10

24343	dE9	to		collection	collect	incredible	1355958429	Re: creative approaches to maps	2609	41

24326	dE9	to		yours	board	moved	1355959193	Re: creative approaches to maps	2609	44

24341	dE9	to		already	perhaps	adding	1355961334	Re: creative approaches to maps	2609	24

24338	dE9	to		the	from	some	1355988303	Re: creative approaches to maps	2609	8

24346	dE9	to		eickedorfer	lilienthal	skype	1355988493	Re: creative approaches to maps	2609	31

24344	dE9	to		the	for	data	1355927674	Re: creative approaches to maps	2610	10

24330	dE9	to		great	right	end	1356002086	Re: creative approaches to maps	2611	14

24333	dE9	to		inviato	surfaces	[category	1356075714	Re: creative approaches to maps	2612	95

t319	dE9	to	mention	you	both	congrats	1326157041		t42	9

t898	dE9	to	mention	moritz	stefaner	visualisingdata	1334365627		t592	19

t1341	dE9	to	mention	conference	wiederkehr	janwillemtulp	1334970993		t637	10

t1719	dE9	to	mention	conference	wiederkehr	workshop	1335489464		t689	18

t980	dE9	to	mention	http	visualisingdata	making	1335574818		t694	2

t1434	dE9	to	mention	display	skills	infosthetics	1338597318		t970	16

t885	dE9	from	mention	about	jcukier	http	1350348424		t1839	5

t1586	dE9	from	mention	tutorial	alignedleft	heer	1350348712		t1840	1

t323	dE9	from	mention	jcukier	experience	janwillemtulp	1350348555		t1846	7

t1430	dE9	to	mention	visweek	different	infosthetics	1350435975		t1865	7

t1431	dE9	to	mention	driven	infosthetics	periscopic	1350608722		t1917	17

t988	dE9	from	mention	visweek	being	ask	1350609944		t1922	8

t318	dE9	from	mention	jcukier	eagereyes	infosthetics	1350609964		t1922	12

t249	dE9	from	mention	too	only	next	1350610061		t1922	9

t262	dE9	from	mention	need	only	tweet	1350610181		t1922	11

t261	dE9	from	mention	twitter	check	tool	1350605403		t1922	4

t1433	dE9	to	mention	question	full	science	1350610159		t1923	12

t1429	dE9	from	mention	being	ask	courage	1350610181		t1924	12

t1428	dE9	to	mention	visweek	being	ask	1350610203		t1925	9

t1065	dE9	to	mention	good	job	infosthetics	1350609799		t1945	12

t899	dE9	from	mention	eagereyes	speaking	infosthetics	1350695955		t1968	17

t994	dE9	from	mention	data	from	out	1351037591		t2000	9

t1094	dE9	from	mention	here	http	visweek	1351039349		t2001	14

t1641	dE9	from	mention	end	got	visweek	1351038839		t2003	15

t1071	dE9	from	mention	http	got	visweek	1352073899		t2035	17

t1432	dE9	to	mention	all	good	students	1352679079		t2078	16

t1082	dE9	to	mention	happy	visualisingdata	moebio	1352767327		t2082	11

t1066	dE9	from	mention	moebio	datatelling	luck	1352770656		t2082	13

t1240	dE9	from	mention	too	happy	moebio	1352769427		t2085	9

t1647	dE9	from	mention	visualisingdata	datatelling	datavis	1354753885		t2187	14

t1255	dE9	from	dm	you	can	know	1350350838		dm6	4

t1159	dE9	to	dm	house	party	attending	1350350936		dm6	18

t1126	dE9	from	dm	know	don	here	1350350951		dm6	7

t192	dE9	to	dm	danyelfisher			1350350981		dm6	5

t1008	dE9	from	dm	not	then	does	1350351041		dm6	5

t1108	dE9	to	dm	about	how	enrico	1350351082		dm6	11

t1209	dE9	from	dm	does	btw	john	1350351131		dm6	7

t194	dE9	from	dm	not	even	following	1350351142		dm6	15

t1729	dE9	to	dm	but	they	know	1350351153		dm6	20

t1692	dE9	from	dm	you	with	not	1350351172		dm6	16

t1078	dE9	from	dm	for	this	should	1350351195		dm6	4

t1688	dE9	to	dm	you	have	with	1350351228		dm6	3

t1350	dE9	to	dm	impressive	john	maeda	1350351269		dm6	20

t1699	dE9	to	dm	you	are	when	1350351318		dm6	5

t1020	dE9	from	dm	than	cartel	enrico	1350351318		dm6	10

t1587	dE9	from	dm	soon			1350351412		dm6	13

t193	dE9	from	dm	twitter	follow	handle	1350351427		dm6	8

t304	dE9	to	dm	fisherdanyel	actually		1350351446		dm6	7

t1087	dE9	to	dm	all	cartel	follows	1350351498		dm6	5

t1236	dE9	from	dm	more	actually	sense	1350351524		dm6	12

t1279	dE9	from	dm	have	from	work	1350434951		dm6	4

t1109	dE9	from	dm	the	was	how	1350435696		dm6	9

t1271	dE9	to	dm	will	people	better	1350436447		dm6	12

t959	dE9	to	dm	you	would	like	1350436518		dm6	4

t1136	dE9	from	dm	too	she	nice	1350436653		dm6	10

