message	correspondent	direction	tweet	word1	word2	word3	time	subject	thread	length

12248	e56	from		good	project	done	1340598453	RE: Technical reviewing my book	1318	11

12332	e56	from		friday	learn	ben	1340983893	RE: Re: Few notes about the reviewing	1354	26

12334	e56	from		suggestions	indeed	review	1346389082	RE: Re: Few notes about the reviewing	1831	30

18391	e56	from		awas	awho	awhy	1349368783	Re: comments on chapter 6	2082	737

18388	e56	to		viz	unfortunately	wait	1349384830	Re: comments on chapter 6	2082	32

22660	e56	from		anice	apartners	asafe	1353704718	Re: Book	2479	140

t199	e56	to	mention	many	done	hey	1341105959		t1239	8

t200	e56	to	mention	congrats	dataremixed		1341274109		t1265	7

t202	e56	to	mention	the	have	challenge	1341277461		t1266	6

t1680	e56	to	mention	forme	ligne	inside	1341363427		t1272	14

t198	e56	from	mention	first	soon	moebio	1344387505		t1563	5

t832	e56	from	mention	them	jcukier	looking	1344388758		t1563	20

t833	e56	from	mention	thanks	jcukier	andy	1344387592		t1563	16

t831	e56	from	mention	like	jcukier	looking	1344384513		t1563	12

t201	e56	to	mention	thing	vis	interesting	1350522401		t1889	20

t531	e56	from	mention	jcukier	into	thanks	1350522561		t1889	9

t535	e56	from	mention	seems	tools	somewhat	1350606374		t1906	17

t1225	e56	to	mention	visualisingdata	moebio	team	1356742293		t2374	13

