message	correspondent	direction	tweet	word1	word2	word3	time	subject	thread	length

792	ECD	to		copies	equally	tag	1326295128	challenge of the stars	82	137

797	ECD	from		says	except	deadline	1326304425	Re: challenge of the stars	82	41

796	ECD	to		zooey	fibonacci	cinema	1326312796	Re: challenge of the stars	82	316

795	ECD	from		cinema	deschanel	oddyssey	1326410129	Re: challenge of the stars	82	366

791	ECD	to		kirsten	malick	melancholia	1326411825	Re: challenge of the stars	82	227

798	ECD	from		assigning	bouncing	comedies	1326443170	Re: challenge of the stars	82	485

794	ECD	from		kirsten	malick	melancholia	1326472888	Re: challenge of the stars	82	244

793	ECD	to		propagate	quadrants	recollection	1326479301	Re: challenge of the stars	82	641

931	ECD	from		click	online	above	1326440105	Profitability by Story - Two Ways (jeromecukier@gmail.com)	95	22

1068	ECD	to		proportional	random	arial	1326641416	dabbling and stuff	102	137

1064	ECD	from		representations	sketchy	needing	1326704187	Re: dabbling and stuff	102	137

1067	ECD	to		showcase	associate	rotate	1326710536	Re: dabbling and stuff	102	123

1060	ECD	to		added	btw	story	1326710684	Re: dabbling and stuff	102	23

1072	ECD	to		couple	circle	real	1326736255	Re: dabbling and stuff	102	21

1066	ECD	to		circle	stuff	html	1326752372	Re: dabbling and stuff	102	21

1061	ECD	from		overstating	picky	predetermine	1326791606	Re: dabbling and stuff	102	504

1065	ECD	to		demoted	dprofit	dtype	1326797558	Re: dabbling and stuff	102	446

1063	ECD	to		computed	boards	machines	1326813347	Re: dabbling and stuff	102	61

1062	ECD	from		ing	tail	radius	1326834711	Re: dabbling and stuff	102	205

1071	ECD	to		was	see	when	1326836065	Re: dabbling and stuff	102	13

1069	ECD	to		emails	seem	needs	1326836261	Re: dabbling and stuff	102	20

1070	ECD	to		treemap	proportional	manages	1326837951	Re: dabbling and stuff	102	242

1146	ECD	from		click	profit	online	1326791630	Summary Profit for Top 50 Movies 2007-2011 (jeromecukier@gmail.com)	109	23

1257	ECD	to		positionned	resulting	transform	1326916957	still dabbling	116	413

1253	ECD	from		highlighting	simultaneously	uncommon	1326961558	Re: still dabbling	116	288

1260	ECD	to		jonah	karate	lighting	1326971575	Re: still dabbling	116	763

1255	ECD	from		avatar	fewer	reads	1327048100	Re: still dabbling	116	86

1259	ECD	to		reshape	respectively	whistle	1327055866	Re: still dabbling	116	745

1258	ECD	to		radial	gradient	viable	1327056684	Re: still dabbling	116	243

1256	ECD	to		this	not	also	1327061640	Re: still dabbling	116	5

1261	ECD	from		viable	bummer	literaly	1327081712	Re: still dabbling	116	363

1254	ECD	to		technology	filter	visualizers	1327127922	Re: still dabbling	116	68

1453	ECD	to		clicked	uploaded	gradients	1327163451	dabbling til i die	135	80

1462	ECD	from		fail	metamorphosis	correlated	1327187219	cancelling meeting this afternoon/night	136	152

1461	ECD	to		interpret	referring	forth	1327189788	Re: cancelling meeting this afternoon/night	136	145

1460	ECD	from		nail	priorities	implementation	1327270768	Re: cancelling meeting this afternoon/night	136	246

1465	ECD	to		object	stars	btw	1327189823	Just realized	138	26

1459	ECD	to		imdb	keywords	mixed	1327276972	Re: cancelling meeting this afternoon/night	139	147

1497	ECD	from		introducing	metamorphosis	plotted	1327302228	hollywood layout sketch	140	315

1494	ECD	to		grounds	ignores	ironing	1327314021	Re: hollywood layout sketch	140	650

1493	ECD	from		spacing	unprofitable	outlier	1327391110	Re: hollywood layout sketch	140	272

1495	ECD	to		distorted	retrospect	spacing	1327446671	Re: hollywood layout sketch	140	444

1496	ECD	from		decide	finish	closer	1327474075	Re: hollywood layout sketch	140	84

1690	ECD	to		ate	visible	deserve	1327503455	I was thinking of something	161	134

1687	ECD	from		movie	easily	switch	1327510338	Re: I was thinking of something	161	49

1693	ECD	to		counting	relieved	extension	1327510932	Re: I was thinking of something	161	93

1688	ECD	from		references	allowing	newest	1327534646	Re: I was thinking of something	161	176

1689	ECD	to		junk	sends	elastic	1327536674	Re: I was thinking of something	161	206

1691	ECD	from		smallest	earnings	diameter	1327539218	Re: I was thinking of something	161	286

1692	ECD	to		cstars	swith	x+d	1327540344	Re: I was thinking of something	161	254

1757	ECD	from		styling	darker	hook	1327563915	a little style	169	101

1758	ECD	to		though	cheers	than	1327565072	Re: a little style	169	20

1756	ECD	from		panel	along	mostly	1327642930	Re: a little style	169	37

1755	ECD	from		the	that	just	1327644088	Re: a little style	169	7

1868	ECD	to		pacifico	sonsie	totearnings	1327669969	scales at last!	182	220

1869	ECD	to		further	mode	stars	1327706480	Re: scales at last!	182	56

1941	ECD	to		totalaudiencescore	totalbudget	totalgross	1327761133	added rankings	187	80

1950	ECD	from		forth	rank	transitioning	1327792482	Re: added rankings	187	153

1953	ECD	to		should	sent	had	1327793472	Re: added rankings	187	18

1948	ECD	to		raphv	pushed	reaction	1327795373	Re: added rankings	187	107

1944	ECD	from		together	code	changes	1327872997	Re: added rankings	187	30

1943	ECD	to		tomorrow	forward	stars	1327882508	Re: added rankings	187	44

1947	ECD	to		work	should	which	1327945876	Re: added rankings	187	16

1946	ECD	from		file	found	night	1327950340	Re: added rankings	187	36

1942	ECD	to		when	sent	here	1327951301	Re: added rankings	187	13

1951	ECD	from		jan	object	night	1327954433	Re: added rankings	187	28

1939	ECD	to		show	tonight	buttons	1327954652	Re: added rankings	187	28

1938	ECD	to		wish	spent	fixed	1327972302	Re: added rankings	187	37

1949	ECD	from		changes	progress	yours	1327990336	Re: added rankings	187	41

1952	ECD	from		all	what	time	1327990394	Re: added rankings	187	13

1945	ECD	to		cooks	demanding	dignified	1328008583	Re: added rankings	187	148

1940	ECD	from		plot	chef	action	1328032879	Re: added rankings	187	50

2204	ECD	to		customer	clark	finished	1328009413	in unrelated news	212	88

2208	ECD	to		would	best	work	1328019121	Re: in unrelated news	212	17

2212	ECD	from		can	jerome	more	1328032532	Re: in unrelated news	212	15

2213	ECD	to		mentionned	sketching	stakes	1328033470	Re: in unrelated news	212	321

2205	ECD	to		pictures	ebook	infographics	1328052833	Re: in unrelated news	226	39

2301	ECD	to		vertically	comprised	conventional	1328056142	ending this	230	497

2302	ECD	from		ass	learned	finish	1328153175	Re: ending this	230	88

2299	ECD	to		dash	posters	unlikely	1328202150	Re: ending this	230	109

2300	ECD	from		heard	turn	luck	1328210206	Re: ending this	230	60

2531	ECD	to		pick	near	ass	1328265674	not done yet	250	67

2532	ECD	from		movies	life	fun	1328292203	Re: not done yet	250	19

2207	ECD	to		give	kilian	captaindash	1328270845	Re: in unrelated news	251	19

2547	ECD	to		quite	little	yet	1328288178	almost done	255	30

2548	ECD	from		now	great	right	1328292387	Re: almost done	255	16

2216	ECD	to		kilian	jen	captaindash	1328295316	Re: in unrelated news	258	18

2593	ECD	to		literally	pieces	ideal	1328297079	Re Kilian	259	66

2595	ECD	from		functionality	exists	runs	1328299383	Re: Re Kilian	259	77

2589	ECD	to		implement	necessarily	platform	1328301225	Re: Re Kilian	259	71

2592	ECD	from		passing	platform	worry	1328301594	Re: Re Kilian	259	96

2598	ECD	to		european	broken	represented	1328306138	Re: Re Kilian	259	111

2597	ECD	from		start	jen	soon	1328323878	Re: Re Kilian	259	20

2633	ECD	to		self	cookies	ensure	1328361592	go ahead	265	51

2631	ECD	from		and	they	got	1328373232	Re: go ahead	265	11

2630	ECD	to		solid	provided	gray	1328375204	Re: go ahead	265	44

2636	ECD	from		but	thanks	better	1328375955	Re: go ahead	265	8

2632	ECD	from		please	those	kilian	1328377459	Re: go ahead	265	18

2635	ECD	to		here	kilian	captaindash	1328379885	Re: go ahead	265	5

2655	ECD	to		include	text	title	1328377334	done (I think)	269	65

2654	ECD	from		leaving	title	finish	1328404002	Re: done (I think)	269	44

2657	ECD	to		major	english	feature	1328429479	Re: done (I think)	269	64

2653	ECD	from		meaning	earth	galaxy	1328511545	Re: done (I think)	269	84

2656	ECD	to		deep	reminds	worry	1328520708	Re: done (I think)	269	77

2675	ECD	from		sticking	mexico	sorting	1328402682	data questions	272	151

2676	ECD	to		slovenia	excess	flows	1328429233	Re: data questions	272	209

2674	ECD	from		total	side	taking	1328430855	Re: data questions	272	28

2677	ECD	to		room	datatelling	saying	1328431042	RE: data questions	272	57

2679	ECD	to		france	world	say	1328431199	Re: data questions	272	14

2731	ECD	from		differences	shot	stayed	1328494838	lots of circles	278	105

2729	ECD	to		strokes	consistent	barely	1328519584	Re: lots of circles	278	158

2727	ECD	to		the	for	last	1328531327	Re: lots of circles	278	8

2725	ECD	from		increase	scenario	reduce	1328549573	Re: lots of circles	278	97

2733	ECD	to		then	cheers	bit	1328550029	Re: lots of circles	278	13

2736	ECD	from		for	there	your	1328567580	Re: lots of circles	278	11

2734	ECD	to		the	actually	phone	1328567638	Re: lots of circles	278	4

2726	ECD	from		this	what	know	1328568339	Re: lots of circles	278	9

2724	ECD	to		japan	étrangers	étranger	1328569365	Re: lots of circles	278	96

2728	ECD	from		connections	consider	care	1328571957	Re: lots of circles	278	53

2732	ECD	to		regards	code	try	1328731230	Re: lots of circles	278	22

2730	ECD	from		connections	updated	throughout	1328733292	Re: lots of circles	278	58

2738	ECD	from		shouldn	noticed	throughout	1328495245	forgot to mention...	279	47

2847	ECD	from		connections	updated	throughout	1328595557	investissements updated	294	44

2898	ECD	to		becomes	significantly	yellow	1328746769	Fwd: FW: skin la france 4 ème destination des inves tissements dans le monde	301	104

2903	ECD	from		destination	unless	helps	1328751475	Re: FW: skin la france 4 ème destination des invest issements dans le monde	301	66

2917	ECD	from		fewer	japon	remains	1328766875	Re: FW: skin la france 4 ème destination des invest issements dans le monde	301	95

2909	ECD	to		worth	destination	millions	1328768428	Re: FW: skin la france 4 ème destination des invest issements dans le monde	301	41

2882	ECD	from		certain	added	images	1328771128	Re: FW: skin la france 4 ème destination des invest issements dans le monde	301	31

2892	ECD	to		from	some	sent	1328775495	Re: FW: skin la france 4 ème destination des invest issements dans le monde	301	7

2906	ECD	to		figure	complete	talking	1328780739	Re: skin la france 4 ème destination des inve stissements dans le monde	301	39

2900	ECD	from		any	these	were	1328806512	Re: skin la france 4 ème destination des investisse ments dans le monde	301	15

2894	ECD	to		really	going	yes	1328813075	Re: skin la france 4 ème destination des investisse ments dans le monde	328	20

2920	ECD	from		the	with	jérôme	1328817437	Re: skin la france 4 ème destination des investisse ments dans le monde	328	10

2915	ECD	to		time	see	your	1328817726	Re: skin la france 4 ème destination des inve stissements dans le monde	328	13

3171	ECD	to		states	selected	apart	1328818393	end result	330	64

3172	ECD	from		losing	chico	spring	1328823637	Re: end result	330	102

3608	ECD	to		clean	diagram	tablet	1329420835	chord diagram code	379	76

3607	ECD	from		invoice	sufficient	trusted	1329502951	Re: chord diagram code	379	178

3610	ECD	to		captaindash	bazin	kilianba	1329761341	Re: chord diagram code	379	37

3611	ECD	from		kilian	jen	via	1329850350	Re: chord diagram code	379	22

3612	ECD	to		all	will	make	1330006973	Re: chord diagram code	379	13

3609	ECD	from		did	kilian	jen	1331106755	Re: chord diagram code	379	16

3772	ECD	to		yourself	saying	restaurant	1329764421	just so you know	389	44

3773	ECD	from		attempt	restaurants	berlin	1329850820	Re: just so you know	389	56

4019	ECD	to		entries	yourself	buy	1330038762	Stars!!!!	427	34

4245	ECD	to		higher	sweet	frankly	1330377830	stars II, the sequel	458	76

5361	ECD	to		decent	everywhere	tablet	1331753542	classes	567	47

5806	ECD	to		classes	jer	aside	1332266041	what's up?	616	34

5804	ECD	from		lovely	husband	nlp	1332451171	Re: what's up?	616	101

5805	ECD	to		namely	blond	broth	1332499998	Re: what's up?	616	230

6599	ECD	to		forget	hold	felt	1333140017	nagging	717	59

8839	ECD	to		fulltime	severance	sudden	1336236986	news, nlp and the rest	949	181

11463	ECD	to		travel	january	crappy	1339610574	what's up	1248	226

11464	ECD	from		fulltime	tempting	tuned	1339957964	Re: what's up	1248	228

11465	ECD	to		mailbox	ministers	mouths	1339967650	Re: what's up	1248	353

13080	ECD	to		mccandless	explained	spoke	1341907879	Fwd: =5Bvisualizing.org=5D Contribute to Our Magazine=97 =97Inspiracion	1460	112

13083	ECD	from		bone	potsdam	pressure	1341941492	Re: =5Bvisualizing.org=5D Contribute to Our Magazine=97 =97Inspiracion	1460	176

13079	ECD	to		translating	wont	bottled	1341963521	Re: =5Bvisualizing.org=5D Contribute to Our Magazine=97 =97Inspiracion	1460	236

13082	ECD	from		keynoting	masochism	rhizomatic	1342412644	Re: =5Bvisualizing.org=5D Contribute to Our Magazine=97 =97Inspiracion	1460	386

13077	ECD	to		lunatic	maiming	neglect	1342479265	Re: =5Bvisualizing.org=5D Contribute to Our Magazine=97 =97Inspiracion	1460	319

13078	ECD	from		describing	mother	promise	1342483533	Re: =5Bvisualizing.org=5D Contribute to Our Magazine=97 =97Inspiracion	1460	118

13084	ECD	to		politely	psychiatric	sued	1342516724	Re: =5Bvisualizing.org=5D Contribute to Our Magazine=97 =97Inspiracion	1460	134

14633	ECD	to		citywide	extrovert	headed	1343274873	remembrance of tweets past	1617	182

14631	ECD	from		rage	husband	anxiety	1343278084	Re: remembrance of tweets past	1617	158

14634	ECD	to		brogrammer	erratic	investigation	1343301247	Re: remembrance of tweets past	1617	417

14635	ECD	from		noisy	ounce	phasers	1343367229	Re: remembrance of tweets past	1617	388

14632	ECD	to		poms	pulp	repent	1343390270	Re: remembrance of tweets past	1617	465

14806	ECD	to		tagline	tastefully	tasteless	1343530614	mission burger accomplished	1632	431

14812	ECD	from		capitalism	bedrooms	cious	1343539149	Re: mission burger accomplished	1632	543

14813	ECD	to		spreading	wearing	enclose	1343573983	Re: mission burger accomplished	1632	162

14811	ECD	from		lane	mario	memes	1343608567	Re: mission burger accomplished	1632	212

14809	ECD	to		championship	chevy	farmville	1343612533	Re: mission burger accomplished	1632	305

14807	ECD	from		obsessive	smoking	teamusa	1343705751	Re: mission burger accomplished	1632	197

14810	ECD	to		stoning	strangely	trainspotting	1343709421	Re: mission burger accomplished	1632	692

14808	ECD	from		videogames	spy	endeavor	1343871845	Re: mission burger accomplished	1632	133

14815	ECD	to		dishes	espresso	exaggeration	1343919275	Re: mission burger accomplished	1632	458

14814	ECD	to		liqueur	neighbors	platitudes	1344267487	Re: mission burger accomplished	1632	259

15371	ECD	to		subtleties	superhero	tendency	1344370800	and now on a completely unrelated subject	1705	722

15374	ECD	from		forwarding	asperger	bullshit	1344373486	Fwd: a mixtape for you	1706	138

15376	ECD	to		considerable	debrief	maintain	1344383498	Re: a mixtape for you	1706	90

15373	ECD	from		dealing	regret	shit	1344384187	Re: a mixtape for you	1706	66

15375	ECD	to		decreed	lightning	pregnancies	1344385888	Re: a mixtape for you	1706	392

15554	ECD	to		diagnosed	alluded	celebrate	1344553478	Corrigendum	1733	92

15552	ECD	from		going	being	doesn	1344554766	Re: Corrigendum	1733	25

15553	ECD	to		spectacular	diego	fence	1344598826	Re: Corrigendum	1733	92

15555	ECD	to		spat	stoodups	swore	1345225489	Re: Corrigendum	1733	462

16602	ECD	to		forever	boss	confidence	1346254214	the secret: revealed	1822	255

16601	ECD	from		pull	booked	girlfriend	1346373099	Re: the secret: revealed	1822	81

16603	ECD	to		behaves	expense	biggie	1346520808	Re: the secret: revealed	1822	170

17763	ECD	to		could	moritz	way	1347637604	Re: Jen Lowe (@datatelling) retweeted one of your Tweets!	1933	16

17761	ECD	from		got	yet	meeting	1347638139	Re: Jen Lowe (@datatelling) retweeted one of your Tweets!	1933	21

17762	ECD	to		rates	reliable	relief	1347638405	Re: Jen Lowe (@datatelling) retweeted one of your Tweets!	1933	34

17968	ECD	to		attend	contest	prize	1347916845	yay me	1976	27

17970	ECD	from		happy	off	jen	1347919050	Re: yay me	1976	17

20018	ECD	to		now	who	took	1350454387	But what if	2215	15

20327	ECD	to		provincial	regal	salesperson	1350719912	hey	2277	395

21362	ECD	to		barack	adjourn	decapitate	1352144121	hey !	2355	237

22067	ECD	to		szucs	nagel	vizmarathon	1352994054	esteemed colleague	2435	123

23650	ECD	to		telling	amazing	truly	1355172359	news	2546	52

t209	ECD	to	mention	too	datatelling	julie	1325900317		t34	19

t242	ECD	to	mention	did	top	quite	1325894407		t35	19

t244	ECD	to	mention	enjoy	saying	fan	1325894655		t37	11

t223	ECD	to	mention	year	happy	bit	1326157143		t43	16

t236	ECD	to	mention	can	make	were	1326157484		t45	22

t243	ECD	to	mention	all	would	well	1326157874		t46	7

t217	ECD	to	mention	and	probably	google	1327711361		t132	15

t246	ECD	to	mention	you	for	have	1327798335		t135	17

t1322	ECD	to	mention	jcukier	http	our	1328575019		t157	17

t864	ECD	to	mention	really	done	job	1328573879		t158	16

t863	ECD	to	mention	were	twitter	list	1328575095		t159	12

t1184	ECD	to	mention	today	starts	datatelling	1331602105		t353	15

t232	ECD	to	mention	the	your	may	1331601502		t358	6

t241	ECD	to	mention	that	with	are	1333757736		t555	13

t74	ECD	to	mention	arnicas	datatelling	build	1334971875		t638	8

t1401	ECD	to	mention	having	datatelling	fun	1336436373		t764	16

t240	ECD	to	mention	got	started	datatelling	1336784201		t808	20

t230	ECD	to	mention	datatelling	called	cooking	1336782205		t810	7

t235	ECD	to	mention	datatelling	pics	gtfo	1338339663		t944	8

t228	ECD	to	mention	had	only	twitter	1338340102		t945	12

t238	ECD	to	mention	click	goes	buy	1338427016		t949	12

t225	ECD	to	mention	before	send	tell	1338858074		t981	21

t215	ECD	to	mention	you	come	both	1339634324		t1057	7

t1686	ECD	to	mention	well	played	okfn	1339810466		t1085	11

t1139	ECD	to	mention	button	liked	ass	1340237096		t1135	17

t8	ECD	to	mention	interesting	job	yet	1340237175		t1136	19

t227	ECD	to	mention	why	getting	internet	1340239627		t1142	18

t220	ECD	to	mention	you	want	need	1340240186		t1146	22

t229	ECD	to	mention	datatelling	instead	2012	1340237321		t1147	3

t248	ECD	to	mention	datatelling	rather	science	1340931037		t1219	12

t206	ECD	to	mention	tell	arnicas	her	1341016417		t1225	17

t233	ECD	to	mention	don	twitter	datatelling	1341447142		t1283	3

t224	ECD	to	mention	here	where	them	1341447254		t1284	16

t216	ECD	to	mention	now	datatelling	credit	1341964863		t1369	8

t1400	ECD	to	mention	weeks	four	become	1342748175		t1453	8

t210	ECD	to	mention	were	said	jen	1343091311		t1499	6

t377	ECD	from	mention	you	jcukier	too	1343092683		t1499	8

t387	ECD	from	mention	some	had	jcukier	1343177403		t1499	15

t231	ECD	from	mention	know	else	weekend	1343091435		t1500	15

t1399	ECD	to	mention	take	question	questions	1343523386		t1525	17

t487	ECD	from	mention	http	actually	kind	1343606497		t1527	18

t466	ECD	from	mention	for	jcukier	http	1343606677		t1528	7

t234	ECD	to	mention	you	with	now	1343607439		t1528	13

t514	ECD	from	mention	the	you	jcukier	1344039915		t1555	16

t64	ECD	to	mention	you	that	thanks	1344041924		t1557	9

t1643	ECD	from	mention	http	visweek	jeff	1346457806		t1629	16

t205	ECD	from	mention	that	time	jcukier	1346457899		t1629	8

t536	ECD	from	mention	and	this	jcukier	1346890792		t1652	15

t219	ECD	to	mention	she	did	datatelling	1346893455		t1652	11

t1149	ECD	to	mention	stefaner	hey	moebio	1347754503		t1710	4

t417	ECD	from	mention	probably	his	moebio	1347754582		t1710	6

t416	ECD	from	mention	now	moritz	stefaner	1347754645		t1710	7

t239	ECD	to	mention	datatelling	stage		1347754709		t1710	16

t207	ECD	from	mention	this	jcukier	http	1347754848		t1710	6

t410	ECD	from	mention	jcukier	using	moebio	1347754995		t1710	8

t742	ECD	from	mention	moritz	stefaner	jcukier	1347755789		t1710	5

t1052	ECD	from	mention	fine	datatelling	four	1347755043		t1712	10

t214	ECD	to	mention	stefaner	http	kind	1347931818		t1712	9

t389	ECD	from	mention	only	these	guys	1347932253		t1712	17

t1458	ECD	from	mention	jcukier	http	kind	1347931931		t1715	14

t1398	ECD	to	mention	moebio	mind	datatelling	1347929722		t1717	10

t324	ECD	from	mention	moritz	stefaner	jcukier	1347927379		t1722	13

t1402	ECD	to	mention	this	visualization	http	1348623588		t1737	17

t430	ECD	from	mention	good	jcukier	cheers	1348705507		t1755	5

t221	ECD	to	mention	going	twitter	tomorrow	1350259267		t1832	14

t560	ECD	from	mention	and	you	about	1350259496		t1832	4

t390	ECD	from	mention	jcukier	too	today	1350259776		t1832	3

t226	ECD	to	mention	can	was	tomorrow	1350260421		t1832	15

t488	ECD	from	mention	you	all	just	1350260782		t1832	19

t245	ECD	to	mention	you	with	but	1350259237		t1832	6

t391	ECD	from	mention	this	would	people	1350349004		t1847	10

t695	ECD	from	mention	jérôme	jcukier	sure	1350349503		t1847	9

t213	ECD	from	mention	thanks	jcukier	http	1350349597		t1847	8

t793	ECD	to	mention	keep	blog	tell	1350349844		t1847	19

t208	ECD	from	mention	datatelling	alignedleft	heer	1350348453		t1848	10

t1180	ECD	from	mention	http	back	tutorial	1350348981		t1849	2

t1584	ECD	to	mention	where	datatelling		1350606866		t1903	16

t541	ECD	from	mention	make	right	jcukier	1350607912		t1903	14

t1608	ECD	from	mention	jcukier	place	datatelling	1350608444		t1929	9

t1397	ECD	to	mention	twitter	visweek	talk	1350605834		t1934	15

t212	ECD	to	mention	thoughts	datatelling	exactly	1350605834		t1935	12

t634	ECD	from	mention	there	was	now	1350606288		t1936	9

t247	ECD	to	mention	this	meet	datatelling	1350610166		t1948	16

t551	ECD	from	mention	jcukier	cybunk	whattup	1350610376		t1948	13

t303	ECD	to	mention	doesn	keep	datatelling	1350693071		t1960	14

t398	ECD	from	mention	jcukier	important	definitely	1350693854		t1960	3

t397	ECD	from	mention	this	jcukier	way	1350693836		t1960	6

t38	ECD	from	mention	that	work	jcukier	1351040076		t1995	17

t204	ECD	to	mention	also	datatelling	speak	1351037077		t1995	22

t284	ECD	from	mention	just	thanks	jcukier	1351038629		t1996	1

t1082	ECD	to	mention	happy	visualisingdata	moebio	1352767327		t2082	11

t1066	ECD	from	mention	moebio	datatelling	luck	1352770656		t2082	13

t1240	ECD	from	mention	too	happy	moebio	1352769427		t2085	9

t211	ECD	to	mention	not	what	here	1353025113		t2107	12

t388	ECD	from	mention	the	all	jcukier	1353026081		t2107	12

t1647	ECD	from	mention	visualisingdata	datatelling	datavis	1354753885		t2187	14

t218	ECD	to	mention	you	are	now	1356139365		t2358	9

t509	ECD	from	mention	not	jcukier	next	1356139399		t2358	3

t237	ECD	to	mention	you	what	did	1356139518		t2358	2

t1135	ECD	from	dm	last	working	sent	1327194375		dm56	17

t1213	ECD	to	dm	your	just	email	1327194423		dm56	5

t1697	ECD	from	dm	now	been	going	1336784887		dm56	4

t1298	ECD	from	dm	now	when	then	1337733145		dm56	9

t1712	ECD	to	dm	around	plan	wish	1337733712		dm56	14

t998	ECD	from	dm	the	you	for	1337734199		dm56	0

t1140	ECD	from	dm	great	before	love	1337734199		dm56	17

t1049	ECD	to	dm	for	$$$		1337734248		dm56	19

t1671	ECD	to	dm	them	our	place	1337734256		dm56	14

t1636	ECD	to	dm	really	don	want	1337734323		dm56	7

t1296	ECD	from	dm	and	that	have	1337734342		dm56	17

t927	ECD	from	dm	the	get	excellent	1337734356		dm56	17

t1348	ECD	to	dm	going	together	awesome	1337734395		dm56	13

t1346	ECD	from	dm	there	could	class	1337734424		dm56	10

t1301	ECD	to	dm	story	call	asked	1337734447		dm56	13

t1732	ECD	to	dm	and	but	are	1337734476		dm56	2

t1260	ECD	to	dm	one	more	than	1337734537		dm56	11

t1129	ECD	from	dm	you	very	find	1337734721		dm56	10

t1573	ECD	from	dm	very	been	yet	1338860118		dm56	13

t1746	ECD	to	dm	you	that	great	1338945052		dm56	15

t1582	ECD	to	dm	with	would	out	1339804867		dm56	2

t1588	ECD	from	dm	sorry			1339805137		dm56	4

t929	ECD	from	dm	after	better	weekend	1339805167		dm56	14

t1163	ECD	to	dm	you	your	just	1339805295		dm56	17

t1157	ECD	to	dm	one	email	actually	1339805362		dm56	20

t1053	ECD	to	dm	party	creative	released	1339805463		dm56	13

t2	ECD	from	dm	that	indeed	wtf	1339805613		dm56	2

t1272	ECD	to	dm	nice	profile	pic	1347754761		dm56	5

t1294	ECD	to	dm	though	maybe	little	1347757357		dm56	10

t1615	ECD	from	dm	profile	whatever	account	1347759441		dm56	18

t1120	ECD	from	dm	know	our	thing	1347759494		dm56	19

t1230	ECD	to	dm	find	looking	did	1348706043		dm56	7

t1124	ECD	from	dm	being	story	oecd	1348706561		dm56	7

t1620	ECD	to	dm	wasn	reason	seattle	1348706793		dm56	8

t1698	ECD	to	dm	are	when	let	1349573823		dm56	13

t1691	ECD	to	dm	just	well	other	1349657066		dm56	4

t1156	ECD	from	dm	such	everyone	seems	1349659012		dm56	8

t1702	ECD	to	dm	you	but	are	1350261862		dm56	14

t1119	ECD	from	dm	the	and	interesting	1350262169		dm56	16

t1095	ECD	from	dm	the	you	this	1350262357		dm56	14

t1162	ECD	to	dm	you	were	didn	1350262416		dm56	14

t1169	ECD	to	dm	for	going	working	1350262526		dm56	18

t1605	ECD	from	dm	huge	gonna	tedxmyhouse	1350264022		dm56	10

t1100	ECD	from	dm	hey	scott	meeting	1350346957		dm56	18

t1701	ECD	to	dm	when			1350347148		dm56	12

t940	ECD	from	dm	you	get	later	1350347305		dm56	16

t1304	ECD	to	dm	omw			1350347354		dm56	13

t1344	ECD	from	dm	rad			1350347519		dm56	4

t1585	ECD	to	dm	been	tweets	reading	1350436586		dm56	1

t1013	ECD	to	dm	public	remember	home	1350521561		dm56	19

t918	ECD	from	dm	the	not	there	1350521729		dm56	11

t1186	ECD	to	dm	any	had	though	1350521796		dm56	14

t1118	ECD	from	dm	your	now	information	1350521839		dm56	10

t1099	ECD	from	dm	you	hey	did	1350524239		dm56	6

t1012	ECD	to	dm	you	have	all	1350605609		dm56	8

t1121	ECD	from	dm	have	can	all	1350606438		dm56	21

t1689	ECD	to	dm	fun	bar	night	1350607395		dm56	19

t1665	ECD	from	dm	there	out	going	1350609333		dm56	17

t1640	ECD	to	dm	bag	coast	west	1350610596		dm56	19

t1745	ECD	to	dm	you	there		1350693244		dm56	9

t1288	ECD	from	dm	you	but	not	1350693457		dm56	8

t1655	ECD	to	dm	the	with	actually	1350693619		dm56	5

t1179	ECD	to	dm	for	now	after	1350694533		dm56	15

t1722	ECD	from	dm	for	here	vis	1350694885		dm56	5

t1214	ECD	to	dm	been	coralie	after	1356741157		dm56	9

t1105	ECD	from	dm	like	best	great	1356914355		dm56	7

t6	ECD	from	dm	say	hope	better	1356914421		dm56	12

t10	ECD	from	dm	for	will	think	1356914433		dm56	3

