message	correspondent	direction	tweet	word1	word2	word3	time	subject	thread	length

5478	kDT	from		bme	jér	tuesday	1331918038	Re: can you recommend someone?	587	37

5483	kDT	to		actually	come	read	1331918083	Re: can you recommend someone?	587	29

5480	kDT	from		must	explain	basically	1331925375	Re: can you recommend someone?	587	19

5481	kDT	from		copyright	firm	kate	1332500491	Re: can you recommend someone?	631	64

5482	kDT	to		months	finally	exactly	1332501117	Re: can you recommend someone?	631	34

6157	kDT	from		town	chat	timing	1332777197	Re: 	647	84

6164	kDT	to		some	sent	here	1332778244	Re:	648	13

6165	kDT	from		from	what	sent	1332782164	Re:	648	5

6162	kDT	to		from	would	some	1332783287	Re:	648	13

6160	kDT	from		still	together	joint	1332783676	Re:	648	20

6163	kDT	to		mix	ten	breaking	1332797221	Re:	648	101

6161	kDT	from		each	sorry	least	1332804122	Re:	648	27

7335	kDT	from		knows	happened	apr	1334322638	Re: and now for something completely different	776	74

7337	kDT	to		permanent	agent	queuing	1334322896	Re: and now for something completely different	776	121

7336	kDT	from		renewed	toby	estimate	1334329920	Re: and now for something completely different	776	212

7340	kDT	to		you	this	would	1334330534	Re: and now for something completely different	776	11

7333	kDT	from		perspective	worth	apr	1334331095	Re: and now for something completely different	776	60

7339	kDT	to		equivalent	sucks	worried	1334331218	Re: and now for something completely different	776	61

7334	kDT	from		sucks	worried	$$$	1334331760	Re: and now for something completely different	776	98

7332	kDT	to		quick	offer	win	1334331805	Re: and now for something completely different	776	24

8766	kDT	from		weekend	theresa	sunday	1336129721	Re: dc	946	51

8768	kDT	to		you	then	paris	1336145553	Re: dc	946	7

8765	kDT	from		know	when	should	1336241840	Re: dc	946	14

8764	kDT	to		from	some	just	1336241610	Re: dc	950	8

8761	kDT	to		but	call	tried	1336241804	Re: dc	950	4

8763	kDT	from		from	one	sent	1336242450	Re: dc	950	6

8760	kDT	to		min			1336242485	Re: dc	950	1

8759	kDT	from		this	from	just	1336242984	Re: dc	950	7

8762	kDT	to		you	can	when	1336245514	Re: dc	950	8

10079	kDT	from		wall	abut	birthday	1338952348	Re: don't count on me to	1190	91

10078	kDT	to		what	also	sent	1338971978	Re: don't count on me to	1190	17

14778	kDT	from		stay	whether	asent	1343486910	Today	1627	37

14779	kDT	to		should	let	only	1343488564	Re: Today	1627	13

14783	kDT	from		aoh	freezing	headache	1343495623	Re: Today	1629	108

14787	kDT	to		would	like	some	1343496984	Re: Today	1629	12

14784	kDT	to		feeling	asking	obviously	1343509923	Re: Today	1629	47

14777	kDT	from		freezing	relatives	juil	1343511258	Re: Today	1631	172

14790	kDT	to		bounce	reactions	cheese	1343522429	Re: Today	1631	71

14776	kDT	from		posted	hour	manage	1343573932	Re: Today	1631	59

14785	kDT	to		mysterious	wasted	clues	1343574370	Re: Today	1631	72

14786	kDT	to		history	resume	anytime	1343585055	Re: Today	1631	55

14782	kDT	from		bookstore	amusing	fitness	1343586210	Re: Today	1631	189

14789	kDT	to		you	with	email	1343586716	Re: Today	1631	9

14791	kDT	from		rush	okay	walk	1343587005	Re: Today	1631	87

14775	kDT	from		cooke	walk	chatting	1343590590	Re: Today	1631	91

14781	kDT	to		you	that	your	1343590649	Re: Today	1631	7

14780	kDT	from		come	meet	getting	1343590804	Re: Today	1631	30

14788	kDT	to		good	call		1343590833	Re: Today	1631	2

14986	kDT	to		mobile	still	phone	1343777624	Still there?	1654	18

14987	kDT	from		circle	ipad	bme	1343777839	Re: Still there?	1654	41

15181	kDT	from		athis	aeven	suprisingly	1344024853	Re: 	1686	128

15182	kDT	from		aand	aeven	suprisingly	1344026253	Re: 	1687	161

15183	kDT	to		dulles	girlfriends	reagan	1344196971	Re:	1687	107

15272	kDT	from		invitation	taking	online	1344342521	Re: incredible! a bathroom that... closes!	1698	46

15271	kDT	to		carry	agent	regardless	1344343184	Re: incredible! a bathroom that... closes!	1698	125

15270	kDT	to		your	gmail	get	1344343222	Re: incredible! a bathroom that... closes!	1698	16

15273	kDT	to		which	new	email	1344343442	Re: incredible! a bathroom that... closes!	1698	9

15268	kDT	from		jér	tonight	isn	1344344223	Re: incredible! a bathroom that... closes!	1698	34

15582	kDT	from		intervenir	pattes	attendu	1344599040	Photos - batch 1	1736	89

15583	kDT	from		intervenir	pattes	attendu	1344599080	Photos - batch 2	1737	89

15584	kDT	from		intervenir	pattes	attendu	1344599143	Photos -  batch 3	1738	89

15585	kDT	from		intervenir	pattes	attendu	1344599186	Photos - batch 4	1739	89

15587	kDT	from		intervenir	pattes	attendu	1344599244	Photos - batch 5	1740	89

15586	kDT	from		intervenir	pattes	attendu	1344599299	Photos - batch 6	1741	89

15588	kDT	from		intervenir	pattes	attendu	1344599344	Photos - batch 7	1742	89

15589	kDT	from		intervenir	pattes	attendu	1344599384	Photos - batch 8	1743	89

15591	kDT	from		intervenir	pattes	attendu	1344599514	Photos - batch 9	1744	89

15453	kDT	from		susan	awell	doubly	1344599810	Re: Morale is high today	1745	165

15450	kDT	to		belly	demeanor	disastrous	1344603219	Re: Morale is high today	1745	187

15454	kDT	from		acard	acarefully	aeach	1344865914	Re: Morale is high today	1754	350

15451	kDT	to		spoiled	stance	unsurprisingly	1344867482	Re: Morale is high today	1754	357

16594	kDT	from		bathroom	goodbyes	toilet	1346250495	Re: hey	1821	131

16593	kDT	to		drinking	toronto	jack	1346253574	Re: hey	1821	87

16892	kDT	from		away	morning	friend	1346798922	Re: are you happily toronting?	1865	27

16890	kDT	to		boils	decadent	lifestyle	1346835102	Re: are you happily toronting?	1865	145

17660	kDT	from		arm	lining	died	1347565432	Re: lots of fun today	1922	186

17659	kDT	to		row	bear	sadness	1347565922	Re: lots of fun today	1922	91

17750	kDT	from		vacation	wonderful	ten	1347766224	Re: better news	1945	44

18552	kDT	from		ladies	shout	sophie	1348671321	Re: This was the sleeve in which I got my good bye card	2039	55

18549	kDT	to		the	like	how	1348671461	Re: This was the sleeve in which I got my good bye card	2039	7

18547	kDT	from		you	can	your	1348671555	Re: This was the sleeve in which I got my good bye card	2039	5

18548	kDT	to		the	would	good	1348671675	Re: This was the sleeve in which I got my good bye card	2039	8

18546	kDT	to		speech	gift	glorious	1348672512	Re: This was the sleeve in which I got my good bye card	2039	124

18550	kDT	from		bye	terminated	boullin	1348710689	Re: This was the sleeve in which I got my good bye card	2049	284

21096	kDT	from		awe	fellows	manners	1352432300	Re: next chapter	2398	961

21104	kDT	to		hours	during	meant	1352441622	Re: next chapter	2398	33

21100	kDT	from		shabbiest	stood	suspended	1352480587	Re: next chapter	2398	826

21110	kDT	to		least	stay	thursday	1352483236	Re: next chapter	2398	26

21109	kDT	from		stood	suspended	thigh	1352829562	Re: next chapter	2398	901

21098	kDT	to		what	here	code	1352829711	Re: next chapter	2398	14

21107	kDT	from		amy	eve	interviewing	1352830075	Re: next chapter	2398	169

21112	kDT	to		that	don	over	1352831084	Re: next chapter	2398	10

21105	kDT	to		want	may	where	1352968107	Re: next chapter	2398	19

21097	kDT	from		afterwards	bags	near	1352969174	Re: next chapter	2398	35

21106	kDT	to		want	may	where	1352970813	Re: next chapter	2398	19

21099	kDT	to		meet	take	line	1352972593	Re: next chapter	2398	21

21108	kDT	from		corner	near	resto	1352973120	Re: next chapter	2398	23

21111	kDT	to		then			1352974886	Re: next chapter	2398	1

21101	kDT	to		then			1352975095	Re: next chapter	2398	1

21102	kDT	from		you	see	soon	1352975296	Re: next chapter	2398	3

22414	kDT	from		conna	effectué	réputation	1353439212	Can you update this endorsement?	2465	245

