message	correspondent	direction	tweet	word1	word2	word3	time	subject	thread	length

62	KR7	to		coin	tient	passes	1325002393	le 10 janvier, je passe chez Microsoft	5	41

61	KR7	from		tient	passes	événement	1325007295	RE: le 10 janvier, je passe chez Microsoft	5	60

57	KR7	to		bien	quand	bon	1325019360	Re: le 10 janvier, je passe chez Microsoft	5	12

58	KR7	from		toi	bonne	fin	1325023393	RE: le 10 janvier, je passe chez Microsoft	5	4

59	KR7	to		pensais	commence	arriver	1326111631	Re: le 10 janvier, je passe chez Microsoft	5	27

60	KR7	from		microsoft	mariec	sol	1326113323	RE: le 10 janvier, je passe chez Microsoft	5	89

715	KR7	to		from	some	sent	1326219355	La personne de msft du groupe open data	78	8

1768	KR7	from		professional	invitation	estelle	1327571914	Join my network on LinkedIn	174	78

1801	KR7	to		alors	job	estelle	1327585855	news	176	16

1802	KR7	from		lead	currently	carrasco	1327585886	Réponse automatique=A0: news	176	22

2818	KR7	to		salut	demande	vas	1328551769	techdays	290	26

2815	KR7	from		occasion	à+	effort	1328552277	RE: techdays	290	53

2821	KR7	to		bises	situation	puisse	1328554960	Re: techdays	290	22

2819	KR7	from		fou	remplacer	mariec	1328555740	RE: techdays	290	160

2816	KR7	to		une	sur	alors	1328557573	Re: techdays	290	6

2814	KR7	to		invité	possibilités	papier	1328787980	Re: techdays	290	58

2810	KR7	from		monde	sinon	voulais	1328794870	RE: techdays	290	17

2822	KR7	to		souci	boîte	condition	1328796091	Re: techdays	290	47

2823	KR7	to		bon	alors	vers	1328867443	Re: techdays	290	5

2808	KR7	from		disons			1328867896	RE: techdays	290	1

2817	KR7	from		tranquille	accueil	dirait	1328870832	RE: techdays	290	108

2809	KR7	to		bises	mois	évidemment	1328871446	Re: techdays	290	23

2807	KR7	from		quelles	tomber	dispos	1328883174	RE: techdays	290	66

2813	KR7	to		vais	côté	jamais	1328883909	Re: techdays	290	17

2812	KR7	from		annuler	entretiens	mien	1328884040	RE: techdays	290	116

2811	KR7	to		mais	combien	derniers	1328884291	Re: techdays	290	3

2820	KR7	from		calls	microsoft	londres	1328884383	RE: techdays	290	41

2824	KR7	to		les	ça	comme	1328884667	Re: techdays	290	9

3307	KR7	to					1329117361	Bonne chance pour aujourd'hui!	346	0

3309	KR7	from		lead	currently	carrasco	1329117370	Réponse automatique=A0: Bonne chance pour aujourd'hui!	346	22

3308	KR7	from		personne	tes	train	1329119856	RE: Bonne chance pour aujourd'hui!	346	20

3828	KR7	to					1329841875	c'est toujours bon pour	402	0

3841	KR7	from		lead	currently	carrasco	1329841918	Réponse automatique=A0: c'est toujours bon pour	402	22

3840	KR7	from					1329842036	RE: c'est toujours bon pour	402	0

3831	KR7	to		seine	futur	tjs	1329842636	Re: c'est toujours bon pour	402	39

3833	KR7	from		zwhaw			1329846219	RE: c'est toujours bon pour	402	1

3832	KR7	to		pris	propose	venir	1329855834	RE: c'est toujours bon pour	402	34

3837	KR7	from		lcbjoczzxnimonysa			1329855914	RE: c'est toujours bon pour	402	1

3834	KR7	to		veux	chez	object	1329856068	RE: c'est toujours bon pour	402	18

3830	KR7	from		dqonckrlidog			1329856274	RE: c'est toujours bon pour	402	1

3836	KR7	to		object	bises	contre	1329856769	RE: c'est toujours bon pour	402	16

3838	KR7	to		pas	toujours	réunion	1329906468	Re: c'est toujours bon pour	402	3

3839	KR7	from		imonysa	oqkagkdqoncg		1329906569	RE: c'est toujours bon pour	402	2

3835	KR7	to		tout	heure	mets	1329907899	Re: c'est toujours bon pour	402	4

3829	KR7	from		dqoncg			1329908776	RE: c'est toujours bon pour	402	1

3888	KR7	from		plus	voir	veux	1329914033	FW: CSA décrypte. le vote d'extrême-gauche	408	6

3916	KR7	to		lobbying	militante	parier	1329930057	sondages 2ème tour (entre autres)	414	323

3917	KR7	from		éternelle	bookmaker	pari	1329933563	RE: sondages 2ème tour (entre autres)	414	481

3921	KR7	from		certified	embargo	esomar	1329932105	TR: Enquête sur François Bayrou	415	161

3990	KR7	from					1330007457	TR: Atelier CSA	421	0

3985	KR7	to		travaille	représente	évident	1330008240	Re: Atelier CSA	421	45

3987	KR7	from		couche	emmène	accueil	1330008757	RE: Atelier CSA	421	88

3986	KR7	to		balance	nettoyer	suppose	1330015859	Re: Atelier CSA	421	68

3988	KR7	from		ça	data	open	1330021788	RE: Atelier CSA	421	12

3984	KR7	to		connais	arrivé	verre	1330035894	RE: Atelier CSA	423	35

4013	KR7	from		lead	currently	carrasco	1330035901	Réponse automatique=A0: Atelier CSA	423	22

3989	KR7	from		une	jeudi	prochain	1330038018	RE: Atelier CSA	423	5

3991	KR7	to		from	some	sent	1330038095	RE: Atelier CSA	423	6

4219	KR7	to		agit	contente	ville	1330363114	si jamais tu pars y vivre	455	23

4375	KR7	to		ça	jérôme	toujours	1330514334	demain	480	12

4374	KR7	from		urgence	rouge	siège	1330514511	RE: demain	480	59

4369	KR7	to		étaient	quelle	mets	1330515354	Re: demain	480	23

4370	KR7	from		disons			1330517827	RE: demain	480	1

4372	KR7	to		des	ça	fois	1330524867	Re: demain	480	10

4373	KR7	from		marie	ait	février	1330548415	RE: demain	480	27

4371	KR7	to		peut	message	demain	1330560245	RE: demain	480	27

4454	KR7	from		invitation	normal	pièce	1330602706	FYI	488	27

4452	KR7	to		assassin	bday	beliebers	1330609581	Re: FYI	488	52

4453	KR7	from		bday	beliebers	creed	1330619355	RE: FYI	488	76

4514	KR7	to		perds	terribles	panier	1330648636	Merci toi-même	497	147

4602	KR7	to		principe	monter	différent	1330701049		503	39

4603	KR7	from		différent	arrivée	enjeux	1330702864	RE: 	503	58

4604	KR7	to					1330703394	Re:	503	0

4649	KR7	to		pont	orsay	refait	1330779148	suite d'un autre épisode	504	131

4647	KR7	from		moindres	sportive	cancéreux	1331114685	RE: suite d'un autre épisode	504	275

4646	KR7	from		sportive	cancéreux	chômeur	1331115027	RE: suite d'un autre épisode	527	299

4648	KR7	to		croirait	fiers	mercredis	1331118005	Re: suite d'un autre épisode	527	316

4645	KR7	to		appelle	parfois	bonnes	1331301342	Re: suite d'un autre épisode	527	38

5008	KR7	to		like			1331235468	Re: Marie-Estelle Carrasco added you on Google+	536	1

5268	KR7	to		bienvenue	numerique	lisant	1331670228	3 trucs!	555	137

5266	KR7	from		milieu	dépend	bosser	1331670618	RE: 3 trucs!	555	38

5267	KR7	to		renvoient	caudines	expéditeurs	1331671447	Re: 3 trucs!	555	96

5269	KR7	from		expéditeurs	fourches	oeufs	1331720277	RE: 3 trucs!	555	165

5265	KR7	to		régner	infiniment	kung	1331744167	Re: 3 trucs!	555	193

5270	KR7	from		loisirs	lâchent	pince	1331744329	RE: 3 trucs!	555	226

5271	KR7	to		montparnasse	tenue	situations	1331748439	Re: 3 trucs!	555	39

5407	KR7	to		checking	chips	bise	1331814271	est-ce que tu es en bonne forme?	570	56

5408	KR7	from		pas	avec	faire	1331816897	RE: est-ce que tu es en bonne forme?	570	9

5409	KR7	to		regrets	roses	téléphones	1331823702	Re: est-ce que tu es en bonne forme?	570	61

5406	KR7	from		faire	bon	pouvoir	1331826143	RE: est-ce que tu es en bonne forme?	570	13

5410	KR7	to		cantines	issy	respectives	1331827179	Re: est-ce que tu es en bonne forme?	570	74

5405	KR7	from		cantines	issy	respectives	1331827602	RE: est-ce que tu es en bonne forme?	570	96

5411	KR7	to		sur	comme	sans	1331828657	Re: est-ce que tu es en bonne forme?	570	9

5455	KR7	from					1331858820	Rose :)	575	0

5456	KR7	to		sur	voir	vais	1331862309	Re: Rose :)	575	11

5460	KR7	from					1331860998	Buenas	576	0

5459	KR7	to		cautionner	confits	cristoliennes	1331864156	Re: Buenas	576	189

5508	KR7	to		basis	mariec	prépa	1331908154	je m'étais pas rendu compte que c'était un si long  texte=21=21=21	578	49

5652	KR7	to		semaines	disais	conditions	1332161826	je fais ma semaine (action item inside!)	592	36

5654	KR7	from		semaine	plein	petits	1332164880	RE: je fais ma semaine (action item inside!)	592	16

5653	KR7	to		poids	déj	suffisamment	1332165251	Re: je fais ma semaine (action item inside!)	592	44

5685	KR7	to		printemps	remarqué	insiste	1332174684	voilà ce qu'on va faire	599	110

5754	KR7	to		trace	assise	arbre	1332244943	au fait=2C je suis à MSFT demain	611	109

5756	KR7	from		dauphine	paf	bal	1332254106	RE: au fait, je suis à MSFT demain	611	191

5755	KR7	to		invits	rubrique	photographes	1332257250	Re: au fait=2C je suis à MSFT demain	611	186

5860	KR7	to		ministre	occasions	vus	1332338119	(j'aime autant taper sur un clavier)	620	160

5858	KR7	from		mâchoire	recontré	incruste	1332342628	RE: (j'aime autant taper sur un clavier)	620	240

5859	KR7	to		barbare	conan	cupcakologie	1332344265	Re: (j'aime autant taper sur un clavier)	620	269

5862	KR7	from		molécules	pâtissier	pâtissière	1332351218	RE: (j'aime autant taper sur un clavier)	620	342

5861	KR7	to		ferai	dommage	fargues	1332353209	RE: (j'aime autant taper sur un clavier)	620	47

5864	KR7	to		que	message	pendant	1332344328	Fwd: Inscrivez-vous au Data Tuesday n=B05 - Les modè les économiques de la donnée	621	6

5998	KR7	to		minute	control	préfères	1332512297	3 questions para ti	632	53

5997	KR7	from		fatiguée	remise	rendus	1332512782	RE: 3 questions para ti	632	88

5995	KR7	to		allons	région	semi	1332514033	Re: 3 questions para ti	632	53

5996	KR7	from		semi	créteil	vendu	1332514197	RE: 3 questions para ti	632	75

6452	KR7	to		moral	honnête	cap	1333004640	so...	704	106

6453	KR7	from		patron	actu	deviens	1333010324	RE: so...	704	52

6451	KR7	to		déchets	fumées	garantis	1333016336	Re: so...	704	157

6684	KR7	to		moi	après	dis	1333350073	To lunch or not to lunch?	718	5

6685	KR7	from		faire	matin	dois	1333350268	RE: To lunch or not to lunch?	718	8

6682	KR7	to		que	ça	alors	1333350710	Re: RE: To lunch or not to lunch?	718	7

6683	KR7	from		ouiiiii			1333351282	RE: RE: To lunch or not to lunch?	718	1

6681	KR7	to		raconter	film	aider	1333351736	Re: RE: RE: To lunch or not to lunch?	718	38

6796	KR7	from		là	sans	hello	1333502044	Dechiffreurs	731	11

6794	KR7	to		penses	prévu	rendu	1333515096	Re: Dechiffreurs	731	36

6795	KR7	to		projet	nom	écris	1333528941	Re: Dechiffreurs	731	19

6828	KR7	to		ahoj	coq	dépressif	1333534937	je vais te dire ce que c'est le problème avec toi	733	417

6829	KR7	from		ramp	rentrées	torve	1333540713	RE: je vais te dire ce que c'est le problème avec toi	733	550

6827	KR7	to		décidément	ramp	marieestellicides	1333542478	Re: je vais te dire ce que c'est le problème avec t oi	733	87

6865	KR7	to		intéresse	revanche	conférence	1333556117	ils abusent!	736	29

6864	KR7	from		invité	réunions	quart	1333558119	RE: ils abusent!	736	53

6862	KR7	to		quand	dit	avais	1333558399	Re: ils abusent!	736	16

6863	KR7	from		correct	fair	court	1333558484	RE: ils abusent!	736	41

6872	KR7	to		exposer	mono	polemploi	1333562791	au sujet du projet de l'emploi...	737	502

6902	KR7	from		pikko	pitchs	polltogo	1333614015	En direct du printemps des études...	739	50

6908	KR7	to		réunions	collègue	étonné	1333616489	en direct de mon bureau	740	71

7180	KR7	to		profites	urgences	impec	1334149170	bande annonce	760	148

7178	KR7	to		disais	allée	accessible	1334251459	Re: bande annonce	760	34

7182	KR7	from		accessible	ira	pied	1334252298	RE: bande annonce	760	51

7181	KR7	to		demain	suite		1334256824	Re: bande annonce	760	2

7179	KR7	to		web	ami	endroit	1334301357	Re: bande annonce	760	26

7398	KR7	to		promène	wars	concrétiserai	1334329518	last one	787	245

7552	KR7	from		boite	+++	internationale	1334600744	Bon ben c'est loupé ...	801	59

7553	KR7	to		compagnie	champagne	devoirs	1334603368	=?ISO-8859-1?B?UmU6IEJvbiBiZW4gYydlc3QgbG91cOkgLi4u	801	101

7660	KR7	to		bises	pouvoir	cet	1334745457	commande de bonnes ondes	814	19

7655	KR7	from		contrat	avril	bonnes	1334745524	RE: commande de bonnes ondes	814	38

7656	KR7	to		est	ça	bien	1334746803	Re: commande de bonnes ondes	814	6

7657	KR7	from		bonnes	disons	carrasco	1334747634	RE: commande de bonnes ondes	814	34

7659	KR7	to		heure	vois	prendre	1334754985	Re: commande de bonnes ondes	814	24

7658	KR7	from		ondes	christelle	taxi	1334755552	RE: commande de bonnes ondes	814	56

7661	KR7	to		mardi	occasion	à+	1334756275	Re: commande de bonnes ondes	814	25

7825	KR7	to		les	dans	bien	1334936157	tu veux savoir ce que j'ai prévu?	834	11

7824	KR7	from		carrasco	poser	prévu	1334936377	RE: tu veux savoir ce que j'ai prévu?	834	36

7826	KR7	to		désolé	penser	coin	1334936952	Re: tu veux savoir ce que j'ai prévu?	834	60

7823	KR7	to		avril	feeling	lignes	1335205755	RE: tu veux savoir ce que j'ai prévu?	834	46

8044	KR7	to		centre	combien	obligé	1335261877	en pratique	855	74

8045	KR7	from		éléments	dure	logique	1335262015	RE: en pratique	855	103

8046	KR7	to		tout	alors	heure	1335262498	Re: en pratique	855	6

8111	KR7	to		bonus			1335341276	kentacohut	859	1

8135	KR7	to		plus	fait	like	1335365591	=?ISO-8859-1?B?aidhaSBmYWl0IOdh	866	15

8134	KR7	from		cause	carrasco	durée	1335370719	RE: j'ai fait ça	866	39

8136	KR7	to		endroits	purement	voté	1335373507	Re: j'ai fait ça	866	51

8716	KR7	to		connexion	dîné	forcée	1336065381	re:legacy 1	942	251

8719	KR7	from		currently	carrasco	monday	1336065412	Réponse automatique=A0: re:legacy 1	942	24

8717	KR7	from		scandinaves	bossent	empeche	1336120786	RE: legacy 1	944	135

8718	KR7	to		fourberies	grasse	immigrer	1336127522	Re: legacy 1	944	349

9119	KR7	from		prochain	speakers	confiance	1336627052	RE: 6 degrés de séparation	985	48

9121	KR7	to		frère	sophia	révise	1336629216	Re: 6 degrés de séparation	985	46

9671	KR7	from		minute	désolée	agenda	1337451192	RE: radio londres	1044	32

9672	KR7	to		aventure	stade	plat	1337453235	Re: radio londres	1044	66

9762	KR7	from		parlent	retourne	ancien	1337708683	RE: texto	1064	69

9759	KR7	to		sacré	proposes	premium	1337709773	Re: texto	1064	104

9757	KR7	from		ça	dans	quand	1337710756	RE: texto	1064	12

9761	KR7	to		téléphones	confiant	boire	1337715980	Re: texto	1064	133

9758	KR7	to		aujourd	puis	full	1337710611	Re: RE: texto	1065	20

9995	KR7	from		italien	avise	balade	1337855482	RE: possibilités	1089	90

9993	KR7	to		duc	innover	lombards	1337858177	Re: possibilités	1089	45

10086	KR7	from		suivant	mauvaises	certes	1337972969	RE: plan b	1105	61

10085	KR7	to		chasseur	commandes	corrigendum	1337977269	RE: plan b	1105	208

10412	KR7	from		juin	londres	mérite	1338368625	RE: prochain épisode	1132	33

10413	KR7	to		spark	bonfire	documentaires	1338371326	Re: prochain épisode	1132	185

10553	KR7	from		famille	file	probablement	1338468756	RE: zombies et résea ux sociaux	1153	15

10554	KR7	to		génial	seras	ondes	1338480647	Re: zombies et réseaux sociaux	1153	84

10826	KR7	from		bref	direction	client	1338906289	RE: what's up?	1188	22

10828	KR7	to		fruits	siècle	arbres	1338906708	Re: what's up?	1188	42

10884	KR7	from		enorme			1339002013	RE: j'ai revu la dam e du métro hier soir	1196	1

11446	KR7	from		futurs	rattraper	survécu	1339617687	RE: t'es là?	1250	125

11448	KR7	to		gala	inintéressants	kebab	1339631867	=?ISO-8859-1?B?UmU6IHQnZXMgbOA/	1250	545

12499	KR7	from		avenir	mini	investissement	1340821216	RE: programme culturel	1359	45

12501	KR7	to					1340823084	RE: programme culturel	1359	0

12500	KR7	to		mieux	trucs	object	1340824011	RE: programme culturel	1359	34

12697	KR7	from		est	faudrait	fond	1340996106	RE: plus que ce que  j'avais demandé	1365	4

12698	KR7	to		ça	toi	comment	1340996294	Re: plus que ce que j'avais demandé	1365	4

12696	KR7	to		souvient	aisne	dîné	1341043218	Re: plus que ce que j'avais demandé	1365	161

12701	KR7	to		attachant	balançoire	crochus	1341173066	Re: plus que ce que j'avais demandé	1365	307

12700	KR7	from		neveu	parune	peppers	1341230124	RE: plus que ce que  j'avais demandé	1365	215

12703	KR7	to		jaloux	lisait	minables	1341231691	Re: plus que ce que j'avais demandé	1365	306

12702	KR7	to		touchant	starbuck	aborde	1341257413	Re: plus que ce que j'avais demandé	1365	213

13428	KR7	from		longue	utilisé	rupture	1341935059	RE: winners	1467	38

13425	KR7	to		levallois	substance	tienne	1341936182	Re: winners	1467	124

13426	KR7	from					1341941731	RE: winners	1467	0

13427	KR7	to		les	pour	from	1341942413	RE: winners	1467	8

13566	KR7	from		gmail	ils	mes	1342016119	RE: mot compte triple	1473	13

13564	KR7	to		pourront	terminé	découvre	1342016569	Re: mot compte triple	1473	72

13881	KR7	from		grande	allez	collègues	1342471273	RE: je t'écris de	1505	36

13880	KR7	to		commence	doute	madame	1342471606	Re: je t'écris de	1505	35

13883	KR7	from		franchement	doute	sors	1342474210	RE: je t'écris de	1505	19

13884	KR7	to		pas	moi	estelle	1342474980	Re: je t'écris de	1505	5

14231	KR7	from		saura	si]	spaguetti	1342792816	RE: tintin en amériq ue	1559	656

14232	KR7	to		powerpoints	pénaliserais	qwerty	1342795107	Re: tintin en amérique	1559	381

14615	KR7	from		bloquée	censé	moult	1343379532	RE: ça se complique	1621	196

14617	KR7	to		prolongations	raccompagner	rafales	1343388413	Re: ça se complique	1621	558

15173	KR7	from		recouvré	regent	râtée	1344000811	LND	1679	444

15171	KR7	to		débarrasses	déploies	fascinants	1344007662	Re: LND	1679	374

15170	KR7	to		pour	ça	toi	1344008908	Re: LND	1679	10

15176	KR7	from		indeed			1344009289	RE: LND	1679	1

15174	KR7	to		auras	sweet	roissy	1344105323	RE: LND	1679	88

15172	KR7	from		then	sans	fin	1344194388	RE: LND	1679	17

15175	KR7	to		sent	son	mobile	1344195110	RE: LND	1679	15

15334	KR7	from		risque	profiter	jouer	1344362977	RE: décisions=2C décis ions	1703	26

15335	KR7	to		some	sent	mobile	1344363073	=?ISO-8859-1?B?UkU6IGTpY2lzaW9ucywgZOljaXNpb25z	1703	13

15362	KR7	from		amoureux	perso	eau	1344432703	RE: next steps	1710	19

15360	KR7	to		dimanche	adresse	disais	1344434084	Re: next steps	1710	14

15359	KR7	to		que	est	pendant	1344434402	Re: next steps	1710	6

15361	KR7	from		com	gmail	jeromecukier	1344432805	RE: next steps	1711	3

15363	KR7	to		réserve	flavie	probable	1344433920	Re: next steps	1711	95

15525	KR7	from		probablement	seconde	dirais	1344540308	RE: one step closer	1731	37

15548	KR7	to		perplexité	piquillos	plonge	1344551423	Unforgettable	1732	187

15547	KR7	from		que	ça	plus	1344612463	RE: Unforgettable	1732	7

15610	KR7	to		parlant	île	aérodrome	1344613424	minute papillon	1750	114

15749	KR7	from		littéralement	monologues	balades	1344911262	RE: plan A	1757	69

15752	KR7	to		indéterminée	invasion	malheurs	1344918005	Re: plan A	1757	372

15750	KR7	to		besoins	dirai	porter	1344931389	RE: plan A	1757	35

15891	KR7	to		finira	maximise	musette	1345060876	Re: plan sur la comète	1771	233

15919	KR7	from		fêlé	héritées	pionce	1345122846	RE: voilà ce qu'on va faire	1777	253

15917	KR7	to		imposant	incomplet	inventées	1345125264	Re: voilà ce qu'on va faire	1777	389

15937	KR7	from		distance	tien	industriel	1345131110	T'en penses quoi ?	1779	71

15939	KR7	to		arrachant	demanderai	dissonance	1345132806	Re: T'en penses quoi ?	1779	272

15938	KR7	to		que	mais	ça	1345133206	Re: T'en penses quoi ?	1779	8

15942	KR7	from		ça	avec	tout	1345135552	RE: T'en penses quoi ?	1779	10

15941	KR7	to		thèmes	représentent	décalage	1345136403	Re: T'en penses quoi ?	1779	54

15936	KR7	from		dis	jeromecukier	encore	1345137515	RE: T'en penses quoi ?	1779	20

15940	KR7	to		travailler	envoie	minutes	1345137865	Re: T'en penses quoi ?	1779	16

16004	KR7	from		déraisonnable	potes	réplique	1345214651	RE: demandez le programme	1787	63

16003	KR7	to		ordonné	paru	promenais	1345216633	Re: demandez le programme	1787	339

16006	KR7	to		fonctionnement	opposé	géniale	1345217207	Re: demandez le programme	1787	40

16690	KR7	from		bretagne	septembre	texto	1346343486	RE: FYI	1828	87

16689	KR7	to		aviser	catégoriquement	remplit	1346348795	Re: FYI	1828	185

17606	KR7	from		taff	accouphenes	arreter	1347563798	RE: je sais qu'il fa udrait trouver un pr étexte=2C mais un prét exte c'est toujours  idiot	1921	75

17604	KR7	to		souhaite	simplement	miss	1347575018	Re: je sais qu'il faudrait trouver un prétexte=2C mai s un prétexte c'est toujours idiot	1921	46

18347	KR7	from		répercussions	stone	ajoutes	1348479893	RE: issy et là	2005	165

18344	KR7	to		changera	industriel	lèvres	1348502881	Re: issy et là	2005	51

18343	KR7	to		profondes	rebouteux	restées	1348607862	Re: issy et là	2005	724

18348	KR7	from		dure	oreille	reconnu	1348646749	RE: issy et là	2005	51

18345	KR7	to		surpris	suggéré	vérifie	1348648394	Re: issy et là	2005	62

18840	KR7	from		dise	traitement	réserve	1349092005	RE: 1 question	2064	36

18842	KR7	to		optimisme	comportementale	conclue	1349127241	Re: 1 question	2064	110

19075	KR7	from		bien	été	compte	1349358129	RE: Est ce que je pourrais avoir	2081	6

19094	KR7	to		les	bien	faire	1349370721	Re: accusé de réception	2083	8

19348	KR7	from		douceur	mignon	tedx	1349778745	RE: MEx	2114	90

19349	KR7	to		écrirai	comprennent	debriefe	1349795369	Re: MEx	2114	190

19350	KR7	from		est	par	maintenant	1349860395	RE: MEx	2114	11

20070	KR7	from		rattacher	avère	malentendu	1350491215	Gmail = Gmdr	2220	131

20069	KR7	to		peines	revigorante	scripté	1350496399	Re: Gmail = Gmdr	2220	738

20963	KR7	from		urgence	levallois	beauté	1351612741	RE: intendance et logistique	2323	50

20964	KR7	to		justement	prévu	occupe	1351613906	Re: intendance et logistique	2323	27

21064	KR7	from		hello			1351801272	RE: help needed	2335	1

21063	KR7	to		ouverts	rebondissement	répondes	1351804180	Re: help needed	2335	179

21147	KR7	from		hello			1351841281	RE: entretien fb, le cr	2338	1

21146	KR7	to		coprésentateur	exhibant	interventions	1351854510	Re: entretien fb, le cr	2338	436

21144	KR7	from		coder	loisir	touriste	1351856162	RE: entretien fb, le cr	2338	141

21150	KR7	to		csp+	fourmi	guider	1351867824	Re: entretien fb, le cr	2338	289

21145	KR7	from		sécher	zut	grammaire	1352029629	RE: entretien fb, le cr	2338	119

21148	KR7	to		woman	commençant	requis	1352060279	Re: entretien fb, le cr	2338	185

21521	KR7	from		niveau	coucou	social	1352314683	RE: nouveau sujet	2387	28

21520	KR7	to		milliard	bande	cur	1352319576	Re: nouveau sujet	2387	66

21522	KR7	to		dérisoire	ordinaire	pourries	1352392804	Re: nouveau sujet	2387	318

21519	KR7	from		aprem	mickey	barcelone	1352416705	RE: nouveau sujet	2387	62

21517	KR7	to		insensé	interroge	mosaïque	1352423825	Re: nouveau sujet	2387	533

21911	KR7	from		marrant	liens	beauté	1352808790	Les sites du jour ...	2420	41

21910	KR7	to		teste	enjoyé	intrusif	1352826152	Re: Les sites du jour ...	2420	123

22071	KR7	from		final	laisse	tôt	1353000662	RE: tomorrow	2438	28

22070	KR7	to		horaires	reparle	principalement	1353001003	Re: tomorrow	2438	51

22151	KR7	to		dérange	établir	suivantes	1353081857	Re: today (was: tomorrow)	2441	80

22150	KR7	from		vers	quel	please	1353085426	RE: today (was: tomorrow)	2441	21

22149	KR7	to		passe	sms		1353085500	Re: today (was: tomorrow)	2441	2

22225	KR7	from		rien	début	eux	1353267270	RE: synchro	2446	14

22226	KR7	to		histoires	reprendre	pire	1353269707	Re: synchro	2446	54

22318	KR7	from		faut	super	done	1353351000	RE: 11000 euros d'éc onomisés	2456	14

22314	KR7	to		william	ballet	séries	1353352770	Re: 11000 euros d'économisés	2456	55

22315	KR7	from		pas	est	sans	1353401489	RE: 11000 euros d'éc onomisés	2456	9

22316	KR7	to		pas	est	truc	1353401627	Re: 11000 euros d'économisés	2456	5

22782	KR7	from		postes	alfredo	arias	1354007392	RE: 2 trucs	2492	60

22786	KR7	to		indésirables	mazarine	naulleau	1354021398	Re: 2 trucs	2492	465

22781	KR7	from		lever	londres	billets	1354036005	RE: 2 trucs	2492	40

22783	KR7	to		plus	une	veux	1354036283	Re: 2 trucs	2492	12

22784	KR7	from		ça	tout	non	1354039131	RE: 2 trucs	2492	7

22785	KR7	to		raconterai	prendrai	marque	1354039675	Re: 2 trucs	2492	36

23198	KR7	from		tous	peux	non	1354659362	RE: 2 choses	2514	26

23229	KR7	from		est	pour	super	1354659965	RE: complément de ré ponse	2515	6

23231	KR7	to		défonçant	fabriqué	fonctionnes	1354664450	Re: complément de réponse	2515	263

23721	KR7	from		moi	mon	quand	1355236579	Z'êtes faits pour vo us rencontrer si pas  déjà fait ...	2554	13

23719	KR7	to		frère	rendez	signe	1355238818	Re: Z'êtes faits pour vous rencontrer si pas déjà  fait ...	2554	64

23717	KR7	from		barcelone	booké	placé	1355242111	RE: Z'êtes faits pou r vous rencontrer si  pas déjà fait ...	2554	102

23720	KR7	to		décembre	dehors	seras	1355243239	Re: Z'êtes faits pour vous rencontrer si pas déjà  fait ...	2554	41

23718	KR7	from		souci	clients	ultra	1355243820	RE: Z'êtes faits pou r vous rencontrer si  pas déjà fait ...	2554	33

23753	KR7	from		rdv	bureau	voudrais	1355596886	RE: droit au but	2578	27

23752	KR7	to		catégorie	mestelle	cocktail	1355666802	Re: droit au but	2578	57

23750	KR7	from		rentré	dej	dehors	1355738859	RE: droit au but	2578	34

23749	KR7	to		immédiatement	chouettes	monte	1355747213	Re: droit au but	2578	75

