message	correspondent	direction	tweet	word1	word2	word3	time	subject	thread	length

4767	Oyn	from		él	bient	masséna	1330962876	Join my network on LinkedIn	517	90

4769	Oyn	from		you	sent	has	1330963720	coucou	518	7

4772	Oyn	from		you	sent	has	1330964104	RE: re: invitation	519	7

4771	Oyn	from		you	sent	has	1330965758	RE: re: invitation	520	7

4785	Oyn	from		vers	isabelle	connais	1330974433	déjeuner	522	18

4786	Oyn	to		gens	prochaine	connais	1331028444	=?ISO-8859-1?B?UmU6IGTpamV1bmVy	522	24

4784	Oyn	from		toutes	bises	isabelle	1331035975	=?ISO-8859-1?B?UmU6IGTpamV1bmVy	522	15

4787	Oyn	to		cour	fonction	choisir	1331052042	=?ISO-8859-1?B?UmU6IGTpamV1bmVy	522	60

4788	Oyn	from		dit	alors	bises	1331065862	=?ISO-8859-1?B?UmU6IGTpamV1bmVy	522	10

5059	Oyn	from		développé	vêtements	fabrique	1331310006	question	540	54

5060	Oyn	to		pense	hello	personne	1331311263	Re: question	540	15

5061	Oyn	from		même	quand	bon	1331311542	Re: question	540	6

5793	Oyn	to		pacte	fargues	remarque	1332260831	hello	614	88

5794	Oyn	from		gentil	apporter	organise	1332356397	Re: hello	614	43

5791	Oyn	to		importe	deal	contacts	1332358321	Re: hello	614	50

5792	Oyn	from		très	beaucoup	merci	1332403042	Re: hello	614	8

6315	Oyn	to		ça	quand	toi	1332853681		688	10

6324	Oyn	from		coucou	rentre	partenaire	1332863804	Re:	688	27

6325	Oyn	to		partagent	groupes	connecter	1332864320	Re:	688	67

6382	Oyn	from		avril	gentil	fargues	1332921816	Re:	688	49

6383	Oyn	to		juste	retrouver	laisser	1332926308	Re:	688	48

6431	Oyn	from		pour	alors	fois	1332960612	Re:	688	7

6821	Oyn	to		électeurs	élu	assimiler	1333530753		732	144

6816	Oyn	from		aout	prépa	débordée	1333564028	Re:	732	53

6818	Oyn	to		grassal	itrossat	ittex	1333567100	Re:	732	69

6819	Oyn	from		arrivera	espérant	mener	1333611810	Re:	732	90

6815	Oyn	to		qui	marion		1333614708	Re:	732	2

6817	Oyn	from		son	dernière	bas	1333618460	Re:	732	15

6820	Oyn	to		souviens	arnaud	filles	1333618587	Re:	732	35

7624	Oyn	to		employeur	mur	purement	1334692037		810	123

7700	Oyn	to		contrats	démission	laissent	1334769120	merci pour ton message	821	213

7701	Oyn	from		angoisses	fonctions	cuit	1334773516	Re: merci pour ton message	821	115

7828	Oyn	from		tous	bonjour		1334936883	Diner à Paris	835	2

7833	Oyn	to		sncf	thomas	excellente	1334945339	RE: Diner à Paris	835	40

7971	Oyn	from		jeudi	bises	grand	1335166437	Diner anciens de Masséna jeudi 28 juin à Paris=21	844	25

7970	Oyn	from		trossat	rejoindre	organiser	1339408623	Diner anciens de Masséna jeudi 28 juin à Paris=21	844	66

7962	Oyn	to		beaumarchais	pizzeria	aauriez	1339427475	Re : Diner anciens de Masséna jeudi 28 juin à Paris!	844	145

7967	Oyn	from		choix	arnaud	thomas	1339685258	Re: Re : Diner anciens de Masséna jeudi 28 juin à  Paris=21	844	34

7960	Oyn	to		jerome	oui	dernière	1339685359	Re: Re : Diner anciens de Masséna jeudi 28 juin à  Paris=21	844	6

7966	Oyn	from		bisous	super		1339685480	Re: Re : Diner anciens de Masséna jeudi 28 juin à  Paris=21	844	2

7959	Oyn	to		pas	ça	toi	1339685653	Re: Re : Diner anciens de Masséna jeudi 28 juin à  Paris=21	844	8

7965	Oyn	from		centre	clients	présenter	1339689909	Re: Re : Diner anciens de Masséna jeudi 28 juin à  Paris=21	844	30

7969	Oyn	to		donnerais	remboursés	solde	1339768920	Re: Re : Diner anciens de Masséna jeudi 28 juin à  Paris=21	844	88

7961	Oyn	from		bisous	bon	école	1339769552	Re: Re : Diner anciens de Masséna jeudi 28 juin à  Paris=21	844	13

7956	Oyn	from		très	bon	tous	1339776036	Re: Re : Diner anciens de Masséna jeudi 28 juin à  Paris=21	844	11

8730	Oyn	to		fondent	licencié	mangerais	1336079346	hello	943	755

8731	Oyn	from		tiens	option	courant	1336404006	Re: hello	943	40

8729	Oyn	to		écouler	documentaires	gagnera	1337633427	Re: hello	943	259

7964	Oyn	to		acoucou	acâ	ajér	1339767534	=?utf-8?B?UmUgOiBSZSA6IERpbmVyIGFuY2llbnMgZGUgTWFzc8OpbmEgamV1ZGkgMjgg =?utf-8?B?anVpbiDDoCBQYXJpcyE=	1263	311

7972	Oyn	from		que	être	là	1339768511	Re: Re : Re : Diner anciens de Masséna jeudi 28 jui n à Paris=21	1263	9

12595	Oyn	from		prépa	retard	voiture	1340815510	A demain!!	1356	69

12596	Oyn	to		esp	auront	mouvement	1340817578	Re: A demain!!	1356	32

12597	Oyn	to		stéphan	impatient	pareillement	1340818634	Re: A demain!!	1356	3

12735	Oyn	from		jérome	confiance	sympa	1341000273		1366	33

12743	Oyn	to		joue	organisé	rigueur	1341000881	Re:	1366	69

12739	Oyn	from		look	bises	trouve	1341162872	Re:	1366	22

12742	Oyn	to		moins	personne	entre	1341163477	Re:	1366	18

12736	Oyn	from		pas	est	avoir	1341163653	Re:	1366	7

12741	Oyn	to		some	ton	sent	1341164045	Re:	1366	12

12738	Oyn	from		juste	jamais	tiens	1341165039	Re:	1366	18

12740	Oyn	to		appelle	bonnes	envoie	1341170725	Re:	1366	38

12737	Oyn	from		pour	suis	paris	1341210474	Re:	1366	12

12874	Oyn	to		soumis	compétition	participé	1341248158	mon actu pro	1387	110

12879	Oyn	from		train	tiens	bureau	1341250489	Re: mon actu pro	1387	23

12873	Oyn	to		gagne	gagné	delivered	1341308150	Re: mon actu pro	1387	68

12877	Oyn	to		nouvelles	longtemps	bonnes	1341587647	Re: mon actu pro	1387	38

12876	Oyn	from		ateliers	grenoble	sente	1341687645	Re: mon actu pro	1387	122

12880	Oyn	to		est	mais	from	1341687701	Re: mon actu pro	1387	8

12875	Oyn	from		fin	list	partie	1341688172	Re: mon actu pro	1387	26

12878	Oyn	to		confortable	vendu	manche	1341688270	Re: mon actu pro	1387	159

13842	Oyn	to		pleines	concrétisent	conjonction	1342355602	news mutuelles	1496	431

14425	Oyn	from		éloigner	affectés	dévouement	1343031526	Nouvelles	1594	414

14424	Oyn	to		vaguement	habituée	métaphore	1343043079	Re: Nouvelles	1594	369

14458	Oyn	to		remplacés	sdf	servaient	1343060182	suite des nouvelles	1597	645

14490	Oyn	from		motrice	particularités	perçois	1343115520		1602	144

14494	Oyn	to		tranche	terriblement	abstrait	1343129996	Re:	1602	167

14492	Oyn	to		que	est	quand	1343138954	Re:	1602	5

14491	Oyn	from		sentais	spécialistes	favorable	1343155466	Re:	1606	105

14495	Oyn	to		séparation	ttes	conflits	1343158712	Re:	1606	253

14493	Oyn	from		contraste	distants	dépassait	1343213249	Re:	1611	196

14496	Oyn	to		fictions	grossesses	indépendence	1343217684	Re:	1611	481

14574	Oyn	from		phases	remplies	sagesse	1343226305		1612	129

14573	Oyn	to		repensé	socialement	voyez	1343255889	Re:	1612	366

14578	Oyn	from		initiatique	inquiétée	manipulable	1343321123	Re:	1612	299

14572	Oyn	to		rencontrais	repliés	reproduire	1343328954	Re:	1612	1199

14577	Oyn	from		perturbée	répercussions	séparations	1343403770	Re:	1612	325

14575	Oyn	to		anements	cohérentes	constituait	1343409419	Re:	1612	672

14579	Oyn	from		rdv	boulot	disponible	1343416139	Re:	1612	29

14576	Oyn	to		seras	ondes	organise	1343418480	Re:	1612	62

14745	Oyn	from		bonne	fin	journée	1343420615	Skype	1626	24

14747	Oyn	to		soir	demain	matin	1343421021	Re: Skype	1626	14

14743	Oyn	from		train	isabelle	coucou	1343479932	Re: Skype	1626	21

14746	Oyn	to		les	bisous	soir	1343481445	Re: Skype	1626	8

14744	Oyn	from		good	ton	message	1343482636	Re: Skype	1626	18

14798	Oyn	from		tente	aout	regardé	1343509237	Dates Paris	1630	72

14864	Oyn	from		insultant	intégrant	mansuétude	1343642931		1635	726

14862	Oyn	to		maximiser	robot	témoignage	1343657163	Re:	1635	290

14863	Oyn	from		contrôler	sauver	douloureux	1343660742	Re:	1635	71

14926	Oyn	to		une	jerome	bisous	1343701662		1649	9

14924	Oyn	from		isabelle	bcp	juillet	1343718264	Re:	1650	29

14923	Oyn	to		contribution	dates	passée	1343756734	Re:	1650	55

14922	Oyn	from		guadeloupe	malo	arrêtaient	1343760435	Re:	1650	208

14925	Oyn	to		culpabilité	prestation	retournement	1343763137	Re:	1650	171

15022	Oyn	from		qualité	doutes	remercie	1343825302	Merci !	1656	60

15023	Oyn	to		bisous	aux	chose	1343827570	Re: Merci !	1656	14

15024	Oyn	from		offres	cocktail	xxx	1343832009	Re: Merci !	1656	48

15021	Oyn	to		dépensé	dérangé	farmers	1343858703	Re: Merci !	1656	145

15097	Oyn	from		trouvée	aperçu	organic	1343920498		1667	101

15095	Oyn	to		mail	isabelle	aime	1343920715	Re:	1667	21

15094	Oyn	from		merci	long	chouette	1343921226	Re:	1667	6

15096	Oyn	to		obélisque	oubliées	panneaux	1343921981	Re:	1667	301

15093	Oyn	to		journée	simple	surtout	1343922106	Re:	1667	17

15113	Oyn	from		nevada	paroisses	prédicateurs	1343928705		1670	174

15115	Oyn	to		occurence	oecuménique	offrais	1343931640	Re:	1670	338

15114	Oyn	from		église	bénédicités	consentement	1343934039	Re:	1673	44

15112	Oyn	to		ado	remonte	confronté	1343935086	Re:	1673	74

15153	Oyn	from		photo	video	envoyer	1343979844	Camille	1676	19

15154	Oyn	from		guitare	prévoit	prestation	1343980049	Fwd: video Camille Live	1677	100

15166	Oyn	from		facile	prends	position	1343996892	Bon retour!	1678	31

15167	Oyn	to		disparue	embarquement	extériorisé	1344000810	Re: Bon retour!	1678	256

15164	Oyn	from		connaissais	réseaux	outils	1344006764	Re: Bon retour!	1678	29

15163	Oyn	to		mat	roissy	vol	1344007940	Re: Bon retour!	1678	43

15165	Oyn	from		rentrer	laquelle	aspect	1344011671	Re: Bon retour!	1678	26

15242	Oyn	from		content	isabelle	bientôt	1344157785		1690	28

15241	Oyn	to		gros	content	camille	1344195311	Re:	1690	37

15240	Oyn	from		partenaire	fatiguée	horaire	1344243459	Re:	1690	49

15330	Oyn	from		perturbé	brutale	cousins	1344329944	Paris	1697	229

15331	Oyn	to		entièrement	perturbent	soyez	1344336970	Re: Paris	1697	220

15329	Oyn	from		retrouver	samedi	gentil	1344344016	Re: Paris	1697	47

15328	Oyn	to		théatre	touriste	vosges	1344346495	Re: Paris	1697	155

15332	Oyn	from		entend	univers	fautes	1344349924	Re: Paris	1697	78

15370	Oyn	from		pas	pour	paris	1344370169	Billets de train	1704	10

15369	Oyn	to		est	bien	mon	1344370312	Re: Billets de train	1704	11

15438	Oyn	from		écrit	skype	loin	1344440429		1716	22

15442	Oyn	to		partout	téléphone	regarde	1344440841	Re:	1716	89

15443	Oyn	to		que	avec	ton	1344441886	Re:	1716	5

15441	Oyn	to		ton	message	viens	1344441962	Re:	1716	4

15437	Oyn	to		vivement	plage	trajet	1344442246	Re:	1716	85

15440	Oyn	from		des	dans	plus	1344443901	Re:	1716	9

15439	Oyn	from		connectée	dodo	tempérament	1344459874	Re:	1718	101

15520	Oyn	from		paraît	resto	boire	1344523366		1730	22

15519	Oyn	to		formidable	rentrant	réserver	1344524787	Re:	1730	91

15522	Oyn	from		identifiés	initiale	activement	1344527206	Re:	1730	104

15521	Oyn	to		fut	perdu	différemment	1344552705	Re:	1730	92

15601	Oyn	from		montparnasse	arrivée	tjs	1344607844		1747	57

15598	Oyn	to		ton	bisous	attends	1344609380	Re:	1747	10

15602	Oyn	from		bonne	fin	journée	1344612552	Re:	1747	3

15600	Oyn	from		sur	fait	peu	1344614560	Re:	1747	14

15603	Oyn	to		est	fait	plutôt	1344615326	Re:	1747	7

15604	Oyn	from		ça	comme	alors	1344615538	Re:	1747	5

15599	Oyn	to		week	end	tes	1344615770	Re:	1747	5

15605	Oyn	to		mon	photos	qqs	1344616074	Re:	1747	4

15689	Oyn	from		coller	raconteras	folle	1344851647	pb skype	1752	112

15685	Oyn	to		excitants	farce	forgiveness	1344853691	Re: pb skype	1752	187

15692	Oyn	to		pas	est	ça	1344864592	Re: pb skype	1752	11

15687	Oyn	from		pour	elle	bon	1344864908	Re: pb skype	1752	6

15688	Oyn	to		programme	voire	samedi	1344865239	Re: pb skype	1752	83

15686	Oyn	from		planning	samedi	devait	1344866022	Re: pb skype	1752	71

15691	Oyn	from		occupent	textile	bretonne	1344866813	Re: pb skype	1752	181

15690	Oyn	to		retournant	retrouvée	allions	1344935517	Re: pb skype	1752	123

15745	Oyn	from		harping	hovers	jpg]	1344878795	Humour anglais/ Harping back to your youth....	1755	157

15746	Oyn	to		envoyait	ficeler	illégal	1344880592	Re: Humour anglais/ Harping back to your youth....	1755	129

15747	Oyn	from		chèque	opposition	ego	1344889316	Re: Humour anglais/ Harping back to your youth....	1756	41

15748	Oyn	to		tape	proposant	proprio	1344891254	Re: Humour anglais/ Harping back to your youth....	1756	63

15776	Oyn	from		crédible	paradis	obs	1344941377	Re:	1758	92

15777	Oyn	to		apéro	improbables	parlaient	1344947239	Re:	1758	98

15985	Oyn	to		cousine	célibataire	engueuler	1345188878	News	1782	134

15986	Oyn	from		constructions	cérébral	déroulage	1345195047	Re: News	1782	152

15987	Oyn	to		résigner	sachent	soupèse	1345197438	Re: News	1782	708

16256	Oyn	from		recommandation	profil	remis	1345730697	question	1799	48

16260	Oyn	to		solliciter	formulaire	profil	1345731382	Re: question	1799	81

16257	Oyn	from		compter	processus	ahaha	1345732057	Re: question	1799	42

16255	Oyn	to		navigatrice	proverbe	racontées	1345733973	Re: question	1799	366

16258	Oyn	to		confronté	aboutir	grandir	1345734941	Re: question	1799	101

16259	Oyn	from		euphorisant	grisant	inconfortable	1345804956	Re: question	1799	540

16254	Oyn	to		réfléchissais	douche	formalisé	1345815844	Re: question	1799	348

16379	Oyn	to		serein	achevé	tirent	1345934465	26 ao=FBt	1806	330

16378	Oyn	from		espèces	obsessionnel	souffert	1346010133	Re: 26 ao=FBt	1806	211

16380	Oyn	from		anxiogènes	compulsifs	délègue	1346012403	Fwd: Re: 26 ao=FBt	1806	242

16377	Oyn	to		étiez	arrangent	croisée	1346020428	=?ISO-8859-1?B?UmU6IFJlOiAyNiBhb/t0	1806	325

16529	Oyn	to		que	bien	tout	1346163334	alors la santé?	1818	5

16527	Oyn	from		traitements	envahie	essaies	1346173743	Re: alors la santé?	1818	159

16530	Oyn	to		fondée	accessoirement	agi	1346176233	Re: alors la santé?	1818	440

16528	Oyn	from		investissant	jugés	nés	1346260576	Re: alors la santé?	1818	310

16708	Oyn	to		textote	tierces	traire	1346358040	news	1829	1798

16759	Oyn	to		chouette	entendu	intéresse	1346428780		1833	35

16801	Oyn	to		intéresserait	nourri	pipés	1346514612	sobre depuis 2 jours	1839	915

16835	Oyn	from		petits	exactement	arrêter	1346576207		1841	36

16832	Oyn	from		fautes	fière	ressentais	1346591510	Fwd:	1841	66

16833	Oyn	from		surdouée	valorise	versement	1346613302	Re: Fwd:	1842	789

16834	Oyn	to		cartonnent	compétitives	constateras	1346625152	Re: Fwd:	1842	535

16836	Oyn	from		caser	décris	calin	1346755225	Re: Fwd:	1842	101

16831	Oyn	to		attentifs	bienôt	bêtises	1346756758	Re: Fwd:	1842	299

16983	Oyn	from		intéressants	développer	entrepreneur	1346774545	question	1858	39

16984	Oyn	to		pas	mais	dans	1346774979	Re: question	1858	12

16985	Oyn	from		merci	prendre	tard	1346775244	Re: question	1858	20

17335	Oyn	from		cinglée	conteste	gaché	1347272093	nouvelles	1890	319

17333	Oyn	to		jacent	légaliste	obtempères	1347275690	Re: nouvelles	1890	780

17336	Oyn	from		lent	longuement	exercer	1347283730	Re: nouvelles	1890	142

17334	Oyn	to		poserai	reprogrammer	chante	1347306884	Re: nouvelles	1890	249

17354	Oyn	from		départ	réussi	chouette	1347284169		1893	24

17368	Oyn	from		prendre	qqs	contacts	1347300532	contacts galeries=2Fmusées	1894	21

17433	Oyn	to					1347373484	je me dirige vers bercy, appelle moi quand tu sors	1900	0

17453	Oyn	from		musée	spectacle	théâtre	1347396678		1902	26

17519	Oyn	from		plutôt	soirée	comprendre	1347468953		1909	24

17518	Oyn	to		eux	conseil	nouveau	1347469849	Re:	1909	28

17520	Oyn	to		persiste	portent	remonté	1347492181	Re:	1909	269

17598	Oyn	to		réticente	dessins	dégradées	1347540039	=?ISO-8859-1?B?Yydlc3QgbGEgZup0ZSE=	1913	399

17607	Oyn	to		prêtait	retrouvais	touchait	1347544642		1915	330

17635	Oyn	to		quoi	sinon	ben	1347551182	laptop & style	1917	17

17636	Oyn	from		plaisir	cher	beau	1347558045	Re: laptop & style	1917	34

17631	Oyn	to		pour	ça	peu	1347558113	Re: laptop & style	1917	10

17632	Oyn	from		fait	être	peu	1347558518	Re: laptop & style	1917	14

17630	Oyn	to		good	avoir	sent	1347558925	Re: laptop & style	1917	12

17648	Oyn	from		finitude	prévenue	renouer	1347557369		1918	163

17633	Oyn	from		tough			1347559328	Re: laptop & style	1919	1

17634	Oyn	to		autriche	accessoires	graft	1347579129	Re: laptop & style	1919	55

17748	Oyn	to		des	bisous	coralie	1347633936	bonne nouvelle	1928	11

17747	Oyn	from		bon	peu	bisous	1347635748	Re: bonne nouvelle	1928	15

17964	Oyn	to		pris	parlé	celui	1347915682	gagné	1975	23

17963	Oyn	from		médecin	stressée	retournée	1347950005	=?ISO-8859-1?B?UmU6IGdhZ27p	1975	67

17965	Oyn	to		stairways	succédé	tracasse	1347956731	=?ISO-8859-1?B?UmU6IGdhZ27p	1975	1087

18017	Oyn	to		prépare	naturelle	accueillir	1347960857	préparations	1988	31

18016	Oyn	from		existence	enterrement	toussaint	1348078633	Re: préparations	1995	72

18018	Oyn	to		pesanteur	virginie	parrain	1348082066	Re: préparations	1995	265

18019	Oyn	from		est	pour	une	1348083072	Re: préparations	1995	10

18266	Oyn	from		heure	envoyé	hier	1348253848		2001	19

18267	Oyn	to		drame	régner	trajet	1348260284	Re:	2001	128

18303	Oyn	to		appelles	préoccupation	gâteaux	1348344001	Tu te rends compte d'o=F9 on en est rendu	2003	72

18512	Oyn	to		cake	png]	brownie	1348652332	Fwd: FW: Drinks & dessert for my departure	2026	85

18513	Oyn	from		tendance	parisien	ahaha	1348654236	Re: FW: Drinks & dessert for my departure	2026	29

18580	Oyn	to		déplacé	graft	hordes	1348674199	tout ça pour ça	2045	191

18581	Oyn	from		sac	charge	ressenti	1348732614	Re: tout ça pour ça	2045	55

18582	Oyn	to		moules	nada	nonchalance	1348736631	Re: tout ça pour ça	2045	731

18579	Oyn	from		trompe	compassion	empathie	1349117154	Re: tout ça pour ça	2045	187

18583	Oyn	to		anéantie	calmait	chevaux	1349123786	Re: tout ça pour ça	2045	500

19032	Oyn	to		bibliothèque	connexion	évite	1349305104		2078	138

19103	Oyn	to		recruteur	étapes	feltron	1349382036	skype	2084	180

19102	Oyn	from		pourrais	courant	partager	1349424244	Re: skype	2084	28

19356	Oyn	from		kinés	louper	pincements	1349770325	news	2111	278

19355	Oyn	to		halley	insurance	lucre	1349797648	Re: news	2111	596

19357	Oyn	from		pas	est	quand	1349807349	Re: news	2111	10

19354	Oyn	to		shopping	parisien	hop	1349814748	Re: news	2111	87

19358	Oyn	to		compliqué	rdv	personnel	1349877565	Re: news	2111	57

19489	Oyn	to		exécuter	fraduleux	gote	1349896914	pff	2121	366

19530	Oyn	from		appels	suez	indique	1349940762	Peut être à tt à l'heure à Montparnasse=21	2127	115

19728	Oyn	to		pourries	prince	quarts	1350159089	Safe & sound	2140	104

19726	Oyn	from		présentation	sre	seras	1350286755	Re: Safe & sound	2140	34

19724	Oyn	to		une	dans	bisous	1350313619	Re: Safe & sound	2140	7

19715	Oyn	from		bonne	chance		1350313935	Re: Safe & sound	2140	2

19720	Oyn	to		est	ça	bien	1350335472	Re: Safe & sound	2140	6

19722	Oyn	from		orientation	boites	initié	1350499116	Re: Safe & sound	2140	78

19727	Oyn	to		attente	viendra	dangereux	1350499480	Re: Safe & sound	2140	52

19721	Oyn	to		que	mail	pendant	1350499653	Re: Safe & sound	2140	5

19716	Oyn	from		problèmes	dur	verra	1350499748	Re: Safe & sound	2140	41

19723	Oyn	from		moi	bisous	dois	1350499795	Re: Safe & sound	2140	9

19725	Oyn	to		bisous	oui	nos	1350500305	Re: Safe & sound	2140	24

19717	Oyn	to		écoute	comportement	usages	1350517675	Re: Safe & sound	2140	66

19719	Oyn	from		venir	sors	vertiges	1350544592	Re: Safe & sound	2140	44

19718	Oyn	to		ces	tant	ensuite	1350565418	Re: Safe & sound	2140	17

20157	Oyn	from		fera	soucis	inverse	1350568576		2235	46

20154	Oyn	to		sur	bien	bisous	1350568633	Re:	2235	3

20156	Oyn	from		pense	après	trop	1350572925	Re:	2235	12

20155	Oyn	to		insolents	jointure	organisait	1350630684	Re:	2235	390

20153	Oyn	from		aies	paraît	tenter	1350679069	Re:	2235	36

20967	Oyn	to		biologiques	chauffeur	contenant	1351615943	dernières nouvelles	2324	426

21052	Oyn	to		méridien	ralentit	refourguer	1351737573	compte-rendu	2326	952

21067	Oyn	to		chouettes	nécessité	envahi	1351761369		2327	90

21068	Oyn	from		admirative	baver	consommée	1351769101	Re:	2327	326

21066	Oyn	to		déprimant	fantasmé	goujats	1351787514	Re:	2327	324

21324	Oyn	from		isabelle	mercredi	appelle	1352115517		2352	38

21328	Oyn	to		engouement	interprétations	concessions	1352118145	Re:	2352	315

21326	Oyn	from		harmonie	métaphore	remettent	1352210954	Re:	2352	56

21327	Oyn	to		ton	demain	hui	1352212224	Re:	2352	15

21323	Oyn	from		yes			1352212695	Re:	2352	1

21325	Oyn	from		les	avec	était	1352212763	Re:	2352	10

21422	Oyn	to		découvrez	connaissances	stierlin	1352205179	Fwd: Jér=F4me=2C faites comme Isabelle TROSSAT=2C Bruno  Walther et 65 autres relations	2363	84

21418	Oyn	from		alors	maintenant	linkedin	1352210543	Re: Jér=F4me=2C faites comme Isabelle TROSSAT=2C Bruno W alther et 65 autres relations	2363	19

21419	Oyn	to		pour	mais	moi	1352210594	Re: Jér=F4me=2C faites comme Isabelle TROSSAT=2C Bruno W alther et 65 autres relations	2363	5

21421	Oyn	from		pas	alors	exemple	1352211060	Re: Jér=F4me=2C faites comme Isabelle TROSSAT=2C Bruno W alther et 65 autres relations	2363	4

21417	Oyn	to		que	est	paris	1352211145	Re: Jér=F4me=2C faites comme Isabelle TROSSAT=2C Bruno W alther et 65 autres relations	2363	6

21416	Oyn	from		revenir	prise	salon	1352211369	Re: Jér=F4me=2C faites comme Isabelle TROSSAT=2C Bruno W alther et 65 autres relations	2363	52

21542	Oyn	to		bisous			1352306509	on dit vers quelle heure alors?	2385	1

21540	Oyn	from		bisous	appelle		1352306619	Re: on dit vers quelle heure alors?	2385	2

21541	Oyn	to		impec			1352306932	Re: on dit vers quelle heure alors?	2385	1

21640	Oyn	to		sensuel	soyeux	symboles	1352394476	merci	2396	379

21639	Oyn	from		finis	dossiers	futuroscope	1352458379	Re: merci	2396	75

21638	Oyn	to		demande	souvent	effort	1352459009	Re: merci	2396	22

21862	Oyn	to		floppée	joignable	jenna	1352755357		2409	275

21863	Oyn	from		recommencent	consoler	déterminant	1352795863	Re:	2409	182

21861	Oyn	to		mcdo	neveux	pensants	1352805785	Re:	2409	577

21860	Oyn	from		comportements	durs	concentre	1352817621	Re:	2409	79

22163	Oyn	from		élève	écouté	âme	1353086251		2443	26

22162	Oyn	to		spirtitualité	temples	textotée	1353090906	Re:	2443	440

22229	Oyn	to		dissipés	excessivement	personnage	1353271264	situation	2447	320

22228	Oyn	from		apaisée	fourmillements	plongée	1353317232	Re: situation	2447	129

22264	Oyn	from		emplois	occasion	laisser	1353317512	suite	2451	28

22267	Oyn	to		bonnes	plein	coucou	1353319111	Re: suite	2451	39

22266	Oyn	from		ménager	remontent	étudier	1353359598	Re: suite	2451	101

22270	Oyn	to		enfin	marie	reste	1353361663	Re: suite	2451	42

22269	Oyn	to		culinaires	dali	divertir	1353713852	Re: suite	2451	250

22268	Oyn	from		week	end	vrai	1353745996	Re: suite	2451	29

22265	Oyn	to		gamins	gardée	ordonnées	1353751013	Re: suite	2451	593

22698	Oyn	to					1353759048	Le g=C3=A2teau 	2482	0

22699	Oyn	from		vrai	gateau	fées	1353759292	Re: Le g=E2teau	2482	4

22730	Oyn	to		urgences	enzo	mondes	1353880481	week-end emotion	2483	201

22729	Oyn	from		aboutissait	arcade	correctes	1353921959	Re: week-end emotion	2483	480

22747	Oyn	from		oublié	pénible	réussir	1353922124		2485	32

22790	Oyn	to		est	pour	bisous	1353953552	entretien	2487	10

22788	Oyn	from					1353955490	Re: entretien	2487	0

22789	Oyn	from		mais	être	toi	1353955686	Re: entretien	2487	13

22811	Oyn	to		trouvent	demanderont	invitées	1353978512	suite des aventures	2490	316

23345	Oyn	to		arriver	concerne	meilleure	1354753751	...	2523	55

23418	Oyn	to					1354833191	bonne chance pour demain	2526	0

23416	Oyn	from		bcp	vont	courage	1354863933	Re: bonne chance pour demain	2526	33

23417	Oyn	to		tradition	bloqué	espérons	1354866027	Re: bonne chance pour demain	2526	172

23712	Oyn	to		compétence	journalistes	payé	1355232758	go/no go?	2552	92

23713	Oyn	from		délai	réel	libérer	1355234512	Re: go/no go?	2552	55

23755	Oyn	to		rentrait	réveillerait	succession	1355272465	isabelle	2556	907

23873	Oyn	to		vendent	hiver	kilos	1355356937	hello	2566	97

23909	Oyn	to		sinon	vite	courant	1355407847	=?ISO-8859-1?B?bWFpbCBlbnZveeku	2568	19

23908	Oyn	from		well	done		1355408346	Re: mail envoyé.	2568	2

23929	Oyn	to					1355425832	http://techcrunch.com/2012/12/13/why-facebook-the-best-company-to-work-for-doesnt-need-a-union/	2569	0

23930	Oyn	from		pas	mais	ça	1355426779	Re: http://techcrunch.com/2012/12/13/why-facebook-the-best-company-to-work-for-doesnt-need-a-union/	2569	10

24210	Oyn	to		souhaitent	obtenu	préfèrerais	1355780600	ici Paris	2591	137

24255	Oyn	to		bisous	soir	cas	1355817725	le canon à bonnes ondes	2597	5

24256	Oyn	from		pour	dans	bisous	1355822152	Re: le canon à bonnes ondes	2597	9

24284	Oyn	from		envoyer	carte	clients	1355824335	Idées d'une carte originale pour envoyer mes voeux  aux clients?...	2599	29

24285	Oyn	to		libé	attitrée	fifimandirac	1355861324	Re: Idées d'une carte originale pour envoyer mes vo eux aux clients?...	2599	279

24323	Oyn	to		quels	telle	troisième	1355869433		2606	61

24322	Oyn	from		des	ça	tout	1355937280	Re:	2606	7

