message	correspondent	direction	tweet	word1	word2	word3	time	subject	thread	length

13761	pBM	from		afternoon	prash	wondering	1342178728	Growth browser	1491	44

13779	pBM	to		sector	unnecessary	zooms	1342194876	where I'm at right now	1493	276

13776	pBM	from		yes	keep	francois	1342434885	Re: where I'm at right now	1493	14

13778	pBM	to		close	network	added	1342435220	Re: where I'm at right now	1493	29

14297	pBM	from		temporary	breadcrumbs	consultancy	1342802443	Growth browser feedback	1566	315

14296	pBM	to		trails	corners	diameter	1342805221	Re: Growth browser feedback	1566	236

14464	pBM	to		representing	gatten	calendar	1343068023	The size of the containing bubble	1598	77

14300	pBM	from		appropriately	floating	highlighted	1343141442	Re: Growth browser feedback	1603	125

14292	pBM	to		nice	seems	approach	1343142498	Re: Growth browser feedback	1603	18

14301	pBM	from		both	bad	fairly	1343148377	Re: Growth browser feedback	1603	22

14560	pBM	to		determines	fastest	hugely	1343207709	Fwd: GI Growthbrowser Map view	1610	268

14592	pBM	from		francois	basically	chat	1343228264	Quick progress chat	1614	37

14590	pBM	to		difference	prash	hour	1343231187	Re: Quick progress chat	1614	58

14591	pBM	to		depending	resume	zooming	1343266112	Re: Quick progress chat	1614	99

14594	pBM	to		regions	sorted	sectors	1343293374	Re: Quick progress chat	1618	66

14737	pBM	from		hold	formats	integrate	1343409067	Progress update	1625	138

14738	pBM	to		mechanism	attempting	formatting	1343426896	Re: Progress update	1625	221

14793	pBM	to		message	forwarded		1343492904	Fwd: Re: vector map	1628	2

14957	pBM	to		gatten	calendar	warehouse	1343746037	Contact?	1653	84

15223	pBM	from		browser	require	progress	1344092845	Progress update	1689	62

15294	pBM	from		receive	appreciate	directly	1344270480	Initial feedback	1695	53

15297	pBM	to		length	consumers	finds	1344335934	Re: Initial feedback	1695	334

15296	pBM	to		distinguish	implemented	log	1344511051	Re: Initial feedback	1695	88

15606	pBM	from		francois	round	prash	1344610350	Feedback	1748	45

15607	pBM	to		accurate	precise	reproduce	1344615750	Re: Feedback	1748	215

15790	pBM	to		current	present	fixed	1344959571	growth intelligence explorer	1759	54

15788	pBM	from		prash	switch	exist	1344959992	Re: growth intelligence explorer	1759	77

15789	pBM	to		yes	change	call	1344960267	Re: growth intelligence explorer	1759	15

15792	pBM	to		make	code	top	1344960293	Re: growth intelligence explorer	1759	14

15787	pBM	from		key	become	prash	1344960700	Re: growth intelligence explorer	1759	52

15791	pBM	to		change	line	either	1344960903	Re: growth intelligence explorer	1759	16

15850	pBM	from		hitting	browse	sectors	1345029501	Growth browser changes	1765	118

15849	pBM	to		display	rest	except	1345032340	Re: Growth browser changes	1765	27

15848	pBM	to		display	rest	computer	1345032695	Re: Growth browser changes	1765	32

15851	pBM	to		display	rest	computer	1345039875	Re: Growth browser changes	1765	32

15854	pBM	from		problem	api	yourself	1345029606	sorry forgot to say	1766	27

15853	pBM	to		can	get	look	1345032776	Re: sorry forgot to say	1766	5

15852	pBM	to		can	get	look	1345039877	Re: sorry forgot to say	1766	5

15927	pBM	from		addition	region	math	1345121450	browser	1776	77

15928	pBM	to		bounds	specified	crashes	1345126270	Re: browser	1776	324

15926	pBM	from		investigate	scaling	providing	1345127400	Re: browser	1776	156

15924	pBM	to		time	here	has	1345129835	Re: browser	1776	13

15925	pBM	from		sales	appropriate	exist	1345131161	Re: browser	1776	67

15931	pBM	from		seems	similar	circles	1345126014	ignore last email	1778	37

16516	pBM	from		sorted	breadcrumbs	completed	1346153692	Growth browser update	1817	141

16517	pBM	to		computed	firefox	clickable	1346157946	Re: Growth browser update	1817	194

16514	pBM	from		access	base	prash	1346158702	Re: Growth browser update	1817	39

16610	pBM	to		yesterday	published	prash	1346256173	follow up	1823	27

16760	pBM	to		legend	layers	breadcrumb	1346430438	breadcrumbs and zooming out	1834	107

19302	pBM	from		awhile	caught	collected	1349700386	Growth Browser	2109	175

19294	pBM	to		paid	guessing	bringing	1349880377	Re: Growth Browser	2109	70

19299	pBM	from		navigation	wraps	transforms	1349962153	Re: Growth Browser	2109	150

19300	pBM	from		prash	decided	reasonable	1350037662	Re: Growth Browser	2109	30

19291	pBM	to		initial	fixed	slider	1350038132	Re: Growth Browser	2109	40

19295	pBM	from		bugs	worry	clicking	1350063797	Re: Growth Browser	2109	62

19292	pBM	to		shouldn	css	none	1350073207	Re: Growth Browser	2109	61

19297	pBM	from		deal	labels	prash	1350299305	Re: Growth Browser	2109	45

19290	pBM	from		schedule	hang	bugs	1351077196	Re: Growth Browser	2109	54

19301	pBM	to		summer	slow	slider	1351160440	Re: Growth Browser	2109	63

19293	pBM	from		problems	prash	fix	1351266603	Re: Growth Browser	2109	45

19298	pBM	from		email	cheers	last	1352221842	Re: Growth Browser	2109	26

19296	pBM	to		parameters	functional	reduced	1352306917	Re: Growth Browser	2109	126

