message	correspondent	direction	tweet	word1	word2	word3	time	subject	thread	length

11638	pRl	from		software	contests	worthy	1339773803	Visualization contest	1265	39

11639	pRl	to		from	some	jerome	1339774748	Re: Visualization contest	1265	8

11640	pRl	from					1339774756	Out of Office: Visualization contest	1266	0

17956	pRl	from		choosing	ross	cards	1347914996	KEEP SECRET: You won the crowd favorite!	1973	86

23405	pRl	to		download	screenshots	accounts	1354819743	3 items	2525	116

23404	pRl	from		fields	gift	ross	1354821272	RE: 3 items	2525	67

