message	correspondent	direction	tweet	word1	word2	word3	time	subject	thread	length

1361	qLN	from		montrouge	télé	tspri	1327400684	RE: la raison pour laquelle je te mets en relation avec captain dash...	148	91

1592	qLN	from		montparnasse	montrouge	tspri	1327416671	RE: demain midi	149	75

1593	qLN	from		directrice	guénalle	département	1327485814	RE: demain midi	149	54

1685	qLN	from		rangez	renforcement	renforcés	1327500437	quelques oppositions 2 à 2	160	571

3731	qLN	from		stratégies	dormoy	gault	1329673754	TR: 	386	40

6003	qLN	from					1332516489	=?utf-8?B?UmU6IGV0IMOnYSBjJ2VzdCB1biBtw6lnYS10b3A=	633	0

6002	qLN	from		montrouge	tns	sofres	1332529861	=?windows-1258?Q?RE: et ça c'est un méga-top	634	65

6122	qLN	from		message	moment	bonjour	1332757076	Réponse automatique d'absence du bureau=A0: et ça  c'est un méga-top	642	14

7195	qLN	from		message	moment	bonjour	1334153376	Réponse automatique d'absence du bureau=A0: facebook  a dit:	762	14

8152	qLN	from		mentionner	électorat	appartiennent	1335373157	TR: Questions de valeurs par électorat	870	162

8206	qLN	from		europ	galzi	manipules	1335433818	Fichiers SPSS et STATA ETUDE JOUR DU VOTE	876	141

8150	qLN	from		explorer	firefox	totaux	1335449470	RE: Questions de valeurs par électorat	880	121

8576	qLN	from		message	moment	bonjour	1335953071	Réponse automatique d'absence du bureau=A0: j'en a i fait d'autres	923	14

8787	qLN	from		tns	sofres	résultats	1336146439		947	61

8788	qLN	from		trouvée	émission	iframe	1336395333	RE: 	958	297

9351	qLN	from		demain	bonjour	matin	1337002820	Réponse automatique d'absence du bureau=A0: projet a vec le découpage de paris en bureaux de votes	1003	14

10926	qLN	from		bravo	formule	élection	1339060404	RE: chances des députés de droite ou de gauche par c irconscription	1197	99

10961	qLN	from		département	marx	stratégies	1339060637		1198	44

10963	qLN	from					1339224408	Re:	1206	0

12314	qLN	from					1340623986	Re: david mccandless	1322	0

12315	qLN	from		iakcqkcqkcud	iakdqonckdwluycor		1340625107	Re: david mccandless	1324	2

12863	qLN	from		directrice	département	marx	1341242680		1384	44

12860	qLN	from		stratégies	dormoy	gault	1341244787	RE: 	1386	62

12957	qLN	from		dormoy	gault	montrouge	1341334903	RE: http://www.consumerbarometer.com/	1398	48

12859	qLN	from					1341589928	Re:	1440	0

13652	qLN	from		dormoy	gault	montrouge	1342111188	RE: demain?	1482	64

13653	qLN	from		parlent	contacte	habitais	1342174825	RE: demain?	1490	122

13656	qLN	from		basé	spécifiques	leendert	1342190588	RE: demain?	1492	184

13877	qLN	from		demain	bonjour	matin	1342443633	Réponse automatique d'absence du bureau=A0: visualis ations + élections	1499	14

14271	qLN	from		échappe	exotique	abstrait	1342797844	RE: Guénaële Gault (LaGuirlande) mentione d you on Twitter=21	1561	138

14272	qLN	from		raconterai	fwd	guénalle	1342797857	RE: Guénaële Gault (LaGuirlande) mentione d you on Twitter=21	1562	109

16318	qLN	from		axzlyxu	ysbibvnzsa	zca	1345883534	Re: data	1804	3

16319	qLN	from		électeurs	bordeaux	commanditaire	1346857850	RE: data	1871	242

t641	qLN	to	mention	bien	mon	bonne	1325813737		t19	4

t1497	qLN	to	mention	par	http	laguirlande	1326417146		t69	14

t651	qLN	to	mention	pour	http	tes	1326415893		t76	13

t1660	qLN	to	mention	walther	laguirlande	dataviz	1326417153		t78	4

t1486	qLN	to	mention	laguirlande	bayrou	tns	1326504258		t83	15

t1491	qLN	to	mention	laguirlande	cqfd	itele	1326500512		t84	14

t1494	qLN	to	mention	opinion	sarkozy	candidat	1326761835		t95	14

t1483	qLN	to	mention	enfant	moyenne	revenus	1326849397		t98	15

t647	qLN	to	mention	voir	peux	sans	1326849532		t99	18

t969	qLN	to	mention	http	serait	laguirlande	1327022587		t110	18

t142	qLN	to	mention	semaine	bruno	mercredi	1327021747		t113	9

t1488	qLN	to	mention	via	laguirlande	gilles	1327711173		t131	5

t1046	qLN	to	mention	qui	aux	laguirlande	1327885792		t137	7

t1194	qLN	to	mention	bon	http	enfin	1328749901		t165	21

t645	qLN	to	mention	http	laguirlande	nvrvfj1m	1329264333		t182	8

t638	qLN	to	mention	faire	mon	vais	1329355983		t199	8

t1335	qLN	to	mention	sujet	doit	internet	1329609689		t209	11

t1487	qLN	to	mention	mois	laguirlande	français	1329785227		t211	15

t656	qLN	to	mention	laguirlande	tiens	français	1329869955		t215	6

t646	qLN	to	mention	pays	laguirlande	vivre	1329872404		t216	21

t644	qLN	to	mention	sur	rien	laguirlande	1329872444		t217	14

t635	qLN	to	mention	que	pas	alors	1329960093		t222	14

t1672	qLN	to	mention	via	laguirlande	français	1330391343		t257	13

t889	qLN	to	mention	qui	laguirlande	musique	1330735357		t287	7

t1010	qLN	to	mention	sont	après	jamais	1331687471		t370	10

t1484	qLN	to	mention	laguirlande	absolument	discours	1332461141		t430	11

t1492	qLN	to	mention	laguirlande	carte	présidentielle	1333413423		t502	16

t1489	qLN	to	mention	laguirlande	sites		1333676055		t534	15

t1235	qLN	to	mention	http	numérique	laguirlande	1333676059		t535	7

t1485	qLN	to	mention	non	excellent	laguirlande	1333759754		t541	14

t642	qLN	to	mention	pas	est	laguirlande	1333846144		t558	4

t649	qLN	to	mention	était	encore	laguirlande	1333846398		t559	2

t637	qLN	to	mention	bcp	laguirlande	bayrou	1334707271		t617	10

t667	qLN	to	mention	laguirlande	envoie	option	1334708324		t618	16

t897	qLN	to	mention	pour	ça	comme	1334972268		t641	15

t1566	qLN	to	mention	les	par	http	1335144255		t647	14

t1404	qLN	to	mention	dit	paris	étaient	1335313803		t675	17

t655	qLN	to	mention	que	ça	peu	1335399745		t680	3

t653	qLN	to	mention	etc	données	tes	1335398493		t683	9

t1493	qLN	to	mention	http	nouveau	laguirlande	1335744217		t704	16

t1578	qLN	to	mention	ça	comment	heure	1336179033		t744	8

t1342	qLN	to	mention	partir	excellent	team	1336179321		t746	1

t1512	qLN	to	mention	laguirlande	tns	opinion	1336267143		t752	12

t1090	qLN	to	mention	sur	http	hello	1336349485		t755	16

t1188	qLN	to	mention	mis	laguirlande	ceux	1336438923		t773	9

t643	qLN	to	mention	top	laguirlande	chouette	1338685867		t974	5

t1308	qLN	to	mention	laguirlande	omw		1339029266		t1000	18

t1513	qLN	to	mention	http	top	laguirlande	1339117154		t1006	18

t1490	qLN	to	mention	petite	check	laguirlande	1339116093		t1012	14

t1337	qLN	to	mention	mon	http	dernier	1339203296		t1016	7

t639	qLN	to	mention	est	les	pour	1339980014		t1100	9

t22	qLN	to	mention	http	laguirlande	visualisation	1341278824		t1247	20

t657	qLN	to	mention	toujours	laguirlande	top	1341709825		t1359	16

t1391	qLN	to	mention	félicitations	cqfd	itele	1342141488		t1399	14

t895	qLN	to	mention	pour	laguirlande	leendert	1342229377		t1421	8

t896	qLN	from	mention	jcukier	rencontre	leendert	1342225829		t1422	11

t1495	qLN	to	mention	monde	via	laguirlande	1342313838		t1423	10

t893	qLN	from	mention	jcukier	moreauchevrolet	leendert	1342830194		t1470	5

t650	qLN	to	mention	merci	laguirlande		1342830304		t1470	12

t636	qLN	from	mention	jcukier	laguirlande	moreauchevrolet	1342831143		t1470	14

t892	qLN	from	mention	alors	jcukier	back	1342831604		t1470	12

t1561	qLN	from	mention	jcukier	back	laguirlande	1342829404		t1474	9

t476	qLN	from	mention	there	jcukier	http	1343003456		t1483	11

t652	qLN	to	mention	les	des	sont	1343866304		t1542	10

t654	qLN	to	mention	ça	peux	http	1343953995		t1546	15

t648	qLN	to	mention	les	très	parce	1344038561		t1550	9

t1242	qLN	to	mention	les	qui	dans	1344038632		t1551	2

t659	qLN	to	mention	laguirlande	avancer	vidéo	1344471236		t1564	14

t523	qLN	from	mention	jcukier	stupid		1344474157		t1564	18

t1600	qLN	to	mention	les	sur	http	1345682339		t1606	19

t456	qLN	from	mention	jcukier	mat	degemer	1345680483		t1606	2

t640	qLN	to	mention	que	une	tout	1345769628		t1608	5

t658	qLN	to	mention	pour	plus	travailler	1347495795		t1700	7

t442	qLN	from	mention	bien	jcukier	connais	1347498708		t1700	11

t1332	qLN	from	mention	clean	engagement	relevant	1351815524		t2023	14

t1001	qLN	to	mention	http	did	thoughts	1352338683		t2056	14

t1311	qLN	to	mention	for	http	maths	1353287703		t2126	9

t958	qLN	from	mention	jcukier	http	jour	1353456202		t2139	7

t1604	qLN	from	dm	envoie	bise		1327022174		dm46	17

t1662	qLN	to	dm	quoi	écris	envoies	1327022556		dm46	4

t1219	qLN	to	dm	dont	post	écrit	1327885575		dm46	14

t936	qLN	to	dm	http	andy	kirk	1327885653		dm46	14

t926	qLN	from	dm	yes			1327885885		dm46	9

t1058	qLN	to	dm	était	peux	fille	1330218209		dm46	14

t1247	qLN	from	dm	pour	ça	merci	1330391061		dm46	14

t1221	qLN	to	dm	week	end	jamais	1330392116		dm46	12

t963	qLN	to	dm	change	années	live	1330392187		dm46	12

t1310	qLN	to	dm	ces	bises	devrait	1331169918		dm46	11

t1318	qLN	to	dm	quand	bon	où	1337385727		dm46	8

t945	qLN	to	dm	avec	plaisir		1337991243		dm46	11

t1000	qLN	from	dm	par	mercredi	dej	1337993774		dm46	11

t1325	qLN	from	dm	bises	midi	souci	1338422617		dm46	11

t1187	qLN	to	dm	qui	donc	peux	1338424995		dm46	16

t1292	qLN	to	dm	choses	place	mettre	1338425013		dm46	15

t1592	qLN	from	dm	mercredi	dej	dédicace	1338686425		dm46	16

t1	qLN	to	dm				1338687364		dm46	16

t1663	qLN	to	dm	pas	suis	dis	1339028272		dm46	12

t914	qLN	from	dm	pour	comme	moi	1339028425		dm46	13

t913	qLN	to	dm	ça	13h	roule	1339028655		dm46	8

t1215	qLN	from	dm	avoir	retard	min	1339030383		dm46	15

t912	qLN	to	dm	gaîté	12h30		1339032787		dm46	8

t1661	qLN	to	dm	que	pas	pour	1342141563		dm46	5

t1330	qLN	to	dm	ton	twitter	post	1345768136		dm46	17

t1659	qLN	from	dm	bises	raison		1345768852		dm46	16

t1658	qLN	from	dm	longtemps	dej	faute	1350777836		dm46	4

t1197	qLN	to	dm	veux	demain	bientôt	1350778597		dm46	18

t1326	qLN	from	dm	pour	tous	cas	1351814426		dm46	18

t1327	qLN	to	dm	pas	les	avec	1351819155		dm46	8

t987	qLN	from	dm	message	semaine	jeudi	1351819165		dm46	10

t1571	qLN	to	dm	serendipity			1351819169		dm46	15

t1338	qLN	from	dm	mais	trop	bonne	1351819199		dm46	14

t1031	qLN	to	dm	est	possible	moment	1351819237		dm46	8

t1576	qLN	to	dm	est	annule	romney	1351819297		dm46	10

t1329	qLN	to	dm	que	où	message	1351819353		dm46	11

t1028	qLN	from	dm	est	bas	obama	1351819956		dm46	15

t1249	qLN	from	dm	encore	besoin	merci	1352334723		dm46	10

t1299	qLN	from	dm	dois	mercredi	midi	1352335976		dm46	9

t954	qLN	to	dm	une	bon	alors	1352336355		dm46	13

t953	qLN	to	dm	veux	trop	enfin	1352423103		dm46	4

t977	qLN	from	dm	now	merci	moins	1352593995		dm46	5

t1349	qLN	to	dm	etc	bises	grand	1352597504		dm46	3

t952	qLN	from	dm	bises			1352597557		dm46	11

t964	qLN	to	dm	est	là	où	1352853052		dm46	6

t956	qLN	to	dm	suis	bon	dit	1352853712		dm46	11

t1266	qLN	from	dm	est	les	qui	1352854166		dm46	11

t1668	qLN	to	dm	est	bon	poisson	1352854207		dm46	16

t1016	qLN	to	dm	fait	était	là	1352855778		dm46	4

t1599	qLN	from	dm	bon	super	rue	1352856959		dm46	15

t1564	qLN	to	dm	trop	bises	salut	1356394087		dm46	8

t1175	qLN	from	dm	soit	grand	keep	1356395959		dm46	17

t1657	qLN	from	dm	les	très	tous	1356396014		dm46	2

