message	correspondent	direction	tweet	word1	word2	word3	time	subject	thread	length

30	U9t	from		rue	donnée	germain	1323871965	Dej Projet - Présidentielle	2	41

27	U9t	to		bien	mehdi	mercredi	1323872143	Re: Dej Projet - Présidentielle	2	5

29	U9t	from		tiens	semble	parti	1325518932	Re: Dej Projet - Présidentielle	2	29

47	U9t	from		vendredi	mardi	amis	1324553768	Re: RDV à monter=2Fpermanents CNN =2F Etalab	3	17

46	U9t	to		cukier	possible	bonjour	1325614013	Re: RDV à monter=2Fpermanents CNN =2F Etalab	3	17

153	U9t	from		tiens	dataviz	lien	1325515341	RE :	13	27

152	U9t	to		kindle	mettrons	serveur	1325516424	Re: RE :	13	171

154	U9t	from		pour	tout	point	1325519176	Re: RE :	13	4

53	U9t	from		vendredi	année	mardi	1325621750	Re: RDV à monter=2Fpermanents CNN =2F Etalab	20	22

41	U9t	from		est	bien	fait	1325625084	Re: RDV à monter=2Fpermanents CNN =2F Etalab	20	10

216	U9t	from		australie	figurent	coquille	1325621139	Re: livre blanc: màj de la partie I	22	69

52	U9t	from		mon	tous	bonjour	1325666311	Re: RE: RDV à monter=2Fpermanents CNN =2F Etalab	24	8

266	U9t	from		benoît	thieulin	monte	1325672253	e-Tats Gen du Num - suite	26	39

267	U9t	to		idée	sinon	à+	1326401320	Re: e-Tats Gen du Num - suite	26	17

269	U9t	from		traitement	benoît	jade	1325672519	Etats Gen Num : Deux points	27	57

268	U9t	to		franck	plume	préférée	1325676373	Re: Etats Gen Num : Deux points	27	80

270	U9t	from		approchée	auteurs	basique	1325676845	Re: Etats Gen Num : Deux points	27	46

308	U9t	from		benoît	connaissance	intentions	1325687404	Suite	33	54

307	U9t	to		également	aet	associés	1325689402	Re: Suite	33	23

306	U9t	from		vous	tous	fois	1325691838	Re: Suite	33	12

309	U9t	to		merci	vendredi	lundi	1325697236	Re: Suite	33	4

305	U9t	to		prix	revoir	serais	1325714849	Re: Suite	33	25

40	U9t	from		bien	vous	mehdi	1325689468	Re: RDV à monter=2Fpermanents CNN =2F Etalab	34	4

314	U9t	from		les	sur	jérôme	1325692272	RE :	36	11

313	U9t	to		sur	autre	peu	1325697205	Re: RE :	36	14

315	U9t	from		pefect			1325697649	Re: RE :	36	1

948	U9t	from		favorables	courts	devrions	1326450457	Réu Pacte du Numérique	97	72

943	U9t	to		vendredi	claire	welcome	1326461324	Re: Réu Pacte du Numérique	97	22

951	U9t	from		end	hier	mehdi	1326479222	Re: Réu Pacte du Numérique	97	18

950	U9t	from		court	central	doodle	1326714271	Re: Réu Pacte du Numérique	97	29

947	U9t	from		retour	tiens	courant	1328180927	Re: Réu Pacte du Numérique	97	26

944	U9t	to		cnn	arrivé	tôt	1328181608	Re: Réu Pacte du Numérique	97	35

946	U9t	from		tiens	courant		1328183221	Re: Réu Pacte du Numérique	97	2

973	U9t	from		serait	matin	passé	1326465836	News	98	20

970	U9t	to		rentrer	tour	déjeuner	1326466398	Re: News	98	55

971	U9t	from		pas	mais	fait	1326477915	Re: News	98	9

972	U9t	to		soir	mail	sinon	1326478606	Re: News	98	17

969	U9t	from		mehdi	perfect		1326478648	Re: News	98	2

1526	U9t	from		mal	hello	avant	1327333909	Re: =5BCNN OD=5D fin de la rédaction du rapport	144	13

1539	U9t	to		est	très	espère	1327334937	Re: =5BCNN OD=5D fin de la rédaction du rapport	144	5

1625	U9t	from		merci	mehdi	parfait	1327437569	Re: la visualisation que je t'ai montrée tout à l' heure	153	3

1633	U9t	from					1327443629	Untitled document (jeromecukier@gmail.com)	154	0

1885	U9t	from		ailleurs	genre	lundi	1327683866	RE :	184	24

1884	U9t	to		façons	déjeuner	ttes	1327685215	Re: RE :	184	39

1883	U9t	from		moi	mon	bon	1327685842	Re: RE :	184	10

2026	U9t	from		trouve	panel	effet	1328005295	Re: CNN - open data - last mile	196	24

2040	U9t	from		jérôme	hello		1327916615	Point Pacte du Num	198	2

2043	U9t	to		oui	déjà	truc	1327916800	Re: Point Pacte du Num	198	18

2045	U9t	from		pas	ton	voilà	1327921640	Re: Point Pacte du Num	198	5

2044	U9t	to		pour	fixe	confort	1327922191	Re: Point Pacte du Num	198	4

2041	U9t	from					1327922557	Re: Point Pacte du Num	198	0

2046	U9t	to		consommerons	disposons	mathématique	1327923101	Re: Point Pacte du Num	198	186

2039	U9t	to		récupéré	supposer	medias	1328006557	Re: Point Pacte du Num	198	80

2042	U9t	from		pass	regarder	media	1328007646	Re: Point Pacte du Num	198	26

2154	U9t	from		vous	jérôme	good	1328012626	Re: Contact pour le Club Jade - Infographies 2012	213	9

2152	U9t	to		plus	jerome	temps	1328088141	Re: Contact pour le Club Jade - Infographies 2012	213	11

2245	U9t	from					1328027216	Trop Bon : http://owni.fr/2012/01/31/app-sarko-a-la-conquete-des-internets/	219	0

2799	U9t	from		click	online	above	1328545937	Reco Open Data - Education (jeromecukier@gmail.com)	288	22

2801	U9t	from		papier	fiche	américaines	1328546104	RE :	289	36

2768	U9t	from		jérôme	été	hello	1328562721	Re: TechdaysTV =2F=2F Invitation à participer à une é mission sur l'OPen data	291	13

3021	U9t	from		pas	sur	jérôme	1328696527	RE :	310	10

3020	U9t	to		maîtriser	percuter	adaptés	1328697956	Re: RE :	310	207

3019	U9t	from		complexe	distinguer	secondaire	1328699104	Re: RE :	310	41

3128	U9t	from		candidats	benchoufi	phase	1328802453	Re: e-tats généraux du numérique	325	35

3137	U9t	from		meetic	amicalement	confrontrera	1328802981	Fwd: Invitation - "Dialogue autour du numérique"=2C a vec François Bayrou=2C le 14 février	326	142

3136	U9t	to		imagine	gilles	rencontre	1328803373	Re: Invitation - "Dialogue autour du numérique"=2C av ec François Bayrou=2C le 14 février	326	21

3132	U9t	from		effet			1328803509	Re: Invitation - "Dialogue autour du numérique"=2C av ec François Bayrou=2C le 14 février	326	1

3133	U9t	from		ailleurs	faudrait	pourrait	1328804646	Re: Invitation - "Dialogue autour du numérique"=2C av ec François Bayrou=2C le 14 février	326	26

3135	U9t	to		dès	btw	audience	1328804757	Re: Invitation - "Dialogue autour du numérique"=2C av ec François Bayrou=2C le 14 février	326	36

3131	U9t	to		avec	data	autre	1328804789	Re: Invitation - "Dialogue autour du numérique"=2C av ec François Bayrou=2C le 14 février	326	14

3139	U9t	from		revanche	affaire	modem	1328806349	Re: Invitation - "Dialogue autour du numérique"=2C av ec François Bayrou=2C le 14 février	326	40

3134	U9t	to		alors	mobile	coup	1328813147	Re: Invitation - "Dialogue autour du numérique"=2C av ec François Bayrou=2C le 14 février	326	17

3138	U9t	from		effet			1328814599	Re: Invitation - "Dialogue autour du numérique"=2C av ec François Bayrou=2C le 14 février	326	1

3144	U9t	from		est	bien	toi	1328806616	Re: dialogue autour du numérique avec Bayrou =2B éta ts généraux du numérique	327	9

3223	U9t	from		courts	moscovici	délais	1328889287	Et de Un - Pacte du Numérique	335	58

3227	U9t	to		etre	presence	efficace	1328889983	Re: Et de Un - Pacte du Numérique	335	42

3229	U9t	from		fois	hello	serait	1328890170	Re: Et de Un - Pacte du Numérique	335	18

3226	U9t	to		élus	voulons	etablir	1328963767	Re: Et de Un - Pacte du Numérique	335	289

3225	U9t	from		ordre	deuxième	doc	1328977531	Re: Et de Un - Pacte du Numérique	335	41

3224	U9t	from		date	jeudi	mehdi	1329131025	Re: Et de Un - Pacte du Numérique	335	21

3228	U9t	from		voici	ordre	bonsoir	1329331832	Re: Et de Un - Pacte du Numérique	335	29

3230	U9t	from		pour	fait	week	1328889805	RE :	336	7

3232	U9t	to		moitié	lettre	organise	1328890275	Re: RE :	336	33

3231	U9t	from		plutôt	vers	exemple	1328891354	Re: RE :	336	19

3271	U9t	from		toujours	tel	marche	1328977311	RE :	342	3

3377	U9t	from		ensemble	ailleurs	site	1329230557	Re: portail numérique la suite	359	25

3480	U9t	from		jérôme	hello	quoi	1329298441	RE:	364	7

3482	U9t	to		investisseurs	lourdement	menacé	1329300794	Re:	364	283

3483	U9t	to		top	pierre	résumé	1329315529	Re:	364	3

3484	U9t	from		dit	demain	idée	1329322718	Re:	364	18

3481	U9t	to		mais	suis	faire	1329323161	Re:	364	13

3641	U9t	from		engagements	finaliser	engagés	1329479615	CR - Pacte du Numérique	384	49

3657	U9t	to		socialistes	arrivait	cités	1329481174	Re: CR - Pacte du Numérique	384	101

3640	U9t	from		nuance	simplifier	thématiser	1329663909	Re: CR - Pacte du Numérique	384	168

3655	U9t	to		évènement	environnement	signer	1329683826	Re: CR - Pacte du Numérique	384	101

3642	U9t	to		que	pour	ça	1329683854	Re: CR - Pacte du Numérique	384	7

3649	U9t	from		bien	toi	mehdi	1329683945	Re: CR - Pacte du Numérique	384	4

3652	U9t	to		par	donc	moment	1329685044	Re: CR - Pacte du Numérique	384	7

3638	U9t	from		perfect			1329688460	Re: CR - Pacte du Numérique	384	1

3671	U9t	from		from	toi	jérôme	1329500136	RE :	385	13

3648	U9t	from		impulsion	amendements	augure	1329819374	Re: CR - Pacte du Numérique	397	116

3637	U9t	from		secteur	acteurs	ceci	1329827471	Re: Re : CR - Pacte du Numérique	398	22

3654	U9t	from		apporter	delà	collectif	1329830149	Re: Re : CR - Pacte du Numérique	398	26

3646	U9t	from		lyon	bernard	associer	1329833860	Re: Re : CR - Pacte du Numérique	398	30

3813	U9t	from		pour	des	une	1329833924	RE :	400	10

3814	U9t	to		noms	attendais	enlever	1329841399	Re: RE :	400	52

3815	U9t	from		par	mehdi	point	1329845858	Re: RE :	400	7

3643	U9t	from		ouvrir	delà	contenus	1329846314	Re: Re : CR - Pacte du Numérique	404	48

3651	U9t	from		éléments	montre	pourriez	1329846502	Re: Re : CR - Pacte du Numérique	404	30

3886	U9t	from		bien	maintenant	trouve	1329911482	RE :	407	5

3885	U9t	to		copwatch	encadrant	hébergeurs	1329917927	Re: RE :	407	253

3884	U9t	from		bien	toi	alors	1329918159	Re: RE :	407	6

3898	U9t	from		relais	nécessaires	odéon	1329921324	Doc - Version finale	410	43

3899	U9t	to		entrer	envisageable	vise	1329923667	Re: Doc - Version finale	410	102

3900	U9t	from		anxiogène	engageant	avancés	1329924093	Re: Doc - Version finale	410	78

3896	U9t	from		doc	christian	tribune	1330332035	Re: Doc - Version finale	410	33

3969	U9t	from		tribune	allons	publier	1329999790	RE :	419	40

4045	U9t	from		voici	adresse	doc	1330079109	Tribune Collectif Pacte du Num	428	22

4041	U9t	from		aménagement	cohésion	générations	1330083479	Re: Tribune Collectif Pacte du Num	428	80

4039	U9t	to		dégeulasses	désamour	exporte	1330085567	Re: Tribune Collectif Pacte du Num	428	182

4043	U9t	from		remarques	lance	davantage	1330092564	Re: Tribune Collectif Pacte du Num	428	47

4042	U9t	from		emploi	trois	doc	1330114816	Re: Tribune Collectif Pacte du Num	438	30

4114	U9t	from		quelle	mac	remarques	1330180625	finalisation tribune	440	29

4121	U9t	from		viens	adresse	parfait	1330201753	Re: tribune	441	20

4117	U9t	to		voici	proposition		1330203361	Re: tribune	441	2

4119	U9t	from		leur	deux	nos	1330204426	Re: tribune	441	19

4164	U9t	from		click	online	above	1330331793	Untitled document (jeromecukier@gmail.com)	443	20

4166	U9t	from		faudrait	puisse	intro	1330332107	RE :	444	24

4167	U9t	to		ait	occuper	doc	1330332397	Re: RE :	444	23

4165	U9t	to		jér	pierre	accord	1330333714	Re: RE :	444	28

4168	U9t	from		accès	christian	parfait	1330333986	Re: RE :	444	3

4251	U9t	from		jerôme	aussitôt	modif	1330382422	Re: http://pacte-numerique-2012.org/	460	71

4272	U9t	from		jérôme	hello		1330422388	Re: http://pacte-numerique-2012.org/	461	2

4274	U9t	to		aussi	déjà	mehdi	1330423534	Re: http://pacte-numerique-2012.org/	461	12

4273	U9t	from		lui	sais	toujours	1330424133	Re: http://pacte-numerique-2012.org/	461	15

4277	U9t	from		dans	notre	sera	1330423378	RE :	463	9

4284	U9t	from		diffuser	diverses	représenté	1330424003	Tribune commune	464	72

4278	U9t	to		citoyenneté	citées	constat	1330425808	Re: Tribune commune	464	122

4290	U9t	from		jérôme	ton	vient	1330424245	Re: RE :	465	14

4291	U9t	from		remets			1330424472	Re: RE :	466	1

4292	U9t	from		remet			1330424501	Re: RE :	466	1

4289	U9t	from		pour	tout	mehdi	1330456785	Re: Re : Tribune commune	469	4

4286	U9t	from		revendication	évite	appelons	1330506136	Re: Re : Tribune commune	475	85

4283	U9t	to		gagnerions	lycées	terminale	1330506599	Re: Re : Tribune commune	475	203

4388	U9t	from		possibilité	deuxième	participation	1330529208	Re: tu lances le truc pour demain?	482	54

4415	U9t	from		indicatif	suffisante	heurte	1330547056	Re: Rappel réunion hebdomadaire et Tribune commune	486	87

4413	U9t	from		indicatif	suffisante	heurte	1330599235	Re: Rappel réunion hebdomadaire et Tribune commune	486	95

4445	U9t	from		économie	formation	ressources	1330599114	Retour réu	487	30

4447	U9t	to		fyi			1330604650	Re: Retour réu	487	1

4446	U9t	from		effet	près	dommage	1330607951	Re: Retour réu	487	16

4448	U9t	to		politique	peuvent	internet	1330609226	Re: Retour réu	487	45

4444	U9t	from		est	bien	très	1330609320	Re: Retour réu	487	12

4541	U9t	from		dès	pierre	mets	1330681677	RE : Pacte	499	27

4544	U9t	to		twitter	salut	page	1330693215	Re: RE : Pacte	499	18

4537	U9t	to		pour	aussi	maintenant	1330703927	Re: RE : Pacte	499	11

4545	U9t	from		bien	tout	toi	1330708307	Re: RE : Pacte	499	12

4542	U9t	to		une	fin	article	1330709106	Re: RE : Pacte	499	6

4543	U9t	from		cas	monde	mehdi	1330709319	Re: RE : Pacte	499	14

4539	U9t	to		ça	sur	voir	1330709647	Re: RE : Pacte	499	9

4540	U9t	from		mettre	mehdi	nos	1330710582	Re: RE : Pacte	499	14

4538	U9t	to		serait	mettre	dessus	1330710779	Re: RE : Pacte	499	5

4730	U9t	from		mehdi	retour	français	1330949831	Signataire Tribune	512	19

4733	U9t	from		demain	matin	retour	1330950077	Signataire tribune ?	513	18

4732	U9t	to		tous	bonjour		1330964464	Re: Signataire tribune ?	513	2

4782	U9t	from		sur	fait	point	1330971353	RE :	521	5

4923	U9t	from		faire	toi	point	1331153762	=?ISO-8859-1?B?UmU6IHLpdSBkZW1haW4/	531	16

4984	U9t	from		jérôme	hello	heure	1331211309	RE :	533	6

4985	U9t	to		partir			1331217770	Re: RE :	533	1

5191	U9t	from		toi	jérôme	hello	1331585206	Re: pacte du numérique=2C suite	550	15

5190	U9t	to		connait	occupé	certainement	1331586179	Re: pacte du numérique=2C suite	550	53

5192	U9t	from		est	les	demain	1331587150	Re: pacte du numérique=2C suite	550	7

5224	U9t	from					1331634583	premiere lettre prenom + . + nom @liberation.fr	551	0

5233	U9t	from		des	moi	fais	1331640374	Re:	552	7

5234	U9t	to		peux	version	dernière	1331642666	Re:	552	7

5231	U9t	from		here	mehdi		1331643579	Re:	552	2

5251	U9t	from		voulait	donné	logo	1331659064	Re: place du numérique et campagne présidentielle	554	37

5249	U9t	to		qqn	citoyens	ferait	1331659779	Re: place du numérique et campagne présidentielle	554	26

5252	U9t	from		boris			1331660152	Re: place du numérique et campagne présidentielle	554	1

5253	U9t	from		cool	retour	donne	1331660264	Re: place du numérique et campagne présidentielle	554	18

5303	U9t	from		principe	sachant	echos	1331715803	RE :	558	40

5301	U9t	to		très	vite	fyi	1331725777	Re: RE :	558	4

5302	U9t	from		vite	dès	effet	1331726050	Re: RE :	558	18

5299	U9t	to		dès	online	mention	1331743076	Re: RE :	558	17

5300	U9t	from		bien	vous	mehdi	1331744627	Re: RE :	558	4

5332	U9t	from		une	dans	peut	1331736242	Re: un autre truc sur lequel on peut être utile	561	13

5513	U9t	from		logo	veulent	publie	1331911309	Publi	581	44

5516	U9t	from		ajouté	ajouter	fondateur	1331912144	RE :	582	23

5514	U9t	from		faut	partie	site	1331913545	Re: RE :	582	15

5515	U9t	to		faire	fois	encore	1331914068	Re: RE :	582	13

4935	U9t	from		premier	semble	tour	1331914321	Re: Re : : Tribune commune URGENT	583	33

4932	U9t	to		politiques	publication	chargée	1331985465	Re: Re : : Tribune commune URGENT	583	52

5517	U9t	from		est	pour	france	1331915506	Re: Re : :	584	9

5529	U9t	from		besoins	copain	dev	1331917021	Fwd: KA	586	36

5530	U9t	to		eux	via	prends	1331917404	Re: KA	586	22

5540	U9t	from		bien	jerome	toi	1331924302	Re:	588	7

5539	U9t	to		gamifier	incentive	prolixe	1331990887	Re:	588	158

5538	U9t	from		bien	toi	merci	1331998270	Re:	588	6

5639	U9t	from		est	bien	bon	1332155019	Re: =5Bpacte du numérique=5DFYI: aujourd'hui à 17h30 =40 evajoly répond aux questions sur le numérique sur twitter  via Fred Neau.	591	5

5635	U9t	to		là	moment	serai	1332161901	Re: =5Bpacte du numérique=5DFYI: aujourd'hui à 17h30 =40 evajoly répond aux questions sur le numérique sur twitter  via Fred Neau.	591	5

5633	U9t	from		plaisir	live	rdv	1332162317	Re: =5Bpacte du numérique=5DFYI: aujourd'hui à 17h30 =40 evajoly répond aux questions sur le numérique sur twitter  via Fred Neau.	591	16

5632	U9t	to		sinon	moment	genre	1332162651	Re: =5Bpacte du numérique=5DFYI: aujourd'hui à 17h30 =40 evajoly répond aux questions sur le numérique sur twitter  via Fred Neau.	591	29

5636	U9t	from		sans	oui	mehdi	1332162749	Re: =5Bpacte du numérique=5DFYI: aujourd'hui à 17h30 =40 evajoly répond aux questions sur le numérique sur twitter  via Fred Neau.	591	9

5638	U9t	to		répond	sors	documents	1332162971	Re: [pacte du numérique=5DFYI: aujourd'hu i à 17h30 =40evajoly répond aux questions  sur le numérique sur twitter via Fred  Neau.	591	52

5658	U9t	from		jérôme	avoir	serait	1332162866	Fwd: RE :	593	14

5659	U9t	to		ampleur	informé	mosco	1332163894	Re: RE :	593	138

5731	U9t	from		eva	retrouvions	situe	1332238386	Actualité du Pacte	608	103

5739	U9t	to		journalisme	alice	ecole	1332249809	Re: Actualité du Pacte	608	52

5728	U9t	to		xavier	acsel	apeca	1332318205	Re: Actualité du Pacte	608	174

5743	U9t	from		seras	échange	mat	1332318581	Re: Actualité du Pacte	608	46

5736	U9t	to		course	hui	aujourd	1332322700	Re: Actualité du Pacte	608	16

5732	U9t	from		précisions	rapprochement	aussitôt	1333128071	Re: Actualité du Pacte	608	149

5749	U9t	from		jérôme	hello		1332238829	RE :	609	2

5752	U9t	from		toi	bien	jérôme	1332239863	RE :	610	15

5751	U9t	to		mais	lui	peux	1332246120	Re: RE :	610	11

5774	U9t	from		métro	libre	midi	1332852245	Re: je m'adresse ici au membre éminent du SNJV	613	34

5772	U9t	from		est	très	vous	1332863109	Re: je m'adresse ici au membre éminent du SNJV	613	12

5780	U9t	from		bien	mon	côté	1333100097	Re: je m'adresse ici au membre éminent du SNJV	613	10

5781	U9t	to		dans	vous	jeudi	1333122914	Re: je m'adresse ici au membre éminent du SNJV	613	11

5777	U9t	from		dans	mehdi	pourrait	1333123128	Re: je m'adresse ici au membre éminent du SNJV	613	11

5767	U9t	from		est	mon	côté	1333616538	Re: je m'adresse ici au membre éminent du SNJV	613	5

5771	U9t	to		que	pas	par	1333616875	Re: je m'adresse ici au membre éminent du SNJV	613	9

5742	U9t	from		bien	toi	mehdi	1332428495	Re: Actualité du Pacte	627	4

5737	U9t	from		est	les	où	1332428792	Re: Actualité du Pacte	627	5

5730	U9t	to		initiatives	ultra	internautes	1332429388	Re: Actualité du Pacte	627	56

5729	U9t	from		venir	viens	sois	1332429827	Re: Actualité du Pacte	627	25

5744	U9t	to		plein	texte	malheureusement	1332438707	Re: Actualité du Pacte	627	23

5740	U9t	from		bien	suis	moi	1332445336	Re: Actualité du Pacte	627	11

5733	U9t	from		cela	monde	dessus	1332494912	Re: Actualité du Pacte	627	13

6067	U9t	from		transmettre	hadopi	partenaires	1332675362	Fwd: Re : : Tribune	635	82

6066	U9t	to		refusent	tenants	verdier	1332680106	Re: Re : : Tribune	635	180

6068	U9t	from		associer	engagements	consacré	1332714939	Re: Re : : Tribune	635	40

6108	U9t	from		mehdi	perfect		1332754394	Re: le numérique dans la campagne	639	2

6110	U9t	to		question	tweet	gilles	1332754474	Re: le numérique dans la campagne	639	4

6109	U9t	from		partie	intéressant	effet	1332755670	Re: le numérique dans la campagne	639	20

6107	U9t	to		and	ça	tout	1332755830	Re: le numérique dans la campagne	639	8

6154	U9t	from		infographies	a++	réellement	1332774927	RE :	646	55

6458	U9t	from		déploiement	invit	jussieu	1333010908	Fwd: =5BPrésidentielle 2012=5D Invitation: BarCamp avec  Nicolas Dupont-Aignan	705	178

6464	U9t	to					1333014901	[ Présidentielle 2012 =5D Les propositi ons "Numériques" des candidats en une i mage	706	0

6494	U9t	from		pas	pour	ton	1333028876	RE :	709	6

6496	U9t	to		proposer	mesure	dirais	1333030269	Re: RE :	709	43

6497	U9t	from		moi	heure	mehdi	1333030732	Re: RE :	709	16

6498	U9t	to		pas	des	avoir	1333030888	Re: RE :	709	7

6493	U9t	from		christian	okay		1333031000	Re: RE :	709	2

6495	U9t	to		pas	pour	moi	1333040886	Re: RE :	709	6

6560	U9t	from		aignan	réu	inclusion	1333104778	RE :	713	40

6558	U9t	to		pas	peux	malheureusement	1333104847	Re: RE :	713	3

6578	U9t	from		parole	déclaration	facteur	1333121616	Il y a de la marge	715	29

6922	U9t	from		savons	visions	ores	1333633025	Re: N/A	744	82

6926	U9t	from		bien	dire	côté	1333719308	Re: Re: N/A	748	15

6927	U9t	from		mon	mehdi	tel	1333721744	Re: Re: Re: N/A	749	5

7033	U9t	from		multipliant	partageant	platon	1333825670	Re: la suite	753	211

7134	U9t	from		retrouverons	appareils	imposée	1334068060	Pacte du Numérique - news	757	157

7132	U9t	to		à+	candidats	shame	1334068894	Re: Pacte du Numérique - news	757	42

7133	U9t	from		voulu	ceci	fleur	1334069663	Re: Pacte du Numérique - news	757	28

7400	U9t	from		fait	jeudi	mehdi	1334333316	Re: finalement on l'a notre débat=21	789	6

7576	U9t	from		est	répondre	obligé	1334657022	RE :	804	7

7578	U9t	to		stratégiquement	versac	vitalité	1334658316	Re: RE :	804	278

7577	U9t	from		coche	demandions	descendante	1334659553	Re: RE :	804	85

7596	U9t	from		fait	par	tous	1334670129	Re: Re : :	806	10

10452	U9t	from		rédiger	boucle	positif	1338368927	RE :	1133	36

10453	U9t	to		éviter	ouvre	netscouade	1338372188	Re: RE :	1133	90

10454	U9t	from		retrouve	rencontre	entretien	1338385918	Re: RE :	1133	37

10504	U9t	from		cab	relais	tats	1338393919	=?ISO-8859-1?B?ZS1UYXRzIEfpbulyYXV4IGR1IE51belyaXF1ZSAoc3VpdGUp	1145	55

11454	U9t	from		case	rdv	devrait	1339604328	Re: y a t-il réunion demain?	1247	18

12359	U9t	from		utile	rendez	bercy	1340634372	Rdv Fleur Pellerin - 9 Juillet, 17H	1327	40

12351	U9t	to		bon	là	peu	1340636017	Re: Rdv Fleur Pellerin - 9 Juillet, 17H	1327	14

12355	U9t	from		là	jeudi	seras	1340636079	Re: Rdv Fleur Pellerin - 9 Juillet, 17H	1327	3

12353	U9t	to		pas	là	aux	1340636120	Re: Rdv Fleur Pellerin - 9 Juillet, 17H	1327	6

12356	U9t	from		est	par	moment	1340636250	Re: Rdv Fleur Pellerin - 9 Juillet, 17H	1327	7

12349	U9t	to		par	vraiment	faut	1340638418	Re: Rdv Fleur Pellerin - 9 Juillet, 17H	1327	16

12348	U9t	from					1340639502	Re: Rdv Fleur Pellerin - 9 Juillet, 17H	1327	0

12354	U9t	to		matin	jean	cordialement	1340828243	Re: Rdv Fleur Pellerin - 9 Juillet, 17H	1327	18

10898	U9t	from		très	oui	idée	1341506877	Re: CNNum - sortie de l'avis Open Data	1415	5

13502	U9t	from		préviens	soufron	susceptible	1341931821	Re: Rdv Fleur Pellerin reporté	1466	48

13504	U9t	to		jerome	donc	peux	1342521430	Re: Rdv Fleur Pellerin reporté	1466	13

13503	U9t	from		des	rue	hotel	1342522637	Re: Rdv Fleur Pellerin reporté	1466	5

13985	U9t	from		concluantes	glissé	houang	1342557702	Retour de cab	1511	119

13989	U9t	to		pessimistes	restituons	restreindre	1342723148	Re: Retour de cab	1511	286

13991	U9t	from		souhaites	préserver	eus	1342732142	Re: Retour de cab	1511	77

13987	U9t	to		détailler	interpeller	retire	1342750310	Re: Retour de cab	1511	195

13988	U9t	from		sujets	connais	éléments	1342772992	Re: Retour de cab	1511	40

13990	U9t	to		vraiment	autre	serait	1342780317	Re: Retour de cab	1511	10

13986	U9t	from		les	effet	relancés	1342781612	Re: Retour de cab	1511	3

13992	U9t	from					1342557737	Assemblées territoriales - EGN (jeromecukier=40gmail. com)	1512	0

