message	correspondent	direction	tweet	word1	word2	word3	time	subject	thread	length

8924	VZY	to		founder	visualizers	agreed	1336390072	Re: *** Science Maps for Kids - 8th Iteration - Khan Academy	957	70

8964	VZY	from		landscape	makers	biographies	1336421665	***** Science Maps for Kids - 8th Iteration - Khan Academy	957	168

8970	VZY	to		sending	academy	katy	1336505380	Re: ***** Science Maps for Kids - 8th Iteration - Khan Academy	957	69

8960	VZY	from					1336582010	Re: ***** Science Maps for Kids - 8th Iteration - Khan Academy	957	0

8963	VZY	from		map	mentioned	available	1337171075	Re: ***** Science Maps for Kids - 8th Iteration - Khan Academy	957	35

8971	VZY	to		timeline	decision	katy	1337180896	Re: ***** Science Maps for Kids - 8th Iteration - Khan Academy	957	94

8976	VZY	from					1337181599	Re: ***** Science Maps for Kids - 8th Iteration - Khan Academy	957	0

8967	VZY	from		skype	katy	borner	1337346216	Re: ***** Science Maps for Kids - 8th Iteration - Khan Academy	957	3

8952	VZY	from		chutes	genealogy	ladders	1337356435	***** Science Maps for Kids - 8th Iteration - Khan Academy	957	217

8978	VZY	from		send	feel	free	1337845546	***** Science Maps for Kids - 8th Iteration - Khan Academy	957	23

8981	VZY	from		give	send	feel	1338756909	***** Science Maps for Kids - 8th Iteration - Khan Academy	957	20

8959	VZY	to		exhibit	poster	hearing	1338817622	Re: ***** Science Maps for Kids - 8th Iteration - Khan Academy	957	84

8961	VZY	to		exhibit	poster	hearing	1338817713	Re: ***** Science Maps for Kids - 8th Iteration - Khan Academy	957	84

8979	VZY	from					1338818220	Re: ***** Science Maps for Kids - 8th Iteration - Khan Academy	957	0

8982	VZY	to		partner	complete	interactivethings	1338919644	Re: ***** Science Maps for Kids - 8th Iteration - Khan Academy	957	40

8980	VZY	from					1338926228	Re: ***** Science Maps for Kids - 8th Iteration - Khan Academy	957	0

8972	VZY	to		refine	nonetheless	radius	1339249946	Re: ***** Science Maps for Kids - 8th Iteration - Khan Academy	957	150

8975	VZY	from		letters	shortest	elegant	1339271089	Re: ***** Science Maps for Kids - 8th Iteration - Khan Academy	957	218

8954	VZY	to		website	books	photos	1339787667	Re: ["EXHIBIT"] Re: ***** Science Maps for Kids - 8th Iteration -  Khan Academy	957	35

9525	VZY	from		yngve	indiana	cns	1337181091	Katy Borner is on Leave || Re: ***** Science Maps for Kids - 8th Iteration - Khan Academy	1034	93

12507	VZY	from		stamper	tenth	wells	1341740067	***** Science Maps for Kids - 8th Iteration - Khan Academy	1348	296

12508	VZY	to		embrace	highest	videogame	1341746809	Re: ***** Science Maps for Kids - 8th Iteration - Khan Academy	1348	118

12506	VZY	to		suggestions	zürich	freiestrasse	1341818261	Re: ***** Science Maps for Kids - 8th Iteration - Khan Academy	1348	61

13354	VZY	from		yngve	indiana	cns	1341746843	Katy Borner is on Leave || Re: ***** Science Maps for Kids - 8th Iteration - Khan Academy	1444	93

