message	correspondent	direction	tweet	word1	word2	word3	time	subject	thread	length

126	wF9	from		serviette	économiser	écueils	1325492676		9	188

128	wF9	to		réveiller	télécommande	assiette	1325493238	Re:	9	79

127	wF9	from		bouffe	couteau	affecte	1325493429	Re: Re:	9	48

130	wF9	from		qui	avec	enfin	1325493011	Re: Personalized Message From Santa	10	7

129	wF9	to		est	mon	elle	1325493283	Re: Personalized Message From Santa	10	10

135	wF9	from		brutalise	datés	devinant	1325497197		11	198

136	wF9	to		qui	ça	fait	1325498438	Re:	11	12

137	wF9	from		même	très	quand	1325497614		12	10

197	wF9	from		très	alors	cela	1325597533		16	16

198	wF9	to		des	une	dans	1325598199	Re:	16	10

475	wF9	from		chaise	lumières	épargner	1325866775		53	90

571	wF9	from		maintenant	suite	école	1326099804		59	18

572	wF9	from		retourner	contente	cacahuète	1326100029		60	28

576	wF9	to		que	lui	faut	1326109006	Re:	60	5

589	wF9	from		catherine	évoqué	exit	1326114967	Re: Re:	60	85

584	wF9	to		cadeaux	ambiance	pièces	1326115439	Re: Re:	60	108

582	wF9	from		location	mot	films	1326115852	Re: Re: Re:	60	28

588	wF9	to		décide	dépenser	payés	1326116498	Re: Re: Re:	60	91

577	wF9	from		rentrant	hésité	laver	1326116784	Re: Re: Re: Re:	60	42

581	wF9	to		càd	crier	arrêt	1326117025	Re: Re: Re: Re:	60	62

590	wF9	from		insulter	armoire	hurler	1326117524	Re: Re: Re: Re: Re:	60	100

578	wF9	to		regrette	nerfs	chargée	1326117703	Re: Re: Re: Re: Re:	60	73

591	wF9	from		truc	vas	dès	1326118203	Re: Re: Re: Re: Re: Re:	60	15

579	wF9	to		touchait	cuisse	attendrai	1326119230	Re: Re: Re: Re: Re:	60	429

586	wF9	from		dépression	voitures	brute	1326119942	Re: Re: Re: Re: Re: Re:	60	133

583	wF9	to		dormir	concerne	cacahuète	1326120270	Re: Re: Re: Re: Re: Re:	60	47

575	wF9	from		ça	dire	quoi	1326120769	Re: Re: Re: Re: Re: Re: Re:	60	6

580	wF9	to		qui	tout	cacahuète	1326121128	Re: Re: Re: Re: Re: Re: Re:	60	4

587	wF9	from		bcp	cause	normalement	1326121497	Re: Re: Re: Re: Re: Re: Re: Re:	60	19

585	wF9	to		elle	dire	etc	1326121514	Re: Re: Re: Re: Re: Re: Re: Re:	60	13

573	wF9	from		que	pas	est	1326121748	Re: Re: Re: Re: Re: Re: Re: Re: Re:	60	12

574	wF9	to		que	tout	bon	1326121794	Re: Re: Re: Re: Re: Re: Re: Re: Re:	60	9

620	wF9	from		ça	cette	non	1326121978		64	10

622	wF9	from		est	avec	elle	1326122025		65	14

621	wF9	to		une	avec	suis	1326122763	Re:	65	7

624	wF9	from		plus	mon	fonctionne	1326122869		66	4

623	wF9	to		est	ça	tout	1326122872	Re:	66	6

626	wF9	from		heure	changer	moitié	1326124260	Re: Re:	66	19

625	wF9	to		par	vas	complètement	1326124288	Re: Re:	66	6

686	wF9	to		commencent	économies	appelles	1326184846	=?ISO-8859-1?B?ZOhzIHF1ZSB0dSBwb3VycmFzLi4u	73	64

751	wF9	from		intéressent	exacte	réplique	1326277504		80	42

749	wF9	to		étant	préfère	aimes	1326278614	Re:	80	38

750	wF9	from		une	comme	autre	1326278883	Re: Re:	80	16

753	wF9	to		là	espère	savoir	1326279451	Re: Re:	80	17

752	wF9	from		dit	dire	parce	1326298030	Re: Re: Re:	80	19

903	wF9	from					1326391259	oooooooooooooohhhhhhhhhhhhhhh	91	0

936	wF9	to		est	mais	nous	1326446335	Fwd: Venez rencontrer la comédienne SANDRINE BONNAI RE =21	96	10

1109	wF9	from		vous	dire	quand	1326721419		103	15

1105	wF9	to		compte	avons	rendu	1326723602	Re:	103	28

1108	wF9	from		tableau	derrière	merde	1326724146	Re: Re:	103	22

1107	wF9	to		désolé	nécessaire	terre	1326724391	Re: Re:	103	33

1104	wF9	from		est	moi	mon	1326724806	Re: Re: Re:	103	6

1106	wF9	to		sois	courant	étant	1326725012	Re: Re: Re:	103	47

1142	wF9	from		pour	aux	chaud	1326790083		108	6

1143	wF9	to		les	même	quand	1326790393	Re:	108	7

1141	wF9	from		orchestre	emmènerai	fur	1326790741	Re: Re:	108	159

1147	wF9	from		son	chez	vois	1326791630		110	14

1390	wF9	from		yazici	zachée	cynthia	1327063006	Fwd: TR: Décès papa de l'école	128	202

1391	wF9	from		vatin	victour	vivian	1327063041	Fwd: CR Conseil d'école, Règlement Intérieu r,PPMS, bilan Coopérative et charte internet  école Falguière	129	303

1392	wF9	from		destinataires	préalablement	référent	1327063076	Fwd: Liste des élèves de la classe de CE1a Mm e CHAMARD SIAU	130	178

1410	wF9	from		machine	faite	lancer	1327075302		132	33

1411	wF9	to		from	moi	sent	1327077230	Re:	132	7

1504	wF9	from		qui	part	vis	1327312887		141	13

1505	wF9	to		qui	est	non	1327313823	Re:	141	16

1520	wF9	from		une	aussi	petite	1327327079	Re: Re:	141	5

1506	wF9	from		hier	info	viens	1327313004		142	13

1507	wF9	to		les	ça	sur	1327313957	Re:	142	9

1508	wF9	from		est	des	ça	1327327059	Re: Re:	142	11

1577	wF9	to		payé	revu	cliquer	1327396538	ouh la la j'ai eu peur	147	74

1605	wF9	to		que	est	ça	1327419456	Fwd: Invitations à l'avant-première du film TATSUM I (en présence de l'équipe du film)	151	8

1607	wF9	from		refuge	pleurniche	cracher	1327486577	Re: Invitations à l'avant-première du film  TATSUMI (en présence de l'équipe du film )	151	210

1602	wF9	to		fera	ira	pleine	1327487907	Re: Invitations à l'avant-première du film TATSUMI  (en présence de l'équipe du film)	151	38

1606	wF9	to		rendre	qqs	poser	1327488000	Re: Invitations à l'avant-première du film TATSUMI  (en présence de l'équipe du film)	151	37

1608	wF9	from		comment	david	adresse	1327492767	Re: Invitations à l'avant-première du film  TATSUMI (en présence de l'équipe du film )	151	22

1610	wF9	from		aller	vas		1327492791	Re: Invitations à l'avant-première du film  TATSUMI (en présence de l'équipe du film )	151	2

1609	wF9	from		monique	reposer	conflit	1327508376	Re: Invitations à l'avant-première du film  TATSUMI (en présence de l'équipe du film )	151	64

1603	wF9	from		plus	vous	quand	1327508417	Re: Invitations à l'avant-première du film  TATSUMI (en présence de l'équipe du film )	151	18

1658	wF9	from		parfois	tellement	usa	1327486834	je sais ...	155	29

1657	wF9	to		ensemble	moins	école	1327488068	Re: je sais ...	155	20

1660	wF9	from		quand	table	semble	1327487397		156	16

1665	wF9	to		sont	chez	end	1327490500	lunettes, suite et fin	157	13

1695	wF9	from		pas	fait	plaisante	1327504420		162	3

1696	wF9	from		inhumanité	laisseront	merveilleuses	1327505576		163	534

1697	wF9	from		leur	coucou	chat	1327505827		164	35

1698	wF9	from		mardi	lundi	permet	1327505925	parce qu'au final, je te l'avais pas envoyé cet te photo, mais bon ...	165	21

1705	wF9	from		pas	avec	vais	1327508449		166	10

1704	wF9	to		taxi			1327508584	Re:	166	1

1708	wF9	from		plaisantes			1327509037	Re: Re:	166	1

1706	wF9	from		soucis	diras	raconté	1327509409	Re: Re:	166	48

1707	wF9	to		dans	là	alors	1327509728	Re: Re:	166	15

2074	wF9	from		restait	chambres	dédiée	1327928956		202	82

2075	wF9	to		maison	attention	désolé	1327929271	Re:	202	36

2076	wF9	from		ça	dit	ouais	1327929598	Re: Re:	202	3

2073	wF9	to		vraiment	choses	non	1327930110	Re: Re:	202	13

2078	wF9	from		faire	vraiment	vais	1327931437		203	13

2079	wF9	to		moi	peux	dis	1327931768	Re:	203	4

2198	wF9	from		dimanche	tôt	laissé	1328002113		211	45

2239	wF9	from		fait	après	david	1328022617		217	16

2237	wF9	to		fait	faire	gros	1328022761	Re:	217	8

2238	wF9	from		vont	manger	apr	1328022998	Re: Re:	217	29

2241	wF9	from		qui	très	grand	1328023214		218	8

2253	wF9	from		vais	aller	temps	1328029328		221	9

2252	wF9	to		plus	avais	merci	1328029997	Re:	221	14

2254	wF9	from		ben	voit	surprise	1328030924	Re: Re:	221	37

2319	wF9	to		pierre	quick	banque	1328088031	quick halles	233	14

2345	wF9	from		voir	rien	non	1328108251		237	16

2346	wF9	to		from	sent	oui	1328112378	Re:	237	4

2479	wF9	from		deb	oubliez	pigalle	1328206707	Fwd: Confirmation d'achat de places	247	212

2747	wF9	from		ton	fais	bcp	1328518921		280	19

2749	wF9	from		pas	est	que	1328519843		282	11

2750	wF9	to		pas	crois	photo	1328520123	Re:	282	3

2752	wF9	from		regarder	regardé	prenne	1328520752	Re: Re:	282	27

2751	wF9	to		faut	veux	comment	1328522056	Re: Re:	282	13

2756	wF9	from		qqs	préparer	japonais	1328520878		283	33

2755	wF9	to		japonais	apprendre	disent	1328522193	Re:	283	37

3030	wF9	from		avec	sous	dors	1328708724		311	5

3031	wF9	to		intéresse	voulu	prochain	1328709051	Re:	311	39

3032	wF9	from		madame	emmener	formation	1328711374	Re: Re:	311	25

3034	wF9	to		dire	peux	vais	1328711947	Re: Re:	311	15

3033	wF9	from		est	qui	sur	1328711955	Re: Re:	311	12

3029	wF9	to		que	est	suis	1328711995	Re: Re:	311	5

3035	wF9	from		toutes	dois	trouvé	1328712355	Re: Re: Re:	311	19

3028	wF9	from		non	jeu	vidéo	1328712411	Re: Re: Re:	311	5

3039	wF9	from		utile	seuls	parlons	1328711476		313	36

3040	wF9	to		avec	rien	fais	1328711973	Re:	313	6

3041	wF9	from		les	sur	tes	1328712382	Re: Re:	313	9

3044	wF9	from					1328712440		314	0

3046	wF9	to		let	après	mal	1328714437	Re:	314	15

3045	wF9	from		trouve	eux	robert	1328714856	Re: Re:	314	32

3047	wF9	from		dimanche	ferai	fasse	1328715036		315	40

3051	wF9	from		tour	puisque	expo	1328715106		316	32

3050	wF9	to		tickets	dehors	froid	1328715298	Re:	316	42

3049	wF9	from		mépris	province	gueudin	1328715768	Re: Re:	316	175

3048	wF9	to		fondamentalement	rendes	repartent	1328716990	Re: Re:	316	329

3052	wF9	from		eau	accessible	arrivée	1328717401	Re: Re: Re:	316	51

3053	wF9	to		saches	fortiori	profonde	1328718120	Re: Re: Re:	316	227

3057	wF9	from		sais	rien	chez	1328715390		317	18

3054	wF9	to		idée	aucune		1328715600	Re:	317	2

3055	wF9	from		cacahuète	dame	mettait	1328715849	Re: Re:	317	31

3059	wF9	to		oui	prends		1328717017	Re: Re:	317	4

3060	wF9	from		cela	deux	passer	1328717187	Re: Re: Re:	317	22

3056	wF9	to		est	ça	faut	1328717404	Re: Re: Re:	317	12

3058	wF9	from		haut	pareil	oeil	1328717649	Re: Re: Re: Re:	317	26

3173	wF9	from		allant	lampion	lili	1328820519		331	90

3239	wF9	from		débarasser	doudoune	minnie	1328893299		337	78

3240	wF9	to		sèche	trouvée	caprice	1328895364	Re:	337	118

3335	wF9	from		sur	encore	ces	1329140066		350	10

3338	wF9	to		chez	juste	jeudi	1329142980	Re:	350	18

3337	wF9	from		les	ça	bien	1329144068	Re: Re:	350	13

3336	wF9	to		pas	là	non	1329144136	Re: Re:	350	8

3375	wF9	from		temps	dit	avoir	1329212351		353	12

3376	wF9	to		tombé	plat	cadeaux	1329212555	Re:	353	49

3374	wF9	from		fouineuse	galères	gung	1329213101	Re: Re:	353	171

3373	wF9	to		favorablement	putois	réchauffer	1329213890	Re: Re:	353	166

3379	wF9	from		même	quand	merci	1329212557		354	3

3382	wF9	from		tous	semaine	dernière	1329213164		355	18

3381	wF9	to		merci	oui		1329213518	Re:	355	2

3383	wF9	from		suis	pars	ravie	1329214460		356	4

3415	wF9	to		bon	super		1329229374	c'était super bon	358	4

3418	wF9	from		manger	oublié	revenu	1329232105	Re: c'était super bon	358	20

3417	wF9	to		différente	froid	rêve	1329232311	Re: c'était super bon	358	38

3421	wF9	from		livres	dehors	vécu	1329234727	Re: c'était super bon	358	30

3413	wF9	to		plan	échoué		1329234930	Re: c'était super bon	358	2

3414	wF9	from		pas	mais	elle	1329235438	Re: c'était super bon	358	5

3419	wF9	to		qui	ça		1329235442	Re: c'était super bon	358	2

3412	wF9	from		violette			1329235716	Re: c'était super bon	358	1

3416	wF9	to		quel	gouter		1329236006	Re: c'était super bon	358	2

3420	wF9	from		est	les	place	1329239540	Re: c'était super bon	358	9

3500	wF9	from		dérange	jeter	nettoyage	1329311870		368	39

3501	wF9	to		dernier	elles	celui	1329312208	Re:	368	29

3502	wF9	from		irrespect	lindon	pancakes	1329313414	Re: Re:	368	489

3499	wF9	to		tapé	travailles	housse	1329315222	Re: Re:	368	368

3511	wF9	from		dire	avoir	mal	1329312203		369	18

3509	wF9	to		les	gotées		1329312229	Re:	369	2

3505	wF9	to		les	où	dis	1329312265	Re:	369	9

3504	wF9	from		est	les	qui	1329312686	Re: Re:	369	6

3508	wF9	to		dire	sont	parce	1329313376	Re: Re:	369	17

3510	wF9	from		pas	est	sais	1329315207	Re: Re: Re:	369	9

3506	wF9	to		alors	matin	bcp	1329315259	Re: Re: Re:	369	15

3507	wF9	from		des	peux	presque	1329315632	Re: Re: Re: Re:	369	9

3503	wF9	to		que	est	les	1329321290	Re: Re: Re: Re:	369	8

3513	wF9	from		avec	comme	dit	1329322347	Re: Re: Re: Re: Re:	369	6

3512	wF9	from		pas	tout	dit	1329322409	Re: Re: Re: Re: Re:	369	10

3514	wF9	from		dans	ça	cette	1329313468		370	14

3516	wF9	from		bcp	arnaud	entendu	1329315443		371	36

3517	wF9	to		écrire	hier	mots	1329316529	Re:	371	38

3634	wF9	from		enregistré	inter	allume	1329478229		383	32

3761	wF9	from		vas	ait	changer	1329753177		387	24

3762	wF9	to		pas	non	bisous	1329753524	Re:	387	7

3760	wF9	from		détail	canapé	joie	1329754280	Re: Re:	387	32

3858	wF9	from		excellente	papa	deberre	1329861734	Fwd:	406	60

3890	wF9	from		mais	avec	peut	1329918531		409	14

3903	wF9	from		seule	photos	attendre	1329923832		411	21

3905	wF9	from					1329925902		412	0

3908	wF9	from		volants	écolière	écru	1329926156	Fwd: Et voilà !	413	664

3906	wF9	to		saison	salopette	vichy	1329927527	=?ISO-8859-1?B?UmU6IEV0IHZvaWzgICE=	413	660

3907	wF9	from		que	était	pense	1329928131	Re: Et voilà !	413	13

4058	wF9	from		que	fait	mal	1330092999		431	11

4055	wF9	to		est	bien	très	1330093074	Re:	431	6

4056	wF9	from		les	pour	faire	1330093341	Re: Re:	431	10

4053	wF9	to		frais	carton	estimer	1330094137	Re: Re:	431	47

4057	wF9	from		occuper	pourras	peser	1330094352	Re: Re: Re:	431	3

4054	wF9	to		oui			1330094761	Re: Re: Re:	431	1

4059	wF9	from		soir	deux	jour	1330093201		432	13

4062	wF9	from		pour	ton	repas	1330094372		433	3

4061	wF9	to		pas	est	mal	1330094775	Re:	433	5

4063	wF9	from		les	pommes		1330095078	Re: Re:	433	2

4064	wF9	to		est	tout	être	1330096322	Re: Re:	433	5

4066	wF9	from		mon	matin	sms	1330094923		434	3

4065	wF9	to		quoi	plein	projet	1330095093	Re:	434	22

4067	wF9	from		que	les	pour	1330095606		435	7

4069	wF9	from		que	avec	violette	1330096540		436	4

4068	wF9	to		oui			1330096543	Re:	436	1

4070	wF9	from		concentre	prétention	concentrant	1330096789	Re: Re:	436	68

4074	wF9	from		pas	des	mails	1330106637		437	7

4075	wF9	to		sites	fasses	paypal	1330106865	Re:	437	40

4176	wF9	from		pas	oublies		1330334076		445	2

4175	wF9	to					1330334313	Re:	445	0

4174	wF9	from		aller	deux	toutes	1330334618	Re: Re:	445	12

4173	wF9	to		court	auras	suffit	1330335001	Re: Re:	445	54

4172	wF9	from		mon	victor	père	1330335754	Re: Re: Re:	445	5

4190	wF9	to		tendance	poids	supérieure	1330347917	frais de port	448	43

4202	wF9	from		chambre	chiottes	trouvais	1330354826		451	58

4303	wF9	from		toujours	besoin	jeudi	1330445139		467	13

4304	wF9	to		que	alors	bisous	1330445720	Re:	467	5

4305	wF9	from		maison	soirée	première	1330447098	Re: Re:	467	30

4308	wF9	from		que	est	quand	1330447127		468	7

4307	wF9	to		travaille			1330447300	Re:	468	1

4352	wF9	from		pas	bien	tout	1330509412		476	3

4351	wF9	to		stresses			1330510368	Re:	476	1

4353	wF9	from		pas	est	terme	1330510682	Re: Re:	476	3

4356	wF9	from		ses	violette	train	1330510748		477	15

4354	wF9	to		fais	attention	moments	1330510869	Re:	477	32

4355	wF9	from		changer	ben	justement	1330511205	Re: Re:	477	31

4357	wF9	from		surprenez	bouquets	compositions	1330510952	Fwd: Fete des grands-meres : offrez lui un beau bouquet	478	385

4358	wF9	from		demande	train	lundi	1330511133		479	30

4359	wF9	to		dans	dont	besoin	1330511654	Re:	479	11

4393	wF9	from		crache	abominable	bronchite	1330530172	GENIAL !!!	483	51

4399	wF9	from		crache	abominable	bronchite	1330532087	Back dans les bacs comme on dit par chez nous !	485	51

4400	wF9	to		ça	tout	fait	1330532102	Re: Back dans les bacs comme on dit par chez nous !	485	7

4469	wF9	from		laisse	heures	stop	1330612314		489	44

4468	wF9	to		reposer	manqué	cris	1330612685	Re:	489	142

4473	wF9	from		lire	peine	con	1330616648		490	23

4471	wF9	to		qui	tous	rien	1330618075	Re:	490	12

4472	wF9	from		chaque	yahoo	mêmes	1330618385	Re: Re:	490	28

4475	wF9	from		passer	préfère	chaud	1330617842		491	17

4476	wF9	from		bien	nous	fait	1330618240		492	12

4591	wF9	to		toi	aller	enfants	1330693460	je pensais	502	15

4588	wF9	from		tard	viens	quick	1330706929	Re: je pensais	502	32

4593	wF9	to		est	bon	après	1330706981	Re: je pensais	502	13

4592	wF9	from		les	avec	enfants	1330707506	Re: je pensais	502	4

4590	wF9	to		est	pour	quand	1330707723	Re: je pensais	502	10

4589	wF9	from		course			1330709273	Re: je pensais	502	1

4653	wF9	to		from	some	sent	1330797713	Si jamais tu vas pas au japonais lundi	505	5

4709	wF9	from		vue	tête	bras	1330937990		506	31

4707	wF9	to		appelle	veut	santé	1330938219	Re:	506	39

4708	wF9	from		école	serai	retrouver	1330938639	Re: Re:	506	33

4710	wF9	to		moi	quand	heure	1330939128	Re: Re:	506	17

4766	wF9	from		pas	pour	cette	1330961125		516	11

4902	wF9	from		dans	dit	lui	1331127404		529	11

4906	wF9	from		dans	très	hui	1331127671		530	12

4905	wF9	to		moi	dis		1331129324	Re:	530	2

4908	wF9	from		bien	fait	mon	1331130374	Re: Re:	530	12

4909	wF9	to		dans	chose	quelque	1331130471	Re: Re:	530	6

4903	wF9	from		que	pas	vraiment	1331130875	Re: Re: Re:	530	9

4907	wF9	to		bisous	prendre	année	1331131174	Re: Re: Re:	530	16

4904	wF9	from		encore	crois	trucs	1331132570	Re: Re: Re: Re:	530	21

4986	wF9	to					1331212473	http://www.lavieimmo.com/people/stephane-plaza-cherche-agence-desesperement-14222.html	534	0

5319	wF9	from		plus	peux	ses	1331724254		559	10

5424	wF9	from		consultez	hut	mangerbouger	1331827248	Fwd: Exclusif Pizza Hut lance la Majestic         OMG !!!!!!!!!!!!!!!!!!!!!!!!!!!!!!!!!!!!!!!!!!!!!!!!!!!!!!!!!!!!!!	572	107

5426	wF9	to		vache			1331827259	Re: Exclusif Pizza Hut lance la Majestic OMG !!!!!!!!!!!!!!!!!!!!!!!!!!!!!!!!!!!!!!!!!!!!!!!!!!!!!!!!!!!!!!	572	1

5425	wF9	from		faut	côté	passe	1331827445	Re: Exclusif Pizza Hut lance la Majestic OMG !!!!!!!!!!!!!!!!!!!!!!!!!!!!!!!!!!!!!!!!!!!!!!!!!!!!!!!!!!!!!!	572	18

5623	wF9	from		école	oublié	vont	1332150072		590	35

5670	wF9	from		truc	tiens	retrouvé	1332169209		594	3

5674	wF9	from		définit	gerber	illico	1332169491		595	117

5676	wF9	to		sarko	mlp	céder	1332170207	Re:	595	63

5675	wF9	from		refait	tiré	maternelle	1332172143	Re: Re:	595	70

5672	wF9	from		moi	sont	aussi	1332172182	Re: Re:	595	16

5671	wF9	to		dit	roselyne		1332172485	Re: Re:	595	2

5673	wF9	from		présidentielle	classe	durant	1332172776	Re: Re: Re:	595	29

5677	wF9	from		tué	trintignant	gerber	1332169871		596	84

5679	wF9	from		père	divorcé	fouras	1332170175	là, c'est les grosses boulasses !!!	597	3

5680	wF9	to		pas	ça	même	1332170239	=?ISO-8859-1?B?UmU6IGzgLCBjJ2VzdCBsZXMgZ3Jvc3NlcyBib3VsYXNzZXMgISEh	597	9

5683	wF9	from		priorité	reprises	cancer	1332172347		598	58

6079	wF9	to		voyais	saches	portrait	1332704054		636	88

6077	wF9	from		battue	détruit	enfouit	1332750029	Re:	636	202

6078	wF9	to		partageons	regardons	souviendrai	1332754408	Re:	636	478

6080	wF9	from		révèlent	saturé	sevrais	1332771189	Re: Re:	636	1160

6100	wF9	to					1332751084	je te réponds mais ça va me prendre un peu de temp s	637	0

6102	wF9	from		que	faire	pense	1332752656	Re: je te réponds mais ça va me prendre un pe u de temps	637	6

6101	wF9	to		important	ensemble	mois	1332753383	Re: je te réponds mais ça va me prendre un peu de  temps	637	25

6147	wF9	from		comment	fin	chance	1332771260		644	19

6146	wF9	to		méprends	veuilles	délit	1332772506	Re:	644	389

6149	wF9	from		pas	est	plus	1332773215	Re: Re:	644	8

6148	wF9	from		fini	sortie	japonais	1332773328	Re: Re:	644	35

6153	wF9	from		chose	got	raisons	1332773617		645	21

6152	wF9	to		route	seraient	lesquelles	1332774279	Fwd:	645	73

6224	wF9	from		était	où	demandait	1332836659		650	5

6230	wF9	from		des	mais	tout	1332839013		652	12

6233	wF9	from					1332839568		653	0

6235	wF9	from		numéro			1332839722		654	1

6234	wF9	to		maison	tard	note	1332839776	Re:	654	26

6241	wF9	from		jamais	trucs	dernière	1332840267	Re: Re:	654	17

6236	wF9	from					1332839883		655	0

6238	wF9	to		est	mais	elle	1332839907	Re:	655	13

6242	wF9	from		sans	enfants	car	1332840302	Re: Re:	655	16

6237	wF9	from					1332839957		656	0

6239	wF9	from					1332840121		657	0

6240	wF9	from					1332840199		658	0

6244	wF9	to		celui	lit	cher	1332840278	Re:	658	29

6245	wF9	from		moi	très	aussi	1332840544	Re: Re:	658	4

6243	wF9	from		mais	coup	arrive	1332840406		659	13

6246	wF9	from					1332840461		660	0

6247	wF9	from		air	celui	lit	1332840657		661	21

6248	wF9	from					1332840737		662	0

6249	wF9	to		est	pas	là	1332840779	Re:	662	10

6250	wF9	from		bien	même	là	1332840866		663	14

6251	wF9	to		moins	ben	lit	1332840882	Re:	663	15

6252	wF9	from		regarde	lit	préfère	1332841425	Re: Re:	663	29

6253	wF9	from					1332840993	il est un peu canon celui-là non ?	664	0

6254	wF9	from					1332841201	Celui-là il est super chouetasse	665	0

6255	wF9	from					1332841274		666	0

6260	wF9	to		peur	deberre	ville	1332841448	Re: Bon là c'est juste pour la photo parce que je s ais que tu kiffes =21	667	34

6261	wF9	from		sur	plus	avoir	1332841932	Re: Bon là c'est juste pour la photo parce que  je sais que tu kiffes !	667	9

6256	wF9	to		mis	fond	allé	1332841960	Re: Bon là c'est juste pour la photo parce que je s ais que tu kiffes =21	667	29

6263	wF9	from		soigné	vivait	cloche	1332842421	Re: Bon là c'est juste pour la photo parce que  je sais que tu kiffes !	667	80

6262	wF9	to		ça	avec	tout	1332843260	Re: Bon là c'est juste pour la photo parce que je s ais que tu kiffes =21	667	7

6257	wF9	from		intérêt	grave	dommage	1332843500	Re: Bon là c'est juste pour la photo parce que  je sais que tu kiffes !	667	23

6258	wF9	from		intérêt	grave	dommage	1332841475	Bon là c'est juste pour la photo parce que je s ais que tu kiffes !	668	23

6266	wF9	from					1332841512		669	0

6265	wF9	to		que	pas	rien	1332841534	Re:	669	9

6267	wF9	from		les	des	franchement	1332842052	Re: Re:	669	7

6269	wF9	from					1332841994		670	0

6272	wF9	to		est	mais	elle	1332842026	Re:	670	12

6271	wF9	from		deux	demande	semaines	1332842475	Re: Re:	670	25

6270	wF9	from		est	qui	bien	1332842150		671	9

6273	wF9	from					1332842222		672	0

6281	wF9	from		square	mini	linge	1332842682	je suis en surkiffage total : ceci n'est pas une blague !	673	19

6277	wF9	to		que	est	là	1332843461	Re: je suis en surkiffage total : ceci n'est pas une blague !	673	5

6274	wF9	from		pas	trouves	méga	1332843730	Re: je suis en surkiffage total : ceci n'est pas une blague !	673	4

6280	wF9	to		une	ça	comme	1332843768	Re: je suis en surkiffage total : ceci n'est pas une blague !	673	7

6279	wF9	from		bien	mes	nom	1332844022	Re: je suis en surkiffage total : ceci n'est pas une blague !	673	15

6275	wF9	from		est	surtout	près	1332844037	Re: je suis en surkiffage total : ceci n'est pas une blague !	673	4

6276	wF9	from		est	mais	bon	1332849205	Re: je suis en surkiffage total : ceci n'est pas une blague !	673	5

6283	wF9	from		avant	notre	place	1332842797		674	16

6285	wF9	from					1332843147	celui-là il a bien la classe aussi !	675	0

6286	wF9	from					1332843254		676	0

6264	wF9	to		faire	plaisir	chier	1332843446	Re: Bon là c'est juste pour la photo parce que je s ais que tu kiffes =21	677	3

6259	wF9	from		cela	demande	crois	1332843713	Re: Bon là c'est juste pour la photo parce que  je sais que tu kiffes !	677	28

6288	wF9	to		avant	veux	toutes	1332843597	Re:	678	11

6289	wF9	from		est	plus	pour	1332843980	Re: Re:	678	16

6298	wF9	to		comprends			1332844784	Re: Re:	678	1

6290	wF9	from		trouver	maison	répondre	1332843650		679	27

6291	wF9	from		rassurée	tué	haine	1332843932		681	75

6297	wF9	to		couverture	reconnais	bouge	1332844767	Re:	681	64

6293	wF9	from		une	reçu	lettre	1332844093		682	4

6282	wF9	to		alors	non	fais	1332849201	Re: je suis en surkiffage total : ceci n'est pas une blague !	685	3

6278	wF9	from		demander	tellement	penses	1332849567	Re: je suis en surkiffage total : ceci n'est pas une blague !	685	36

6302	wF9	to		message	forwarded		1332849468	Fwd: =5BRéservation=5D disponibilité pour les 2 derni ères semaines d'aout	686	2

6301	wF9	from		est	les	là	1332849845	Re: [Réservation] disponibilité pour les 2 de rnières semaines d'aout	686	11

6306	wF9	from		nettoyer	copines	cuisine	1332849688		687	29

6310	wF9	to		pas	les	plus	1332850613	Re:	687	12

6309	wF9	to		quoi	envie	moins	1332850751	Re:	687	24

6307	wF9	from		envers	copines	bobo	1332852508	Re: Re:	687	42

6308	wF9	to		musulmans	radicale	recontrer	1332852943	Re: Re:	687	209

6311	wF9	from		carcans	chevalier	princesses	1332853630	Re: Re: Re:	687	95

6305	wF9	to		réaction	remarquer	mères	1332853635	Re: Re: Re:	687	38

6318	wF9	from		souviens	dame	purée	1332855125	Re: Re: Re: Re:	687	37

6319	wF9	to		violette	attention	porte	1332855180	Re: Re: Re: Re:	687	27

6317	wF9	from		mal	part	surtout	1332855584	Re: Re: Re: Re: Re:	687	18

6348	wF9	to		est	les	toutes	1332875859	Re:	691	4

6349	wF9	from		genre	prochaine	imagine	1332876104	Re: Re:	691	32

6347	wF9	from		david	tour	oublié	1332875950		692	39

6377	wF9	from		arrive	mieux	vaut	1332918126		696	22

6394	wF9	from		crie	laver	hurle	1332927065		699	70

6404	wF9	from		type	téléphone		1332938328		700	2

6415	wF9	from		convient	aéré	prochaines	1332944297		701	63

6422	wF9	from		est	les	sur	1332951210		703	10

6543	wF9	from					1333086396	du 11 au 25 ao=FBt 	712	0

7095	wF9	to		nouvelles	elles	bons	1334004977	Les cloches vous ont-elles livré?....	755	30

7175	wF9	from		dans	ton	oublié	1334147938		759	5

7176	wF9	to		violette	laisse	désolé	1334147987	Re:	759	19

7192	wF9	from		demander	contente	désolée	1334150567		761	20

7189	wF9	to		simple	contente	objectif	1334150599	Re:	761	24

7185	wF9	to		est	des	bien	1334150612	Re:	761	6

7187	wF9	from		habitent	rafael	rassuré	1334151082	Re: Re:	761	80

7184	wF9	from		est	que	encore	1334151119	Re: Re:	761	12

7186	wF9	to		qqch	arrivé	manger	1334151148	Re: Re:	761	21

7191	wF9	from		très	être	quand	1334151560	Re: Re: Re:	761	13

7188	wF9	to		soir	enfants	monde	1334152867	Re: Re: Re:	761	29

7190	wF9	from		lui	peu	reste	1334153764	Re: Re: Re: Re:	761	16

7199	wF9	from		non	pris	inquiète	1334153804		763	16

7196	wF9	to		toutes	jusqu	situation	1334153842	Re:	763	24

7198	wF9	from		physique	calme	renvoyer	1334154505	Re: Re:	763	46

7197	wF9	to		cries	golmon	insultes	1334159840	Re: Re:	763	292

7213	wF9	from		suis	air	deuxième	1334159489		769	7

7212	wF9	to		les	tiennes		1334159592	Re:	769	2

7211	wF9	from		plus	oui	celles	1334163060	Re: Re:	769	4

7352	wF9	to		non			1334319001	Re:	772	1

7351	wF9	from		est	pour	sur	1334319071		773	10

7353	wF9	from		pas	est	que	1334319100		774	12

7376	wF9	to		parler	hui	aujourd	1334323371	Re:	777	25

7375	wF9	from		vois	quoi	petite	1334323875	Re: Re:	777	32

7379	wF9	to		paraît	propre	michel	1334324349	Re: Re:	777	71

7378	wF9	from		toi	veux		1334325524	Re: Re: Re:	777	2

7377	wF9	from		que	bien	mon	1334323439		778	6

7381	wF9	to		pas	voir	aller	1334324381	Re:	779	8

7383	wF9	from		pas	ça	plus	1334324669	Re: Re:	779	9

7384	wF9	to		même	quand	vais	1334324773	Re: Re:	779	4

7380	wF9	from		est	pour	comme	1334325046	Re: Re: Re:	779	8

7382	wF9	from		avec	travail	fleurs	1334324407		780	6

7388	wF9	to		entouré	arrivais	réfléchissais	1334325625		782	272

7395	wF9	to		peu	choses	non	1334328982	Re:	785	17

7396	wF9	from		veux	voir	gens	1334329366	Re: Re:	785	17

7394	wF9	from		les	pour	vous	1334329014		786	6

7466	wF9	from		onekingslane	pissed	programmed	1334518558		793	795

7607	wF9	to		lol			1334675757	Re:	807	1

7606	wF9	from		journée	suite	instant	1334676052	Re: Re:	807	26

7609	wF9	from		une	fait	soir	1334675819		808	5

7608	wF9	to		boulot			1334675900	Re: Re:	809	1

7605	wF9	from		pas	est	dans	1334676175	Re: Re: Re:	809	8

7680	wF9	from		devant	reçu	manque	1334749962		816	26

7676	wF9	to		ça	moi	dire	1334750430	Re:	816	12

7679	wF9	from		bises	encore	écrit	1334751008	Re: Re:	816	31

7675	wF9	to		toucherais	angoissé	donneront	1334757667	Re: Re:	816	202

7677	wF9	from		moyens	devais	capacités	1334762283	Re: Re: Re:	816	53

7678	wF9	to		proches	capacités	physiquement	1334762752	Re: Re: Re:	816	92

7686	wF9	from		cette	hais	cuisinière	1334756345		820	3

7687	wF9	to		que	crois		1334756798	Re:	820	2

7978	wF9	from		montagne	tâche	anti	1335171444		845	105

7977	wF9	to		corvées	défaire	emprunt	1335172768	Re:	845	583

7979	wF9	from		jaune	entier	crochet	1335172703		846	44

7980	wF9	from		choc	chaudière	nettoyé	1335172870		847	46

7982	wF9	to		quel	endroit	eau	1335173523	Re:	847	5

7981	wF9	from		les	dans	chiottes	1335174533	Re: Re:	847	3

7985	wF9	from		croix	chaudière	circuit	1335176612		848	69

7997	wF9	from		bon	toujours	envie	1335191464		849	13

7996	wF9	to		demander	rdv	appeler	1335193154	Re:	849	30

8051	wF9	from		maison	air	voulais	1335265410		856	30

8053	wF9	to		faut	bisous	passe	1335266026	Re:	856	22

8052	wF9	from		cie	bête	prennes	1335266876	Re: Re:	856	64

8054	wF9	from		nuit	tour	soirée	1335268299	Re: Re:	856	54

8050	wF9	to		que	bien	aussi	1335270469	Re: Re:	856	8

8066	wF9	to		message	forwarded		1335357739	Fwd: Prix du Roman Fnac 2012 : Devenez membre du Jury !	861	2

8064	wF9	from		était	merci	ont	1335370422	Re: Prix du Roman Fnac 2012 : Devenez membre du Jury !	861	18

8065	wF9	to		faut	ils	ont	1335373589	Re: Prix du Roman Fnac 2012 : Devenez membre du Jury !	861	15

8147	wF9	from		quoique	nerfs	méchante	1335372917		869	41

8155	wF9	from		vais	plomb	péter	1335374139		871	3

8208	wF9	from		automatiquement	cliquez	informe	1335435520	Fwd: Votre colis N=B0 6Q00857284783 est en cours  d'acheminement	877	64

8214	wF9	from		utiliser	sentiment	ouvrir	1335440735		878	54

8215	wF9	to		application	endroit	ouvrir	1335440797	Re:	878	36

8293	wF9	to		retourner	télé	préfères	1335521990	elle est gentille, elle	886	92

8334	wF9	from		les	moi	dit	1335558393		892	12

8378	wF9	from		spécialement	sylvain	enfermée	1335649005	Fwd:	894	120

8376	wF9	to		conclusions	traite	décides	1335665345	Re:	894	136

8374	wF9	from		comprends	compris	mots	1335701354	Re: Re:	894	32

8377	wF9	to		reste	david	rentre	1335702612	Re: Re:	894	32

8379	wF9	from		est	pour	ça	1335704379	Re: Re: Re:	894	11

8373	wF9	to		donc	autre	sent	1335705756	Re: Re: Re:	894	14

8375	wF9	from		difficultés	tranquille	disney	1335706564	Re: Re: Re: Re:	894	45

8395	wF9	from		droit	coeur	arrête	1335706652		895	33

8396	wF9	to		est	les	from	1335707604	Re:	895	10

8399	wF9	from		que	est	moi	1335708109	Re: Re:	895	3

8398	wF9	from		occupé	restée	descendre	1335708490	Re: Re:	895	41

8397	wF9	to		grand	exactement	contente	1335716312	Re: Re:	895	66

8433	wF9	from		détail	avance	oublier	1335774945		902	46

8454	wF9	to		dans	tout	moi	1335790051	Re:	904	12

8448	wF9	to		ça	cette	sans	1335790066	Re:	904	6

8451	wF9	from		manque	histoires	rends	1335790589	Re: Re:	904	73

8456	wF9	from		merki			1335790596	Re: Re:	904	1

8452	wF9	to		interdis	observée	radicalement	1335790927	Re: Re:	904	145

8447	wF9	from		vie	plein	points	1335791378	Re: Re: Re:	904	11

8457	wF9	from		est	mon	possible	1335790166		905	4

8459	wF9	from		journée	finalement	mercredi	1335790704		906	22

8460	wF9	from		perdent	disparaissent	tofs	1335790910		907	63

8462	wF9	to		pas	mais	autre	1335791021	Re:	907	11

8463	wF9	from		fait	dit	juste	1335791336	Re: Re:	907	18

8461	wF9	to		une	être	toi	1335791227	Re: Re:	908	12

8450	wF9	to		leur	eux	quel	1335791317	Re: Re: Re:	909	37

8458	wF9	from		mais	suis	faire	1335791627	Re: Re: Re: Re:	909	11

8455	wF9	to		rester	voit	façons	1335791567	Re: Re: Re: Re:	910	37

8453	wF9	from		aussi	être	autres	1335792544	Re: Re: Re: Re: Re:	910	20

8449	wF9	to		eux	quelqu	quelle	1335792684	Re: Re: Re: Re: Re:	910	43

8441	wF9	to		que	des	faut	1335791596	Fwd: Mercredi soir=2C à l=92occasion du grand débat=2C  organisez un diner des indécis =21	911	9

8438	wF9	from		envie	surtout	partie	1335792502	Re: Mercredi soir, à l=92occasion du grand d ébat, organisez un diner des indécis !	911	21

8443	wF9	to		non	veux	chez	1335792393	Re: Mercredi soir=2C à l=92occasion du grand débat=2C  organisez un diner des indécis =21	913	13

8439	wF9	from		fais	quoi	ailleurs	1335792962	Re: Mercredi soir, à l=92occasion du grand d ébat, organisez un diner des indécis !	913	16

8440	wF9	to		pas	vais	jusqu	1335792774	Re: Mercredi soir=2C à l=92occasion du grand débat=2C  organisez un diner des indécis =21	914	5

8442	wF9	from		dire	parce	veux	1335793370	Re: Mercredi soir, à l=92occasion du grand d ébat, organisez un diner des indécis !	914	27

8468	wF9	from		avec	moi	mon	1335793753		915	7

8493	wF9	to		que	manques		1335818662	Ce qu'il y a	917	2

8573	wF9	from		jeudi	parler	david	1335950726		922	21

8593	wF9	to		famille	violette	parents	1335960745	Re:	925	35

8594	wF9	from		raconte	monoprix	rencontré	1335960793		926	66

8595	wF9	from		tête	tellement	empêche	1335961086		927	22

8602	wF9	from		plus	suis	peux	1335961277		928	7

8596	wF9	to		que	est	pense	1335961367	Re:	928	11

8598	wF9	from		son	passe	veut	1335961686	Re: Re:	928	19

8601	wF9	to		que	aller	veux	1335961778	Re: Re:	928	7

8600	wF9	to		que	revienne		1335961787	Re: Re:	928	2

8597	wF9	from		que	sur	bien	1335962231	Re: Re: Re:	928	5

8603	wF9	from		que	pas	qui	1335962269	Re: Re: Re:	928	12

8599	wF9	to		quand	vais	faut	1335962555	Re: Re: Re:	928	15

8604	wF9	from		bagnole	beschrelle	bled	1335963385	Re: Re: Re: Re:	928	141

8605	wF9	from		non	mal	top	1335961489		929	14

8608	wF9	from		pour	une	sur	1335963423		930	12

8624	wF9	from		destiné	rép	groupon	1335977401	Fwd: Spécialités gastronomiques de l'Himala ya / Lissage brésilien 39e	931	44

8674	wF9	to		éventuellement	privé	min	1336045311	Re:	935	40

8673	wF9	from		irai	vente	sport	1336045771	Re: Re:	935	89

8672	wF9	from		recherche	pleine	angoisse	1336045312		936	39

8675	wF9	from		livre	sort	entretien	1336045852		937	27

8908	wF9	from		politiques	sciences	trouves	1336380983	petit jeu inside !	953	27

8906	wF9	to		pensais	pourrais	arnaud	1336381306	Re: petit jeu inside !	953	40

8907	wF9	from		raciste	kiffe	desseine	1336382057	Re: petit jeu inside !	953	95

8909	wF9	from		rien	personne	trouver	1336381294	indice !	954	20

8910	wF9	to		pas	est	ça	1336382064	Fwd: Trish Deseine (@TrishDeseine) is now following you on Twitter!	955	7

8913	wF9	from		pour	mon	merci	1336382150		956	7

9079	wF9	to		dont	hier	parlé	1336561347	pour ceux ou celles qui aiment bien le grand perdant	973	4

9081	wF9	to					1336561986	bien manger!	974	0

9082	wF9	from		est	ça	moi	1336573636	Re: bien manger!	974	6

9083	wF9	to		tout	cette	cas	1336573623	Re: bien manger!	976	15

9096	wF9	to		télé	dvd	arrêtes	1336573745	Re:	977	52

9099	wF9	from		yeux	foutre	guinot	1336574236	Re: Re:	977	65

9102	wF9	to		phrase	estime	regrette	1336574416	Re: Re:	977	63

9105	wF9	from		toi	moi	vis	1336574859	Re: Re: Re:	977	14

9101	wF9	to		gravement	matériellement	partageons	1336575819	Re: Re:	977	284

9097	wF9	from		claqué	entré	tronche	1336576459	Re: Re: Re:	977	120

9108	wF9	to		est	très	était	1336573792	Re:	978	7

9106	wF9	from		ramener	collègue	sociaux	1336574377	Re: Re:	978	63

9095	wF9	from		ranger	guinot	retourne	1336573841		979	61

9107	wF9	from		tout	même	inespéré	1336573977		980	4

9100	wF9	to		nous	peut	monde	1336574655	Re: Re: Re:	981	19

9098	wF9	to		est	là	fais	1336576381	Re: Re: Re:	982	8

9103	wF9	from		pas	les	des	1336577005	Re: Re: Re: Re:	982	8

9104	wF9	to		com	avec	gmail	1336577586	Re: Re: Re: Re:	982	16

9112	wF9	from		ailles	attack	burton	1336577108		983	65

9113	wF9	to		moi	vrai	finalement	1336577757	Re:	983	17

9191	wF9	from					1336687261	14h sans faute !	991	0

9192	wF9	to		mais	plus	fait	1336737867	Re: 14h sans faute !	991	9

9420	wF9	from		que	est	aimes	1337084197		1012	5

9423	wF9	to		pas	trop	connais	1337084995	Re:	1012	3

9418	wF9	from		pour	juste	savoir	1337085301	Re: Re:	1012	4

9421	wF9	to		ça	toi		1337085660	Re: Re:	1012	2

9417	wF9	from		parler	aurai	honte	1337086734	Re: Re: Re:	1012	3

9422	wF9	to		pas	faut		1337089245	Re: Re: Re:	1012	2

9419	wF9	from		aller	avant	trop	1337090632	Re: Re: Re: Re:	1012	15

9440	wF9	to		voulu	savais	donné	1337090442	Re:	1016	35

9437	wF9	from		cassées	câbles	flacon	1337091277	Re: Re:	1016	110

9438	wF9	from		est	partie	violette	1337090590		1017	6

9439	wF9	to		est	elle	super	1337091103	Re: Re:	1019	8

9444	wF9	from		air	tellement	peine	1337093818		1021	20

9520	wF9	to		avait	soir	matin	1337180584	Re:	1031	24

9521	wF9	from		montrent	coiffé	hurlé	1337181153	Re: Re:	1031	72

9522	wF9	from		depuis	quoi	victor	1337180659		1032	13

9523	wF9	to		été	petite	forme	1337181040	Re: Re:	1033	32

9524	wF9	from		jeudi	soir	rdv	1337181587	Re: Re: Re:	1033	18

9530	wF9	from		avoir	aller	juste	1337183243		1035	14

9661	wF9	from		désinscription	effectuée	frauduleuse	1337426640	Fwd: Offre exclusive VIP : -30% sur toute la collection homme, 2 jours seulement	1042	246

9703	wF9	from		sur	ces	question	1337545206		1046	10

9727	wF9	from		des	cela	côté	1337604625		1047	6

9726	wF9	to		info	départ	poser	1337606963	Re:	1047	21

9728	wF9	from		est	pour	ça	1337610489	Re: Re:	1047	9

9744	wF9	to		donc	dis	ben	1337618543	Re:	1048	4

9742	wF9	to		mais	ça	toi	1337618581	Re:	1048	15

9741	wF9	from		bien	mon	ils	1337618931	Re: Re:	1048	12

9743	wF9	from		qui	vais	plein	1337619205	Re: Re:	1048	8

9745	wF9	from		con	jury	hein	1337618691		1049	58

9754	wF9	to		elle	trop	classe	1337630309	=?ISO-8859-1?B?UmU6IOAgcXVpIGxlIGRpcy10dSA6LSkgIQ==	1050	3

9755	wF9	from					1337630541	à qui le dis-tu :-) !	1051	0

9805	wF9	from		payez	promotions	recevrez	1337692290	Fwd: Rosedeal QUICK : des recettes savoureuses  pour tous les go=FBts, dès mercredi 23 mai 7h	1056	195

9825	wF9	from		fortement	téléphoné	sèche	1337700076	personne débile : préoccupation débile	1061	109

9826	wF9	to		aux	halles		1337700714	Re: personne débile : préoccupation débile	1061	2

9827	wF9	from		mais	dans	elle	1337701165	Re: personne débile : préoccupation débile	1061	11

9828	wF9	from		fait	vais	sans	1337701145		1062	12

9830	wF9	from		toute	soeur	attend	1337701429		1063	29

9885	wF9	from		pas	où	avis	1337768242		1074	5

10107	wF9	to		ça	rien	honteux	1337957669	Re:	1100	3

10108	wF9	from		pas	même	quand	1337957898	Re: Re:	1100	6

10106	wF9	from		envie	printemps	chou	1337957776		1101	5

10110	wF9	from		pas	sur	bien	1337959092		1102	8

10334	wF9	to		message	forwarded		1338280951	Fwd: Venez rencontrer le réalisateur BENJAMIN RENNE R =21	1122	2

10331	wF9	from		que	est	pour	1338288660	Re: Venez rencontrer le réalisateur BENJAMIN  RENNER !	1122	9

10333	wF9	to		aurais	savoir	tard	1338289512	Re: Venez rencontrer le réalisateur BENJAMIN RENNER  =21	1122	30

10330	wF9	from		pense	place	peux	1338289941	Re: Venez rencontrer le réalisateur BENJAMIN  RENNER !	1122	20

10329	wF9	to		que	une	moi	1338290774	Re: Venez rencontrer le réalisateur BENJAMIN RENNER  =21	1122	8

10328	wF9	from		pas	elle	peut	1338291276	Re: Venez rencontrer le réalisateur BENJAMIN  RENNER !	1122	7

10339	wF9	from		que	faire	ton	1338289532		1123	7

10342	wF9	to		les	situation	réponse	1338289597	Re:	1123	4

10340	wF9	from		les	mais	ça	1338289871	Re: Re:	1123	10

10337	wF9	to		chance	petite	mercredi	1338290710	Re: Re:	1123	21

10338	wF9	from		puisse	dernier	sois	1338291248	Re: Re: Re:	1123	42

10341	wF9	from		que	est	pour	1338291315	Re: Re: Re:	1123	9

10345	wF9	from		que	est	enfin	1338289904		1124	9

10346	wF9	to		oui	crois	ben	1338290724	Re:	1124	3

10344	wF9	from		quatre			1338291291	Re: Re:	1124	1

10357	wF9	to		message	forwarded		1338299937	Fwd: Invitations UGC ILLIMITE confirmees	1127	2

10358	wF9	from		dans	dire	quoi	1338300532		1128	13

10462	wF9	from		maturité	demoiselles	gène	1338375916	C'est un message de Virginie ... se foutrait-elle pas de la gueule du monde ????	1135	61

10460	wF9	to		est	elle	vraiment	1338376609	Re: C'est un message de Virginie ... se foutrait-elle pas de la  gueule du monde ????	1135	4

10459	wF9	from		acheté	tests	quitte	1338377034	Re: C'est un message de Virginie ... se foutrait-elle pas de la gueule du monde ????	1135	29

10465	wF9	from		atroce	caprice	centimes	1338376478		1136	130

10463	wF9	to		foutu	visualise	paix	1338376860	Re:	1136	90

10464	wF9	from		que	est	les	1338377341	Re: Re:	1136	9

10469	wF9	from		que	mais	moi	1338376555		1137	10

10466	wF9	to		fait	aller	trop	1338376595	Re:	1137	15

10468	wF9	from		métro	oublié	entendre	1338376972	Re: Re:	1137	22

10467	wF9	from					1338390718	Re: Re:	1137	0

10461	wF9	to		est	les	autres	1338376886	Re: C'est un message de Virginie ... se foutrait-elle pas de la  gueule du monde ????	1138	5

10470	wF9	from		cul	brève	exaspère	1338377185		1139	65

10472	wF9	to		image	[image	inline	1338377859	Re:	1139	3

10473	wF9	from		est	pour	qui	1338378282	Re: Re:	1139	3

10475	wF9	from		fois	matin	mardi	1338377286		1140	22

10476	wF9	to		mais	faut	après	1338377901	Re:	1140	13

10478	wF9	from		instant	costume	réceptionné	1338377365		1141	3

10479	wF9	to		parce	faut	ils	1338377946	Re:	1141	14

10474	wF9	to		ça	fait	par	1338378166	Re: Re:	1143	9

10471	wF9	from		honte	jolie	réalisé	1338477075	Re: Re: Re:	1143	91

10489	wF9	from		ça	comme	voir	1338379560		1144	12

10566	wF9	to		pour	tes	aiguilles	1338476864	Re: attention ce mail peut faire peur =21 attention de nts qui courent après le bifteck en vue :-) =21	1154	4

10572	wF9	from		juste	violette	impression	1338477263	Re: attention ce mail peut faire peur ! attention  dents qui courent après le bifteck en vue :- ) !	1154	17

10569	wF9	to		que	pas	était	1338477281	Re: attention ce mail peut faire peur =21 attention de nts qui courent après le bifteck en vue :-) =21	1154	6

10568	wF9	from		pas	ça	comme	1338477513	Re: attention ce mail peut faire peur ! attention  dents qui courent après le bifteck en vue :- ) !	1154	9

10564	wF9	from		envoyer	mets	euh	1338476904	attention ce mail peut faire peur ! attention den ts qui courent après le bifteck en vue :-) !	1155	58

10567	wF9	to		pouvait	fera	vraie	1338477413	Re: attention ce mail peut faire peur =21 attention de nts qui courent après le bifteck en vue :-) =21	1156	37

10573	wF9	from		petite	allais	phrase	1338477976	Re: attention ce mail peut faire peur ! attention  dents qui courent après le bifteck en vue :- ) !	1156	25

10570	wF9	to		une	est	moi	1338477867	Re: attention ce mail peut faire peur =21 attention de nts qui courent après le bifteck en vue :-) =21	1157	9

10571	wF9	from		vais	maintenant	petite	1338478127	Re: attention ce mail peut faire peur ! attention  dents qui courent après le bifteck en vue :- ) !	1157	9

10565	wF9	from		est	qui	mais	1338478153	Re: attention ce mail peut faire peur ! attention  dents qui courent après le bifteck en vue :- ) !	1157	12

10582	wF9	to		mais	comme	peux	1338477893	Re:	1159	12

10589	wF9	from		que	hier	envoyée	1338478338	Re: Re:	1159	3

10578	wF9	to		veux	mail	ton	1338478398	Re: Re:	1159	22

10579	wF9	from		ça	moi	mon	1338478765	Re: Re: Re:	1159	9

10585	wF9	to		réalisé	psy	continué	1338478922	Re: Re: Re:	1159	146

10588	wF9	from		que	sur	elle	1338479346	Re: Re: Re: Re:	1159	10

10577	wF9	to		commun	tenue	copines	1338479539	Re: Re: Re: Re:	1159	117

10580	wF9	from		très	mon	toujours	1338480010	Re: Re: Re: Re: Re:	1159	12

10586	wF9	to		lui	alors	crois	1338480097	Re: Re: Re: Re: Re:	1159	13

10576	wF9	to		pas	est	être	1338480119	Re: Re: Re: Re: Re:	1159	7

10583	wF9	from		pas	les	elle	1338480801	Re: Re: Re: Re: Re: Re:	1159	5

10575	wF9	from		sur	mon	mail	1338478002		1160	3

10594	wF9	from		mangez	miel	pizzas	1338479516	Fwd: Une vague de nouveautes chez Pizza Hut	1161	93

10581	wF9	to		soit	prends	ben	1338480712	Re: Re: Re: Re: Re: Re:	1162	27

10584	wF9	from		des	sont	tops	1338481072	Re: Re: Re: Re: Re: Re: Re:	1162	3

10587	wF9	to		tops	complexer	fringues	1338481653	Re: Re: Re: Re: Re: Re: Re:	1162	65

10602	wF9	from		arrête	rentrée	entend	1338482042		1163	45

10604	wF9	to		mets	droite	période	1338482088	Re:	1164	36

10603	wF9	from		pour	mais	elle	1338482159		1165	12

10643	wF9	to		message	forwarded		1338541970	Fwd: Rendez-vous mardi 5 juin au musée du quai Bran ly	1167	2

10800	wF9	from		quatrième	vomi	jouets	1338883509		1178	36

10820	wF9	from		linge	secondes	étendre	1338899100		1181	39

10823	wF9	to		que	elle	tout	1338900729	Re:	1182	14

10825	wF9	from		tablette	dos	gagner	1338901054	Re: Re:	1182	56

10824	wF9	to		enfants	idée	personne	1338901402	Re: Re:	1182	23

10822	wF9	from		faire	peux	sais	1338900805		1183	18

10886	wF9	from		sac	rouge	remis	1338976482		1192	31

10975	wF9	to		message	forwarded		1339067975	Fwd: Confirmation de votre commande	1199	2

10985	wF9	from		aurai	manger	regarder	1339079262		1200	48

10986	wF9	to		est	ton	sas	1339079361	Re:	1200	3

10987	wF9	from		quelle	réponse		1339081366	Re: Re:	1200	2

11308	wF9	from		aller	soir	vas	1339504864		1224	5

11309	wF9	to					1339504965	Re:	1224	0

11313	wF9	from		plus	avec	même	1339505086		1225	9

11312	wF9	to		plus	avec	même	1339506146	Re:	1225	9

11314	wF9	from		hein	comprendo		1339507350	Re: Re:	1225	2

11310	wF9	to		pas	est	toi	1339507302	Re: Re:	1227	8

11311	wF9	from		bien	avais	alors	1339507874	Re: Re: Re:	1227	4

11364	wF9	from		louis	tombe	delà	1339530487		1232	36

11404	wF9	to					1339580883	French Cancan (Monsieur Sainte Nitouche)	1236	0

11409	wF9	from		lequel	partout	rajoute	1339582956		1238	36

11408	wF9	to		pas	est	une	1339582973	Re:	1238	10

11411	wF9	from		livré	sol	jambes	1339583328		1239	40

11412	wF9	from		victor	violette	parle	1339583462		1240	19

11414	wF9	from		très	chez	victor	1339583780		1241	13

11415	wF9	to		victor	soit	violette	1339584111	Re:	1241	23

11432	wF9	from		moins	bonne	quoi	1339594823		1243	14

11436	wF9	to		physiquement	moralement		1339595257	Re:	1244	2

11435	wF9	from		trop	deux	envie	1339595757	Re: Re:	1244	21

11434	wF9	from		pas	bien	tout	1339595319		1245	8

11437	wF9	from		essayé	grosse	manger	1339595874		1246	34

11438	wF9	to		plus	pas	que	1339596539	Re:	1246	19

11797	wF9	from		fermé	aéré	rép	1340025036	Fwd: Centre aéré pour cet été	1283	88

11805	wF9	from		voir	aller	midi	1340031884		1284	4

11804	wF9	to		sur	suis	fait	1340032836	Re:	1284	11

11874	wF9	from		bfavions	chambord	compagnies	1340093334	Fwd: réponse à votre demande du 30JUL2011	1293	303

11887	wF9	to		fini	parlé	attendre	1340110315	=?ISO-8859-1?B?ZOlzb2zp	1295	62

11888	wF9	from		aimerait	nulle	connasse	1340126844	Re: désolé	1295	141

11892	wF9	from		pour	bonne	chance	1340114585		1296	4

11893	wF9	to					1340114995	Re:	1296	0

11908	wF9	from					1340133474	N'est-ce pas le genre de chose qui te plairait ?	1297	0

11952	wF9	from		dire	son	victor	1340186004		1301	9

11954	wF9	to		mercredi	grosse	fatigue	1340186035	Re:	1302	8

11956	wF9	from		taper	payer	conneries	1340186475	Re: Re:	1302	29

11955	wF9	from		vraiment	vais	déjà	1340186116		1303	6

11966	wF9	from		les	avec	vais	1340188744		1304	7

11964	wF9	to		sais	rien	soir	1340197231	Re:	1304	14

11965	wF9	from		soir	demain	hui	1340207699	Re: Re:	1304	21

12455	wF9	from		mon	faut	fais	1340715778		1339	13

12457	wF9	to		message	forwarded		1340716041	Fwd: Votre paiement à Fifi Mandirac	1340	2

12458	wF9	from		les	pour	mon	1340716406	Re: Votre paiement à Fifi Mandirac	1340	10

12462	wF9	from		tienne	fout	cauchemar	1340716594		1341	89

12461	wF9	to		pensent	raciste	raisonnement	1340719087	Re:	1341	100

12465	wF9	from		entendu	michel	oeuvre	1340719728	Re: Re:	1341	35

12464	wF9	to		côté	gens	savoir	1340720134	Re: Re:	1341	21

12463	wF9	from		fais	rien	quoi	1340720492	Re: Re: Re:	1341	27

12466	wF9	from		qui	voilà	ben	1340716682		1342	6

12469	wF9	from		que	pas	fait	1340720510		1343	8

12470	wF9	to		que	faire	fait	1340720635	Re:	1343	10

12572	wF9	from		sinon	père	vite	1340802625		1353	19

12573	wF9	to		pas	mais	suis	1340802874	Re:	1353	11

12574	wF9	to		imagine	tiens	impossible	1340802954	Re:	1353	24

12571	wF9	from		enfants	chez	partir	1340803406	Re: Re:	1353	15

12589	wF9	from		prenne	orange	viendra	1340809772	Fwd: Voyagea à Nice	1355	63

12825	wF9	from		ton	avais	dis	1341222076		1374	14

12824	wF9	to		lire	commencé	libre	1341222121	Re:	1374	38

12823	wF9	from		organisation	petites	précisément	1341237442	Re: Re:	1374	55

12821	wF9	to		acheter	jeux	meilleur	1341238482	Re: Re:	1374	77

12822	wF9	from		posait	agir	armoire	1341239167	Re: Re: Re:	1374	68

12820	wF9	to		sais	oui	déjà	1341239186	Re: Re: Re:	1374	16

12835	wF9	to		original	bme	jér	1341226481	Fw: CUKIER VICTOR MR(CHD), votre voyage du 22/07/12, your trip on 22/07/12	1375	20

12836	wF9	to		message	original		1341226730	Fw: CUKIER VIOLETTE MRS(CHD), votre voyage du 22/07/12, your trip on 22/07/12	1376	2

12837	wF9	to		message	original		1341226752	Fw: DEBERRE CORALIE MRS, votre voyage du 22/07/12, your trip on 22/07/12	1377	2

12840	wF9	to		message	original		1341226771	Fw: Air France : Mémo EMD 	1378	2

12838	wF9	to		message	original		1341226788	Fw: Air France : Mémo EMD 	1379	2

12848	wF9	to		peut	lui	oui	1341238408	Re:	1380	15

12849	wF9	from		musique	dirait	danse	1341239040	Re: Re:	1380	28

12850	wF9	to		bien	avant	dernière	1341239229	Re: Re:	1380	12

12847	wF9	from		ailleurs	juillet	soient	1341238443		1381	21

12905	wF9	to		reliance	houriez	regis	1341299864	tr: avocat	1390	155

13027	wF9	from		cela	enfin	pris	1341404131		1400	18

13028	wF9	to		manger	demi	fête	1341404968	Re:	1400	49

13252	wF9	from		aurai	livres	jer	1341581249		1432	51

13251	wF9	to		spiderman	télérama	brownie	1341581490	Re:	1432	105

13260	wF9	to					1341586164	le truc c'est que je peux pas te parler complètemen t librement=2C n'étant pas seul	1433	0

13259	wF9	from		dire	monde	dernière	1341586497	Re: le truc c'est que je peux pas te parler compl ètement librement, n'étant pas seul	1433	15

13258	wF9	to		temps	donc	peu	1341586883	Re: le truc c'est que je peux pas te parler complèt ement librement=2C n'étant pas seul	1433	19

13277	wF9	to		pour	message	info	1341589850	Fwd: Invitations pour le ciné-concert L=92HEURE SUP R=CAME =21	1439	4

13279	wF9	from		aller	veux		1341593947	Re: Invitations pour le ciné-concert L=92HEUR E SUPR=CAME !	1439	2

13384	wF9	from		cukier	coralie	travail	1341818507		1446	14

13479	wF9	from		entre	quoi	prendre	1341907521		1459	16

13485	wF9	from		chez	dois	type	1341917902		1462	14

13567	wF9	to		quand	peux	veux	1341996694	Re:	1471	7

13568	wF9	from		pas	des	mon	1341996801		1472	7

13635	wF9	from		ça	petit	dirait	1342080778		1476	4

13642	wF9	from		vais	madame	définitivement	1342085456		1478	5

13643	wF9	to		est	qui	passé	1342085645	Re:	1478	4

13663	wF9	to		elle	fait	comme	1342096538	tu savais qu'il y avait ça?	1480	6

13889	wF9	to		mais	faire	peux	1342451737	Re:	1500	8

13890	wF9	to		ça	comme	donc	1342452091	Re:	1500	4

13891	wF9	from		hui	aujourd	doit	1342452347	Re: Re:	1500	19

13892	wF9	from		suis	vais	oui	1342452608	Re: Re:	1500	4

13895	wF9	to		vaugirard	procéder	avocats	1342451884	affaire Deberre-Loné (ref: Stéphanie Boyer-Cavoizy )	1501	63

13894	wF9	from		mail	envoyé	avocate	1342451956		1502	3

13893	wF9	to		est	fait		1342452517	Re: Re:	1503	2

13948	wF9	from		avait	plein	écrire	1342529741	morceau choisi pour rigoler un peu !	1506	9

13949	wF9	from		pas	elle	des	1342529923		1507	10

14000	wF9	to					1342562629	documents à imprimer	1513	0

14070	wF9	to		aéroport	lorax	pensant	1342635757	Bien arrivé	1520	57

14149	wF9	to		immense	magasin	rapporter	1342711447	coucou	1533	93

14150	wF9	from		argent	agence	bus	1342729401	Re: coucou	1533	47

14148	wF9	to		utiliser	moitié	argent	1342729575	Re: coucou	1533	50

14153	wF9	to		que	pas	les	1342729633	Re: coucou	1533	9

14160	wF9	from		tout	fait	comme	1342730207	Re: coucou	1533	12

14159	wF9	from		venait	caisse	renvoyer	1342730300	Re: coucou	1533	41

14157	wF9	to		octobre	vol	assure	1342730510	Re: coucou	1533	90

14156	wF9	from		tard	envoie	lettre	1342730968	Re: coucou	1533	31

14167	wF9	to		ça	par	donc	1342711935	Re:	1534	7

14166	wF9	from		ans	violette	met	1342711955		1535	3

14158	wF9	to		grave	écoute	ouvrir	1342730272	Re: coucou	1536	29

14161	wF9	from		est	pas	qui	1342730789	Re: coucou	1536	7

14182	wF9	from		peux	mail	objet	1342730339		1537	10

14154	wF9	to		tout	comme	bon	1342730544	Re: coucou	1538	13

14163	wF9	to		écoles	écrive	justifie	1342730645	Re: coucou	1538	58

14147	wF9	from		faire	moi	quand	1342731028	Re: coucou	1538	14

14155	wF9	to		peux	faut	possible	1342730747	Re: coucou	1539	23

14151	wF9	to		que	pour	suis	1342730808	Re: coucou	1539	14

14165	wF9	from		des	qui	ça	1342731286	Re: coucou	1539	13

14162	wF9	from		billet	expiration	réclamation	1342731447	Re: coucou	1539	65

14164	wF9	from		savoir	mention	rendre	1342731675	Re: coucou	1539	31

14152	wF9	to		est	bon	veux	1342732348	Re: coucou	1539	8

14183	wF9	to		envoie	rentrer	coucher	1342731055	Re:coucou	1540	47

14201	wF9	from		quand	dit	ton	1342731464		1542	7

14195	wF9	to		fait	après	oui	1342732290	Re:	1542	11

14187	wF9	from		avait	mail	fais	1342732720	Re: Re:	1542	14

14202	wF9	to		dedans	attendais	cash	1342732720	Re: Re:	1542	58

14189	wF9	from		que	pas	est	1342733118	Re: Re: Re:	1542	8

14194	wF9	to		reçu	euh	agence	1342732919	Re: Re: Re:	1543	35

14184	wF9	from		qui	bon	avais	1342733324	Re: Re: Re: Re:	1543	15

14191	wF9	to		alors	oui	plait	1342733144	Re: Re: Re: Re:	1544	3

14196	wF9	from		voir	avais	ils	1342733519	Re: Re: Re: Re: Re:	1544	20

14185	wF9	to		pas	que	bon	1342733260	Re: Re: Re: Re: Re:	1545	8

14193	wF9	from		est	ça	pas	1342733648	Re: Re: Re: Re: Re: Re:	1545	12

14198	wF9	to		juste	tes	long	1342733427	Re: Re: Re: Re: Re: Re:	1546	21

14199	wF9	from		cet	air	grave	1342733863	Re: Re: Re: Re: Re: Re: Re:	1546	27

14197	wF9	to		rassure	trouvais	permanence	1342734078	Re: Re: Re: Re: Re: Re:	1546	241

14188	wF9	from		failli	téléphoner	avocat	1342734797	Re: Re: Re: Re: Re: Re: Re:	1546	160

14192	wF9	to		conviction	prie	parfaite	1342739096	Re: Re: Re: Re: Re: Re: Re:	1546	174

14186	wF9	to		suis	faire	comme	1342733620	Re: Re: Re: Re: Re: Re: Re:	1547	12

14200	wF9	from		est	ça	comme	1342733982	Re: Re: Re: Re: Re: Re: Re: Re:	1547	8

14190	wF9	from		est	faire	temps	1342734029	Re: Re: Re: Re: Re: Re: Re: Re:	1547	8

14206	wF9	to		par	choix	nécessité	1342733805	Re:	1548	4

14204	wF9	from		centre	courses	fête	1342734258	Re: Re:	1548	23

14208	wF9	to		super			1342734405	Re: Re:	1548	1

14205	wF9	from		comme	quand	veux	1342735015	Re: Re: Re:	1548	14

14207	wF9	from		les	ont	enfants	1342733898		1549	6

14209	wF9	from		crois	victor	petite	1342734894		1550	20

14216	wF9	from		pas	mais	suis	1342740142		1551	6

14217	wF9	from		pas	mais	ça	1342740185		1552	10

14218	wF9	to		voudrait	populaire	bâtiments	1342747176	Re:	1552	173

14245	wF9	from		des	par	besoin	1342765859	URGENT !!!!	1555	9

14244	wF9	to		toujours	soir	donne	1342779371	Re: URGENT !!!!	1555	12

14240	wF9	to		est	ça	fait	1342779441	Fwd: 7078	1556	9

14239	wF9	from		donc	faut	rien	1342782357	Re: 7078	1556	14

14241	wF9	to		ça	avec	fait	1342784394	Re: 7078	1556	10

14242	wF9	from		mettre	sens	ben	1342787947	Re: 7078	1556	20

14263	wF9	from		que	ça	bien	1342787880		1557	9

14262	wF9	to		les	veux	détails	1342788239	Re:	1557	5

14261	wF9	from		est	bien	vraiment	1342788648	Re: Re:	1557	4

14317	wF9	from		dur	grave	bcp	1342814884		1569	38

14318	wF9	to		est	suis	vraiment	1342815094	Re:	1569	8

14315	wF9	from		orly	plombes	énerver	1342816006	Re: Re:	1569	190

14316	wF9	to		garder	rôle	sensible	1342816139	Re: Re:	1569	56

14314	wF9	from		tendu	interne	expliquant	1342816833	Re: Re: Re:	1569	79

14322	wF9	to		from	some	sent	1342819512	Re:	1571	6

14325	wF9	from		net	faudrait	serai	1342819996	Re: Re:	1571	22

14324	wF9	from		pas	mais	envoyé	1342820499	Re: Re:	1571	7

14323	wF9	from		des	peux	veux	1342819781		1572	13

14330	wF9	from		prions	renseignements	requête	1342825697	Fwd: Votre demande concernant AIR FRANCE a bien  été enregistrée 	1573	199

14352	wF9	to		elle	from	fait	1342869378	Passe voir la gardienne	1574	13

14354	wF9	from		être	bon	voir	1342881756	Re: Passe voir la gardienne	1574	13

14350	wF9	to		sent	alors	mobile	1342881541	Re: Passe voir la gardienne	1578	14

14353	wF9	from		retour	finalement	général	1342881962	Re: Passe voir la gardienne	1578	21

14349	wF9	to		sais	sent	mobile	1342882234	Re: Passe voir la gardienne	1578	20

14351	wF9	from		retour	avons	fête	1342888048	Re: Passe voir la gardienne	1578	30

14374	wF9	from		que	est	marque	1342888933		1585	7

14377	wF9	to		les	pour	from	1342893478	Statue de la liberté	1586	8

14399	wF9	from		père	vas	tête	1342949768		1588	25

14398	wF9	to		sent	faut	fois	1342951435	Re:	1588	13

14472	wF9	to		pense	sent	bisous	1343077088	Je sais pas si tu as internet...	1601	21

14726	wF9	to		passent	musées	contrairement	1343397063		1624	86

14880	wF9	from		violette	centre	troisième	1343668557		1637	32

14885	wF9	to		essaient	horribles	perturbé	1343673156		1638	239

14884	wF9	from		endurer	iceberg	immergée	1343674495	Re:	1638	354

14887	wF9	from		alban	creux	ordi	1343675134		1639	130

14889	wF9	from		rejoint	filer	opportunité	1343676495		1640	91

14888	wF9	to		préférez	coupable	coupes	1343677923	Re:	1640	286

14914	wF9	to		fait	sais	part	1343686530	Re:	1642	15

14897	wF9	from		pas	est	sur	1343687057	Re: Re:	1642	10

14906	wF9	from		pour	bon	sais	1343687129	Re: Re:	1642	6

14900	wF9	from		français	pose	play	1343686719		1643	27

14915	wF9	to		ça	bien	suis	1343686821	Re: Re:	1644	13

14912	wF9	to		moi	dis		1343686832	Re: Re:	1645	2

14899	wF9	to		nouveau	chat		1343686842	Re: Re:	1645	2

14907	wF9	to		qui	dit	vrai	1343686858	Re: Re:	1645	7

14898	wF9	to		une	autre	sera	1343686883	Re: Re:	1645	6

14903	wF9	from		pas	aux	cela	1343687264	Re: Re: Re:	1645	5

14908	wF9	from		non	déjà	ben	1343687282	Re: Re: Re:	1645	3

14896	wF9	from		poussière	puces	couvertes	1343687477	Re: Re: Re:	1645	114

14901	wF9	to		là	parce	dis	1343687267	Re: Re: Re:	1646	18

14910	wF9	from		comme	rien	lot	1343687721	Re: Re: Re: Re:	1646	24

14911	wF9	to		est	qui	mais	1343687861	Re: Re: Re: Re:	1646	11

14902	wF9	from		boutons	cesse	folie	1343688582	Re: Re: Re: Re: Re:	1646	41

14913	wF9	to		tout	être	possible	1343688432	Re: Re: Re: Re: Re:	1647	18

14905	wF9	from		chouette	manger	éducation	1343688865	Re: Re: Re: Re: Re: Re:	1647	23

14909	wF9	to		ainsi	euh	livres	1343688735	Re: Re: Re: Re: Re: Re:	1648	42

14904	wF9	from		suis	là	ces	1343713681	Re: Re: Re: Re: Re: Re: Re:	1648	7

14952	wF9	from		mademoiselle	électronique	afnce	1343745215	Fwd: réponse à votre demande du 31JUL2012	1651	191

14953	wF9	from		maatschappij	notifier	prions	1343745224	Fwd: réponse à votre demande du 27JUL2012	1652	145

15033	wF9	from		retourné	dérange	attire	1343834393		1659	73

15032	wF9	to		sois	pourrais	manque	1343838566	Re:	1659	36

15031	wF9	from		pas	est	que	1343839200	Re: Re:	1659	8

15193	wF9	to		bisous	mobile	mes	1344017563	Sur le depart	1685	20

15284	wF9	to		semaine	octobre		1344264108	Re:	1692	2

15285	wF9	from		vas	répondre	loin	1344264406		1693	24

15515	wF9	to		serai	rdv	rentrer	1344519126	Re:	1725	30

15513	wF9	from		pas	les	là	1344519599	Re: Re:	1725	8

15514	wF9	from		truc	dois	savoir	1344519274		1726	19

15512	wF9	to		pas	bon	alors	1344519350	Re: Re:	1727	9

15516	wF9	from		après	avant	veux	1344519802		1728	16

15581	wF9	to		intervenir	pattes	attendu	1344596060		1735	89

16412	wF9	to		passées	voulez	baisers	1346011570	Bonjour Paris	1810	59

16851	wF9	to		octobre			1346627279	Re:	1843	1

16850	wF9	from		les	peux	tes	1346627587		1844	7

16871	wF9	from		vital	maif	tarifs	1346660060		1845	55

16870	wF9	to		remboursés	soins	centres	1346660830	Re:	1845	71

16875	wF9	to		est	qui	avais	1346662248	Re:	1846	12

16873	wF9	to		réseau	lors	courses	1346662644	Re:	1846	54

16874	wF9	from		grave	acheter	revient	1346664398	Re: Re:	1846	41

16876	wF9	to		courses	appelé	grosses	1346666052	Re: Re:	1846	71

16877	wF9	from		marque	acheté	lait	1346662322		1847	103

17053	wF9	from		manges	coquilles	discret	1346853353		1869	227

17054	wF9	to		conscient	finesse	placer	1346855132	Re:	1869	286

17123	wF9	to		rapproche	cloche	échangé	1346917428	trop tard	1879	481

17127	wF9	to		glace	prépare	reçus	1346922340	j'ai peut-être menti quand je disais que je ne viva is pas dans les souvenirs	1880	140

17325	wF9	to		ted	connaissez	délicat	1347269149	bonjour	1889	128

17350	wF9	to		message	forwarded		1347281285	Fwd: Votre commande Amazon.fr pour "Alice au pays de s merveilles" a été expédiée.	1892	2

17426	wF9	to		message	forwarded		1347369907	=?ISO-8859-1?B?RndkOiBWb3RyZSBjb21tYW5kZSBBbWF6b24uZnIgcG91ciAiVmlsYWMgLSA1ODI1IC0gSQ== =?ISO-8859-1?B?bWl0YXRpb24gLS4uLiIgYSDpdOkgZXhw6WRp6WUu	1897	2

17432	wF9	to		pas	qui	était	1347373112	Re:	1898	5

17431	wF9	from		que	dernière	année	1347373830	Re: Re:	1898	4

17430	wF9	from		soir	jeudi	victor	1347373274		1899	15

17450	wF9	to		from	some	sent	1347396441	Pourquoi est ce que tu fais ca?	1901	5

17456	wF9	to		continuer	moyens	sylvain	1347397787		1904	88

17691	wF9	to		vraiment	coralie	mère	1347610265	Re:	1923	8

17690	wF9	from		mère	retirer	plainte	1347610467		1924	3

17872	wF9	from		ancien	chateau	hôpital	1347869137		1947	46

17875	wF9	to		excellent	choix		1347869762	Re:	1948	2

17874	wF9	from		avec	écoute	jolie	1347870100		1950	5

17876	wF9	from		compte	fond	trouvé	1347870460		1951	16

17879	wF9	to		facilement	circonstances	regretter	1347871349	Re:	1952	53

17880	wF9	from		plaisir	bcp	répondre	1347871517		1953	30

17893	wF9	to		est	qui	lui	1347882431	Re:	1954	4

17891	wF9	from		galeries	guérir	lafayette	1347883159	Re: Re:	1954	116

17892	wF9	from		pas	bien	vraiment	1347882486		1955	4

17896	wF9	to		fait	non	truc	1347883210	Re:	1956	16

17895	wF9	from		différences	imagines	promis	1347883939	Re: Re:	1956	58

17897	wF9	from		peur	texto	catherine	1347883424		1957	41

17901	wF9	to		les	non	risque	1347883796	Re:	1958	5

17902	wF9	from		une	sur	non	1347884356	Re: Re:	1958	9

17900	wF9	from		monop	bonbons	maxi	1347884046		1959	53

17909	wF9	from		david	dur	fallait	1347888593		1960	40

17911	wF9	from		que	pas	dire	1347889107		1961	10

17913	wF9	to		assister	cimetière	décider	1347889718	Re:	1961	61

17915	wF9	from		pas	est	là	1347890657	Re: Re:	1961	9

17917	wF9	to		enterrement	voulaient	fallu	1347890616	Re: Re:	1962	92

17912	wF9	from		trop	lui	maintenant	1347891168	Re: Re: Re:	1962	29

17914	wF9	to					1347890921	Re: Re: Re:	1963	0

17916	wF9	to		ils	envie	reste	1347891060	Re: Re: Re:	1963	27

17919	wF9	to		message	forwarded		1347891073	Fwd: Votre commande Amazon.fr pour Le Skylab" et 2 a utre(s) article(s) a été expédiée.	1964	2

17930	wF9	from		vais	son	crois	1347896476		1967	12

17935	wF9	from		plus	aller	maintenant	1347897519		1968	5

17934	wF9	to					1347897537	Re:	1968	0

17940	wF9	from		ces	toute	train	1347898427		1970	13

17944	wF9	from		trucs	veut	violette	1347899250		1971	20

17943	wF9	to		pas	elle	ses	1347900291	Re:	1971	7

17992	wF9	from		surtout	demande	dedans	1347953482		1979	21

17993	wF9	from		exactement	disant	stress	1347953632		1980	28

17994	wF9	to		mutuelle	régime	papiers	1347954476	Re:	1980	51

18000	wF9	from		attitude	tombe	contacté	1347954749		1981	43

18001	wF9	to		véritable	convaincu	risqué	1347954797	Re:	1981	94

18004	wF9	from		bien	ils	ont	1347955926		1983	8

18008	wF9	to		passer	père	façons	1347956009	Re:	1983	28

18009	wF9	from		pensent	barre	téléphoner	1347957235	Re: Re:	1983	103

18005	wF9	to		fragile	unie	dévier	1347957097	Re: Re:	1984	124

18007	wF9	from		raconte	track	tombe	1347957828	Re: Re: Re:	1984	38

18006	wF9	to		quiconque	souvenais	oncles	1347957730	Re: Re: Re:	1985	108

18002	wF9	from		garde	bah	colère	1347958383	Re: Re: Re: Re:	1985	58

18003	wF9	to		chier	occasions	immonde	1347959108	Re: Re: Re: Re:	1985	61

18012	wF9	from		violette	train	école	1347958424		1986	17

18014	wF9	from		mon	trop	fais	1347960418		1987	14

18033	wF9	to		oui			1347972157	Re:	1989	1

18034	wF9	from		exprès	pause	barbie	1347973253	Re: Re:	1989	56

18035	wF9	from		service	demander		1347972568		1990	2

18032	wF9	to		ça	quand	bisous	1347973006	Re: Re:	1991	13

18090	wF9	from		sur	bien	faire	1348051753		1992	11

18091	wF9	from		bouteille	laisses	fermer	1348051827		1993	41

18245	wF9	from		erré	fanfaronnes	incommensurable	1348237985		1999	206

18244	wF9	to		tâche	concentrer	mener	1348238632	Re:	1999	162

18250	wF9	from		que	des	plus	1348240129		2000	10

18360	wF9	from		une	pour	idée	1348491726		2006	7

18370	wF9	to		essayé	allé	photo	1348495635	Re:	2007	32

18371	wF9	from		marchait	sympas	armoire	1348496274	Re: Re:	2007	77

18368	wF9	to		dit	end	mère	1348495917	Re: Re:	2008	36

18369	wF9	from		bien	tard	pensais	1348496731	Re: Re: Re:	2008	16

18367	wF9	from		lui	peux	donner	1348495996		2009	5

18373	wF9	from		sauf	garde	remplacer	1348496318		2010	21

18372	wF9	to		son	bisous	moment	1348496378	Re: Re: Re:	2011	27

18374	wF9	from		fait	nous	sera	1348496396		2012	16

18377	wF9	from		faire	vais	guitare	1348499743		2013	3

18378	wF9	to		est	très	quoi	1348500057	Re:	2014	6

18380	wF9	from		plus			1348500795	Re: Re:	2014	1

18379	wF9	from		fait	voir	très	1348500442		2015	13

18431	wF9	to		est	qui	passe	1348559674	Re:	2018	4

18435	wF9	from		pas	ça	cuit	1348560416	Re: Re:	2018	5

18432	wF9	from		aussi	sais	quoi	1348559872		2019	15

18433	wF9	to		que	veux	passe	1348560110	Re: Re:	2020	4

18434	wF9	from		ça	rien	non	1348560943	Re: Re: Re:	2020	5

18438	wF9	to		oui	vers		1348562713	Re:	2022	2

18437	wF9	from		avec	bien	moi	1348562921		2023	10

18455	wF9	from		matin	maison	ceux	1348580108		2024	21

18516	wF9	to		pour	tout	fait	1348653388	Re:	2027	6

18520	wF9	from		que	est	une	1348653999	Re: Re:	2027	10

18517	wF9	to		pour	tout	fait	1348653571	Re: Re:	2029	6

18519	wF9	to		mère	histoire	facebook	1348653646	Re: Re:	2029	25

18521	wF9	from		plus	fait	ça	1348654094	Re: Re: Re:	2029	14

18518	wF9	from		que	bien	ton	1348653807		2030	7

18524	wF9	from		sur	dans	comme	1348654120		2031	10

18532	wF9	from		chez	vraiment	côté	1348661340		2034	25

18538	wF9	from		mais	suis	bon	1348662810		2035	12

18539	wF9	from		cela	avant	comment	1348662960		2036	12

18660	wF9	to		que	après	chose	1348758232	Re:	2055	5

18659	wF9	from		ça	vraiment	parce	1348758966	Re: Re:	2055	12

18661	wF9	from		est	aux	car	1348758609		2056	12

18726	wF9	from		veut	nuit	marche	1348839991		2057	26

18727	wF9	from		toute	personne	seule	1348840685		2058	31

18735	wF9	from		pas	france	voilà	1348847601		2059	8

18758	wF9	to					1348864829	http://www.novotel.com/fr/hotel-2122-novotel-brussels-centre-tour-noire/index.shtml	2060	0

18943	wF9	from		aller	toutes	bas	1349190491		2069	17

18988	wF9	to		oui			1349261530	Re:	2076	1

18989	wF9	from		les	une	ça	1349261530		2076	9

18990	wF9	from		comment			1349262290	Re: Re:	2076	1

19363	wF9	from		ton	maison	laissé	1349774528		2112	5

19362	wF9	to		laissé	pass	livres	1349780126	Re:	2112	36

19364	wF9	from		les	besoin	pris	1349774796		2113	6

19433	wF9	from		normal	allais	disais	1349868484		2117	31

19440	wF9	from		pas	bien	vraiment	1349870911		2118	7

19659	wF9	from		satisfaites	serviceclient	surtaxé	1350069121	Fwd: Confirmation de votre voyage X Brussels, Belgique le 9 nov. 2012	2134	281

19713	wF9	to		demain	juste	bonne	1350157916	Si t'es réveillée	2138	26

19714	wF9	to		demain	juste	bonne	1350157948	Si t'es réveillée	2139	26

19767	wF9	to		les	ça	bien	1350232943	Re:	2149	11

19770	wF9	from		départ	louis	homme	1350233706	Re: Re:	2149	56

19771	wF9	to		ça	hier	entendre	1350233272	Re: Re:	2150	9

19762	wF9	to		pas	encore	photos	1350233508	Re: Re:	2150	15

19765	wF9	from		immonde	cesse	monique	1350234216	Re: Re: Re:	2150	65

19769	wF9	from		est	top	salomé	1350233407		2151	3

19772	wF9	from		fée	enchantée	indigne	1350233890		2152	69

19763	wF9	to		chien	ouest	cheeseburger	1350234027	Re: Re: Re:	2153	50

19768	wF9	to		bien	sais	dis	1350234083	Re: Re: Re:	2153	19

19766	wF9	from		heureusement	plaint	clo	1350234757	Re: Re: Re: Re:	2153	49

19764	wF9	from		qui	comme	dit	1350234781	Re: Re: Re: Re:	2153	7

19775	wF9	to		une	not	merci	1350234184	Re:	2154	8

19773	wF9	from		est	comme	vraiment	1350235598	Re: Re:	2154	5

19774	wF9	from		bien	fait	voir	1350234286		2155	14

19786	wF9	from		fait	boris	chier	1350243922		2160	4

19787	wF9	to					1350246025	Re:	2160	0

19785	wF9	from		monsieur	passait	clé	1350246893	Re: Re:	2160	50

19791	wF9	to		donc	sais	pense	1350246683	Re:	2161	16

19789	wF9	from		les	pour	avec	1350247041		2162	11

19790	wF9	from		pas	est	normal	1350247106		2163	5

19794	wF9	from		imaginaire	croient	poney	1350250468		2164	92

19793	wF9	to		elle	rien	crois	1350250666	Re:	2164	4

19946	wF9	from		malveillant	médicamenteux	nervosité	1350401365		2194	380

19948	wF9	to		progrès	permanent	dépassé	1350401678	Re:	2194	148

19947	wF9	from		compagnie	suppose	culpabiliser	1350402483	Re: Re:	2194	54

19951	wF9	from		téloche	disney	musicale	1350402597		2195	58

19953	wF9	to		écris	devrais	emmener	1350403429	Re:	2195	48

19950	wF9	from		bonnes	loin	prix	1350404021	Re: Re:	2195	27

19954	wF9	to		pense	avait	enfin	1350405783	Re: Re:	2195	15

19952	wF9	from		des	sur	sais	1350416983	Re: Re: Re:	2195	14

19957	wF9	from		terre	gentille	violent	1350402699		2196	43

19956	wF9	to		vache	élevé	regardent	1350405692	Re:	2196	130

19955	wF9	from		parce	toujours	dis	1350417057	Re: Re:	2196	21

19960	wF9	from		semaine	prochaine	école	1350402725		2197	5

19958	wF9	to		est	une	dans	1350405725	Re:	2197	10

19959	wF9	from		autre	été	chez	1350417011	Re: Re:	2197	13

19964	wF9	from		chanson	ombre	trintignant	1350404656		2198	47

19965	wF9	to		celles	versions	paroles	1350405934	Re:	2198	42

19981	wF9	to		faites	bient	espérant	1350416046	Visite a Paris	2199	55

19983	wF9	from		voir	veux	car	1350416661		2201	17

19984	wF9	from		méchante	étonne	conne	1350417575		2202	64

19985	wF9	from		passée	compter	septembre	1350418874		2203	51

19986	wF9	from		imposer	bruxelles	achetée	1350419037		2204	38

19989	wF9	from		deux	jours	toute	1350419117		2205	19

19988	wF9	to		que	est	bien	1350425045	Re:	2205	10

19990	wF9	from		hors	immonde	verras	1350425776	Re: Re:	2205	48

19987	wF9	from		banane	caractériser	disants	1350471492	Re: Re:	2205	259

19991	wF9	from		ça	être	peu	1350423264		2206	12

19995	wF9	from		intelligente	manche	orchestre	1350425621	ATTENTION CONCENTRATION !	2207	106

19994	wF9	to		lolette	pan	récit	1350425871	Re: ATTENTION CONCENTRATION !	2207	88

19993	wF9	from		elle	comme	aussi	1350426673	Re: ATTENTION CONCENTRATION !	2207	7

19996	wF9	to		que	pas	suis	1350425934	Re:	2208	7

19997	wF9	from		prix	hôtel	ultra	1350426619	Re: Re:	2208	5

19998	wF9	from		des	qui	moi	1350426259		2209	9

20074	wF9	from		veux	madame	guinot	1350492147		2224	4

20093	wF9	from		donc	violette	aura	1350509007		2229	7

20254	wF9	from		padoc	paralant	paraître	1350657448		2256	685

20255	wF9	from		proposé	noah	drôle	1350658643		2257	31

20256	wF9	from		imprimer	animaux	facteurs	1350658668	A bien lire ...	2258	36

20260	wF9	from		demandais	horaire	atelier	1350660603		2259	56

20261	wF9	to		figées	habitation	hôte	1350672012	Re:	2259	592

20262	wF9	from		soignante	solitude	trouvées	1350685777	Re: Re:	2259	161

20276	wF9	from					1350664208	et voilà un bon article à lire même si rien  de nouveau sous le soleil pour moi ... 	2262	0

20281	wF9	from		elles	imagine	serai	1350665522	Les voilà quand même : sages puisque j'ai acc epté les simpsons :-) !	2263	21

20280	wF9	to		elles	imagine	serai	1350665800	Re: Les voilà quand même : sages puisque j'ai acce pté les simpsons :-) =21	2263	21

20278	wF9	from		jour	dernière	année	1350666525	Re: Les voilà quand même : sages puisque j'ai  accepté les simpsons :-) !	2263	21

20279	wF9	to		que	sur	bien	1350666477	Re: Les voilà quand même : sages puisque j'ai acce pté les simpsons :-) =21	2265	4

20285	wF9	from		nouveau	rentrée	dedans	1350667956		2266	16

20330	wF9	to		dans	ème	regarde	1350721599	Re:	2278	5

20329	wF9	from		veut	quelque	quel	1350722300	Re: Re:	2278	20

20331	wF9	from		est	pour	très	1350722060		2279	11

20347	wF9	to		devrais	allez	passent	1350755869		2280	51

20460	wF9	from		poser	inquiète	rentrée	1350982446		2288	21

20464	wF9	from		dis	tes	heure	1350983225		2289	16

20552	wF9	from					1351081133		2294	0

20561	wF9	from		est	dans	place	1351085900		2295	9

20560	wF9	to		quel	seul	importe	1351086062	Re:	2295	21

20562	wF9	from		même	là	niveau	1351086471	Re: Re:	2295	7

20632	wF9	to		aurons	constater	détestes	1351156343	je ne comprends pas	2302	232

20633	wF9	from		soir	enfants	oui	1351178018	Re: je ne comprends pas	2302	19

20653	wF9	from		être	peux	soir	1351178061		2303	16

20652	wF9	to		veux	quelle	effort	1351178240	Re:	2303	35

20656	wF9	from		victor	envoyé	venir	1351178453	Re: Re:	2303	19

20655	wF9	to		heure	sujet		1351178702	Re: Re:	2303	2

20654	wF9	from		est	avec	mère	1351179708	Re: Re: Re:	2303	4

20658	wF9	from		mais	où	vers	1351180341	Re: Re: Re:	2303	5

20657	wF9	to		que	être	autre	1351181065	Re: Re: Re:	2303	9

20663	wF9	from		les	pour	choses	1351183245		2304	9

20726	wF9	from		avoir	mail	puis	1351258963		2305	4

18593	wF9	to		message	forwarded		1351259147	Fwd:	2306	2

18594	wF9	from		une	qui	donc	1351259456	Re: Fwd:	2306	5

20731	wF9	from		envie	envoyé	doc	1351259670		2307	21

20730	wF9	to		mail	depuis	personne	1351259817	Re:	2307	15

20728	wF9	from		sur	livre	soyons	1351259792	Re: Re:	2308	5

20729	wF9	to		avais	compris		1351259899	Re: Re:	2308	2

20734	wF9	from		changer	choix	allais	1351260000		2309	22

20735	wF9	to		pense	où	moment	1351262057	Re:	2309	15

20733	wF9	from		dans	autre	sans	1351262504	Re: Re:	2309	11

20732	wF9	to		boucle	colère	comprend	1351262785	Re: Re:	2309	75

20749	wF9	to		atsuyo	brooklyn	extravaganza	1351274990	Fwd: ATSUYO ET AKiKO - SAMPLE SALE EXTRAVAGANZA iN NEW YORK	2310	86

20836	wF9	from		mienne	remplace	vienne	1351505669		2312	84

20837	wF9	to		baguette	disparaître	fervex	1351506366	Re:	2312	145

20839	wF9	from		juste	idée	besoin	1351506608	Re: Re:	2312	22

20838	wF9	to		fait	cela	mail	1351507314	Re:	2312	7

20835	wF9	from		fil	avocate	tranquille	1351508350	Re: Re:	2312	53

20843	wF9	from		pas	pour	mais	1351508149		2313	6

20844	wF9	to		dit	mail	suffit	1351508261	Re:	2313	3

20935	wF9	from		ordinateur	détour	maternelle	1351599525		2318	48

20934	wF9	to		pour	plus	moi	1351600846	Re:	2318	11

20939	wF9	from		string	tailles	gorge	1351601217		2319	69

20941	wF9	to		mois	points	tant	1351602002	Re:	2319	21

20940	wF9	from		qui	était	bonne	1351602606	Re: Re:	2319	7

20942	wF9	to		remarquer	servi	judicieux	1351603811	Re: Re:	2319	63

20947	wF9	from		est	fait	fois	1351601913		2320	8

20949	wF9	to		dire	peux	dernière	1351602069	Re:	2320	14

20945	wF9	from		est	dans	une	1351602080	Re: Re:	2320	11

20948	wF9	to		moi	donne	envoie	1351602196	Re:	2320	4

20946	wF9	from		merci			1351602359	Re: Re:	2320	1

20944	wF9	to		art	ème	agit	1351603708	Re: Re:	2320	26

20926	wF9	to		message	forwarded		1351603841	Fwd: Votre commande Amazon.fr pour Leapfrog - 80026  - Jeu =C9du..." et 3 autre(s) article(s) a été expédiée.	2321	2

21302	wF9	from		pas	ça	suis	1352105633		2344	7

21298	wF9	to		pas	dire	soir	1352105842	Re:	2344	7

21300	wF9	from		des	ça	bon	1352105877	Re: Re:	2344	13

21299	wF9	to		que	ça	sur	1352106015	Re:	2344	8

21301	wF9	from		encore	place	trucs	1352106589	Re: Re:	2344	30

21303	wF9	to		fleur	sachant	prise	1352106906	Re:	2344	40

21304	wF9	from		voulu	échange	lève	1352105932		2345	32

21305	wF9	to		les	sur	tout	1352106587	Re:	2345	7

21317	wF9	from		quand	non	dire	1352109972		2348	18

21318	wF9	from		sur	sans	travail	1352110978		2349	6

21319	wF9	from		fait	dit	ils	1352111765		2350	22

21321	wF9	from		verre	aie	cassé	1352112844		2351	4

21424	wF9	from		bouge	haine	crie	1352205465		2364	101

21425	wF9	to		indifférence	satisfaits	surprenant	1352214549	Re:	2364	429

21426	wF9	from		mais	ça	dire	1352205660		2365	14

21504	wF9	from		chaise	noirs	bonbons	1352283062		2374	53

21505	wF9	from		les	pour	merci	1352283187		2375	10

21526	wF9	from		sur	mon	vais	1352303038		2376	13

21610	wF9	from		suis	very	well	1352366654		2391	9

21609	wF9	to		you	can	yes	1352367049	Re:	2391	3

21616	wF9	from		ans	mère	envoyé	1352370629		2393	7

21625	wF9	from		dans	plus	trop	1352381382		2394	8

21627	wF9	to					1352381468	Re:	2394	0

21624	wF9	from		soeur	arnaud	result	1352381721	Re: Re:	2394	13

21626	wF9	from		ça	sur	tout	1352381942	Re: Re:	2394	9

21628	wF9	from		pour	que	ça	1352382073		2395	11

21629	wF9	to		proposer	peur	parles	1352383897	Re:	2395	31

21864	wF9	from		recommencent	consoler	déterminant	1352756255	Dans la vie, faut pas s'en faire ...	2410	182

21865	wF9	from		recommencent	consoler	déterminant	1352756972		2411	182

21902	wF9	to		soupçons	sourd	suivais	1352803878	mail parce qu'on ne va jamais avoir cette discussion	2419	2328

21973	wF9	from		puis	seul	oublié	1352866046		2428	31

21972	wF9	to					1352881128	Re:	2428	0

21991	wF9	from		pour	peux	téléphoner	1352889848		2429	4

21995	wF9	from		que	pas	faut	1352891581		2430	6

21997	wF9	from		elle	vais	compte	1352895559		2431	13

21999	wF9	from		tableau	contrat	entretien	1352895958		2432	17

22000	wF9	from		les	sur	mon	1352896015		2433	8

22001	wF9	from		quantité	reservation	oxybul	1352898033	Fwd: CONFIRMATION DE VOTRE RESERVATION : peux-tu  aller le chercher ??? il est pas réglé  !	2434	74

22289	wF9	from		oublié	sors	musées	1353338876		2454	38

22290	wF9	to		pas	suis	chez	1353338970	Re:	2454	7

22288	wF9	to		pas	suis	chez	1353340022	Re:	2454	7

22349	wF9	from		mais	plus	comment	1353404873		2459	13

22546	wF9	to		ça	message	forwarded	1353589256	Fwd: Une place achetée=2C une place offerte =21	2472	5

22622	wF9	from		question	vois	surtout	1353674709		2473	24

22623	wF9	from		tout	comme	temps	1353674930		2474	6

22629	wF9	from		fenêtre	rire	blague	1353678241		2475	36

22631	wF9	to		pas	est	non	1353678353	Re:	2475	7

22630	wF9	from		photos	raconter	mesure	1353679075	Re: Re:	2475	31

22632	wF9	to		que	mais	faut	1353679139	Re: Re:	2475	9

22628	wF9	from		pas	peux	tes	1353679312	Re: Re: Re:	2475	6

22633	wF9	to		sur	faut	côté	1353679861	Re: Re: Re:	2475	12

22640	wF9	to		bisous	après	entre	1353679890	volet	2476	7

22641	wF9	from		pas	est	là	1353681239	Re: volet	2476	3

22644	wF9	to		pour	était	juste	1353681375	Re: volet	2476	5

22636	wF9	from		sera	grand	normalement	1353681705	Re: volet	2476	18

22645	wF9	to		une	plus	surprise	1353682077	Re: volet	2476	3

22642	wF9	from		retard	mains	dirai	1353682908	Re: volet	2476	41

22638	wF9	to		surprises	oublies	corde	1353683382	Re: volet	2476	101

22639	wF9	from		hier	violette	autres	1353684111	Re: volet	2476	23

22643	wF9	to		bon	alors	ben	1353684191	Re: volet	2476	5

22635	wF9	from		est	jeudi		1353687870	Re: volet	2476	2

22637	wF9	to		coup	enfin	jeudi	1353695622	Re: volet	2476	19

22650	wF9	from		peux	aller	soir	1353688262		2477	5

22830	wF9	from		que	fait	avais	1354010734		2493	8

22854	wF9	from		bout	celles	étoiles	1354031561		2494	34

22855	wF9	from		peux	assez	vite	1354032888		2495	6

23169	wF9	from		théâtre	chantal	coraliedeberre	1354542372	Fwd: "que la noce commence"	2511	118

23168	wF9	from		decembre	edouard	passerez	1354542392	Fwd: "que la noce commence"	2512	126

23287	wF9	from		inconsolable	laissa	partageais	1354710205	Fwd: Re: re:	2517	669

23288	wF9	from		comme	dire	peux	1354710248		2518	19

23294	wF9	from		mais	avec	tout	1354714131		2519	13

23292	wF9	to		deux	cet	midi	1354714200	Re:	2519	20

23291	wF9	from		bouche	plomb	péter	1354714555	Re: Re:	2519	90

23293	wF9	to		façons	restaurant	remettre	1354714774	Re: Re:	2519	45

23295	wF9	from		est	mais	ça	1354715070	Re: Re: Re:	2519	9

23303	wF9	from		cassée	hector	allonger	1354716637		2520	79

23302	wF9	to		contagieux	hector	hygiène	1354716889	Re:	2520	67

23305	wF9	from		que	est	montpar	1354716702		2521	5

23307	wF9	to		pour	plus	avant	1354716932	Re:	2521	9

23306	wF9	from		hésité	annule	conne	1354717436	Re: Re:	2521	67

23304	wF9	to		pas	bisous	mail	1354717501	Re: Re:	2521	8

23594	wF9	from		que	les	envoyer	1355132995		2534	5

23598	wF9	from		dis	violette	tête	1355135149		2535	14

23599	wF9	to		oui	kirikou		1355137440		2535	2

23603	wF9	to					1355137825		2536	0

23604	wF9	from		comme	comprends		1355138341		2537	2

23605	wF9	from		sont	vraiment	parce	1355138378		2538	13

23606	wF9	to		les	oui	envoies	1355139357	Re:	2538	3

23609	wF9	from		pas	les	moi	1355139242		2540	10

23617	wF9	from		moitié	détail	boîte	1355144116		2542	24

23623	wF9	from		pas	possible	oublie	1355149822		2544	5

23680	wF9	from		trois	affaires	light	1355221149		2550	15

23722	wF9	from		nol	avancé	ramener	1355238267		2555	50

23802	wF9	from		dal	eà	fermement	1355318071	J'en ai ras la casquette !!!!!!!!!!!!!!!!!!	2557	220

23803	wF9	from		pensais	aurai	dedans	1355318157		2558	19

23805	wF9	from		oui	demander	voisin	1355318560		2559	13

23806	wF9	from		marche	choisir	rouge	1355318947		2560	43

23807	wF9	to		est	fait		1355323007	Re:	2560	2

23964	wF9	from		via	minutes	arnaud	1355483164	je pense qu'il est dommage de passe à c=F4t é de ses statuts donc je partage !	2570	21

23963	wF9	to		une	toute	trouve	1355483178	Re: je pense qu'il est dommage de passe à c=F4té de  ses statuts donc je partage =21	2570	8

23962	wF9	from		pas	qui	sur	1355484138	Re: je pense qu'il est dommage de passe à c =F4té de ses statuts donc je partage !	2570	10

23980	wF9	from		deux	boîtes	monop	1355501907		2571	13

24003	wF9	from		plus	bon	cause	1355505015		2573	10

24004	wF9	to		être	obligé	retourner	1355505077	Re:	2573	3

24005	wF9	from		surtout	ailleurs	bcp	1355505691	Re: Re:	2573	32

24002	wF9	to		suis	fait	nous	1355505830	Re: Re:	2573	12

24001	wF9	from		bien	veux		1355506121	Re: Re: Re:	2573	2

24008	wF9	from		voulait	pages	regarder	1355506368		2574	24

24007	wF9	to		suis	encore	lyrique	1355506494	Re:	2574	4

24010	wF9	from		extensions	accessoires	barbie	1355506486		2575	33

24009	wF9	to		oeil	ouvre		1355506507	Re:	2575	2

24011	wF9	from		est	des	elle	1355506615	Re: Re:	2575	10

24012	wF9	from		nous	plein	camille	1355506632		2576	5

24095	wF9	to		ressort	affirmé	dormes	1355679541	tu te fous de qui?	2581	222

24099	wF9	from		petite	celle	presque	1355693696	Re: "tu te fous de qui?"	2581	32

24098	wF9	to		frère	allait	con	1355694205	Re: "tu te fous de qui?"	2581	55

24097	wF9	from		fleuris	victime	durent	1355730669	Re: "tu te fous de qui?"	2581	116

24096	wF9	to		aimes	argumentation	diable	1355748665	Re: "tu te fous de qui?"	2581	175

24111	wF9	to		dans	avec	une	1355702453	j'avais besoin de travailler ce soir	2584	15

24110	wF9	from		venir	quelque	chambre	1355730311	Re: j'avais besoin de travailler ce soir	2584	36

24109	wF9	to		normale	dort	dors	1355747388	Re: j'avais besoin de travailler ce soir	2584	59

24211	wF9	from		boîtes	attentions	chocolats	1355780766		2592	50

24287	wF9	from		partant	moindre	gueule	1355825933	ça ne s'appellerait pas ...	2600	60

24288	wF9	from		baisse	merde	ouvert	1355825999		2601	26

