message	correspondent	direction	tweet	word1	word2	word3	time	subject	thread	length

273	wKo	to		saw	tulp	visualizer	1325673926	SEE #7	28	32

277	wKo	to		domination	owner	clashes	1325674514	Re: SEE #7	29	140

281	wKo	to		andy	happy	willem	1325674679	Re: SEE #7	29	25

290	wKo	to		zürich	freiestrasse	excel	1325675191	Re: SEE #7	29	91

280	wKo	to		address	wish	speaking	1325682392	Re: SEE #7	29	49

274	wKo	to		yes	year	jan	1325682834	Re: SEE #7	29	19

279	wKo	to		monitor	icons	imminent	1325675475	Re: SEE #7	30	60

278	wKo	to		www	andy	web	1325683148	Re: SEE #7	32	20

287	wKo	from		board	scene	wiesbaden	1325687780	Re: SEE #7	32	56

285	wKo	to		kirk	visualisingdata	visualising	1325691876	Re: SEE #7	35	30

284	wKo	to		hire	confirmed	refer	1325694035	Re: SEE #7	35	127

282	wKo	from		really	don	too	1325709183	Re: SEE #7	35	8

286	wKo	to		excitement	grab	officially	1325719225	Re: SEE #7	35	121

289	wKo	to		barcelona	expectancy	funded	1325725703	Re: SEE #7	35	139

275	wKo	to		funding	announced	speakers	1325750522	Re: SEE #7	35	97

283	wKo	to		themed	exchanges	echoing	1325751119	Re: SEE #7	41	322

288	wKo	to		address	knowledge	london	1325760712	Re: SEE #7	41	45

276	wKo	to		conferences	invited	practice	1325765749	Re: SEE #7	41	42

422	wKo	to		nathan	thorp	reaction	1325790298	Flowingdata	41	66

420	wKo	to		nathan	weird	fee	1325792098	Re: Flowingdata	41	65

426	wKo	to		familiar	reputation	weak	1325804827	Re: Flowingdata	41	127

427	wKo	to		old	model	paid	1326141866	Re: Flowingdata	41	39

416	wKo	from					1326143286	Re: Flowingdata	41	0

421	wKo	to		allow	commercial	invested	1326185438	Re: Flowingdata	41	76

419	wKo	to		again	money	fun	1326191551	Re: Flowingdata	41	29

425	wKo	to		for	one	get	1326193789	Re: Flowingdata	41	6

424	wKo	to		personally	nathan	sign	1326198883	Re: Flowingdata	41	68

404	wKo	to		was	something	interesting	1325782315		47	10

423	wKo	to		occasional	act	sustainability	1326200817	Re: Flowingdata	74	78

417	wKo	to		met	ask	weeks	1326210983	Re: Flowingdata	74	34

418	wKo	to		you	know	moritz	1326220976	Re: Flowingdata	74	13

839	wKo	to		jan	willem	does	1326309908	Resonate	85	15

838	wKo	to		team	unfortunately	care	1326310825	Re: Resonate	85	26

841	wKo	to		love	damm	eickedorfer	1326311966	Re: Resonate	85	25

836	wKo	to		advantage	license	windows	1326313100	Re: Resonate	85	71

843	wKo	to		going	sure	since	1326379323	Re: Resonate	85	22

837	wKo	from		glad	plans	family	1326456598	Re: Resonate	85	32

842	wKo	to		moment	yet	haven	1326644075	Re: Resonate	85	13

840	wKo	to		update	eyeo	attend	1328045390	Re: Resonate	85	26

996	wKo	to		episodes	infinite	novice	1326491746	How does a beginner find data?	100	262

998	wKo	to		statistical	movement	extensive	1326492283	Re: How does a beginner find data?	100	162

999	wKo	from		gapminder	ages	journalist	1326494460	Re: How does a beginner find data?	100	158

997	wKo	to		feeds	websites	acquisition	1326532953	Re: How does a beginner find data?	100	96

1000	wKo	to		personally	graphs	knowing	1326585773	Re: How does a beginner find data?	100	69

1551	wKo	to		arisen	deemed	delivering	1327350886	Quick bit of advice	145	250

1555	wKo	to		arisen	deemed	delivering	1327352124	Quick bit of advice	146	234

1554	wKo	to		higher	output	selling	1327357198	Re: Quick bit of advice	146	133

1553	wKo	to		similar	kirk	says	1327357490	Re: Quick bit of advice	146	50

1552	wKo	from		trainers	barriers	enricos	1327359766	Re: Quick bit of advice	146	132

1611	wKo	to		normally	mistake	reckon	1327419339	Not getting cartel emails	150	134

1612	wKo	to		mailto	mac	url	1327428429	Re: Not getting cartel emails	150	61

1669	wKo	to		comedy	happier	competing	1327491456	imdb + vis	158	185

1666	wKo	to		your	got	looking	1327492101	Re: imdb + vis	158	16

1668	wKo	to		keywords	confidence	genres	1327495269	Re: imdb + vis	158	52

1667	wKo	to		water	skilled	woohoo	1327502201	Re: imdb + vis	158	93

1728	wKo	to		datasets	contribute	nutshell	1327518586	bat signal	168	90

1732	wKo	to		jérôme	jan	probably	1327520394	Re: bat signal	168	7

1735	wKo	to		the	not	then	1327520712	Re: bat signal	168	5

1730	wKo	from		the	not	well	1327522116	Re: bat signal	168	8

1727	wKo	to		not	definitely		1327522298	Re: bat signal	168	2

1729	wKo	to		interactivethings	founding	zürich	1327565165	Re: bat signal	168	50

1734	wKo	to		also	great	cartel	1327565997	Re: bat signal	168	13

1731	wKo	to		cheers	may	book	1327566363	Re: bat signal	168	17

1733	wKo	to		cartel	happy	sorry	1327566851	Re: bat signal	168	16

2080	wKo	to		afternoon	visualising	ltd	1327932800		204	64

2081	wKo	to		workshop	andrew	sort	1327938410	Re:	204	31

2497	wKo	to		cube	juror	jurors	1328221509	Now I am Sure: Visualizing Marathon is Bullshit	248	55

2495	wKo	to		cartel	problem	whole	1328221708	Re: Now I am Sure: Visualizing Marathon is Bullshit	248	14

2501	wKo	to		london	choice	review	1328221933	Re: Now I am Sure: Visualizing Marathon is Bullshit	248	28

2494	wKo	to		entries	involved	marathon	1328222314	Re: Now I am Sure: Visualizing Marathon is Bullshit	248	36

2488	wKo	from		ordinary	submitting	crap	1328226468	Re: Now I am Sure: Visualizing Marathon is Bullshit	248	103

2493	wKo	to		sustainable	adam	manner	1328228028	Re: Now I am Sure: Visualizing Marathon is Bullshit	248	156

2499	wKo	to		degree	berlin	convinced	1328257198	Re: Now I am Sure: Visualizing Marathon is Bullshit	248	88

2496	wKo	to		enjoyable	hint	precise	1328257515	Re: Now I am Sure: Visualizing Marathon is Bullshit	248	195

2492	wKo	from		winning	connection	organized	1328294388	Re: Now I am Sure: Visualizing Marathon is Bullshit	248	56

2498	wKo	to		cpeopleâ	curricular	didactic	1329247227	Re: Now I am Sure: Visualizing Marathon is Bullshit	248	683

2489	wKo	to		discussion	charlene	willing	1329248424	Re: Now I am Sure: Visualizing Marathon is Bullshit	248	53

2491	wKo	to		cpeopleâ	curricular	didactic	1329253667	Re: Now I am Sure: Visualizing Marathon is Bullshit	248	707

2500	wKo	to		resultant	sls	solidify	1329301754	Re: Now I am Sure: Visualizing Marathon is Bullshit	248	920

2490	wKo	to		right	after	day	1329301964	Re: Now I am Sure: Visualizing Marathon is Bullshit	248	12

2576	wKo	to		pale	admitting	creeping	1328288703	advice for contest entry	256	145

2549	wKo	from		feature	cut	handy	1328294215	Re: advice for contest entry	256	38

2558	wKo	to		expand	becomes	hierarchy	1328471571	Re: advice for contest entry	256	156

2565	wKo	to		pay	button	contest	1328473749	Re: advice for contest entry	256	28

2572	wKo	from		read	anyway	started	1328474419	Re: advice for contest entry	256	20

2567	wKo	to		when	did	thought	1328474862	Re: advice for contest entry	256	11

2561	wKo	from		don	been	say	1328475110	Re: advice for contest entry	256	12

2554	wKo	to		late	piece	plot	1328524699	Re: advice for contest entry	256	60

2553	wKo	to		both	sorry	anyway	1328525622	Re: advice for contest entry	256	25

2560	wKo	to		catch	weird	average	1328526990	Re: advice for contest entry	256	87

2570	wKo	from		did	where	even	1330024959	Re: advice for contest entry	256	14

2556	wKo	to		certainly	cost	amount	1330025645	Re: advice for contest entry	256	43

2550	wKo	to		with	right	information	1330025753	Re: advice for contest entry	256	10

2564	wKo	from		challenges	contests	shame	1330027085	Re: advice for contest entry	256	62

2571	wKo	to		intel	motives	responding	1330078061	Re: advice for contest entry	256	116

2555	wKo	to		ranting	rfps	spotlight	1330361848	Re: advice for contest entry	256	240

2559	wKo	to		compete	goals	contests	1330372004	Re: advice for contest entry	256	174

2575	wKo	to		which	just	jérôme	1330372090	Re: advice for contest entry	256	15

2563	wKo	to		glad	fair	reasonable	1330376973	Re: advice for contest entry	256	55

2574	wKo	to		well	last	able	1330378695	Re: advice for contest entry	256	14

2577	wKo	to		glad	perspective	contest	1330379152	Re: advice for contest entry	256	35

2552	wKo	to		cannot	participate	winners	1330639138	Re: advice for contest entry	256	32

2557	wKo	to		greetings	compared	alternative	1330681330	Re: advice for contest entry	256	38

2562	wKo	to		winning	graphic	rainbow	1330682218	Re: advice for contest entry	256	40

2573	wKo	to		the	like	about	1330682412	Re: advice for contest entry	256	7

2551	wKo	to		wtf	confusing	interpret	1331053883	Re: advice for contest entry	256	52

2566	wKo	to		category	extremely	fee	1331060033	Re: advice for contest entry	256	25

2950	wKo	to		ran	breakfast	beforehand	1328645702	Ideas for Cartel's next meetup event: SEE+?	302	186

2957	wKo	to		damn	dedicated	secrets	1328689526	Re: Ideas for Cartel's next meetup event: SEE+?	302	96

2936	wKo	to		fields	kinds	scientists	1328689915	Re: Ideas for Cartel's next meetup event: SEE+?	302	67

2971	wKo	to		experienced	laptops	difficulty	1328696106	Re: Ideas for Cartel's next meetup event: SEE+?	302	121

2951	wKo	to		exception	immediately	listen	1328696760	Re: Ideas for Cartel's next meetup event: SEE+?	302	90

2938	wKo	from					1328696798	Re: Ideas for Cartel's next meetup event: SEE+?	302	0

2967	wKo	to		proposed	googlegroups	oggetto	1328830708	Re: Ideas for Cartel's next meetup event: SEE+?	302	65

2941	wKo	to		controversial	descriptions	moderator	1329128501	Re: Ideas for Cartel's next meetup event: SEE+?	302	135

2960	wKo	to		any	far	later	1329128631	Re: Ideas for Cartel's next meetup event: SEE+?	302	15

2933	wKo	to		cross	disciplines	favor	1329260622	Re: Ideas for Cartel's next meetup event: SEE+?	302	34

2945	wKo	to		favor	medicine	biology	1329261464	Re: Ideas for Cartel's next meetup event: SEE+?	302	69

2937	wKo	to		exploring	standards	summary	1329294694	Re: Ideas for Cartel's next meetup event: SEE+?	302	91

2948	wKo	to		exploring	standards	summary	1330282914	Re: Ideas for Cartel's next meetup event: SEE+?	302	114

2968	wKo	to		for	going	information	1330282967	Re: Ideas for Cartel's next meetup event: SEE+?	302	9

2979	wKo	to		there	would	get	1330283203	Re: Ideas for Cartel's next meetup event: SEE+?	302	11

2963	wKo	from		too			1330283650	Re: Ideas for Cartel's next meetup event: SEE+?	302	1

2935	wKo	to		mobile	too	moritz	1330287422	Re: Ideas for Cartel's next meetup event: SEE+?	302	13

2977	wKo	to		like	then	any	1330288059	Re: Ideas for Cartel's next meetup event: SEE+?	302	13

2956	wKo	to		with	going	most	1330288249	Re: Ideas for Cartel's next meetup event: SEE+?	302	9

2959	wKo	to		day	unfortunately	complete	1330289085	Re: Ideas for Cartel's next meetup event: SEE+?	302	18

2976	wKo	to		lack	define	pull	1330360131	Re: Ideas for Cartel's next meetup event: SEE+?	302	109

2932	wKo	to		enjoy	behind	program	1330361378	Re: Ideas for Cartel's next meetup event: SEE+?	302	30

2952	wKo	to		quite	little	damm	1330365945	Re: Ideas for Cartel's next meetup event: SEE+?	302	26

2934	wKo	to		imagine	friday	workshop	1330553017	Re: Ideas for Cartel's next meetup event: SEE+?	302	33

2969	wKo	from		line	website	says	1330553399	Re: Ideas for Cartel's next meetup event: SEE+?	302	24

2974	wKo	to		scene	presenters	organizers	1330974927	Re: Ideas for Cartel's next meetup event: SEE+?	302	124

2953	wKo	to		presenters	webpage	respective	1330979273	Re: Ideas for Cartel's next meetup event: SEE+?	302	164

2942	wKo	to		publicly	altogether	webpage	1330979731	Re: Ideas for Cartel's next meetup event: SEE+?	302	74

2949	wKo	to		jumped	pity	suspicious	1330981004	Re: Ideas for Cartel's next meetup event: SEE+?	302	95

4824	wKo	from		project	cartel	kind	1331031761	Introducing Kartograph	302	16

4826	wKo	to		detailed	samples	developer	1331032132	Re: Introducing Kartograph	302	84

4825	wKo	to		measures	sourced	forecasts	1331032946	Re: Introducing Kartograph	302	148

4822	wKo	from					1331034200	Re: Introducing Kartograph	302	0

4827	wKo	from		this	was	one	1331034311	Re: Introducing Kartograph	302	12

4828	wKo	to		same	down	goes	1331116427	Re: Introducing Kartograph	302	18

5035	wKo	to		cheers	paolo	seriously	1331289137	Data and People	302	4

2981	wKo	to		responded	alas	yannick	1331804846	Re: Ideas for Cartel's next meetup event: SEE+?	302	142

2946	wKo	to		etc	has	cheers	1331805487	Re: Ideas for Cartel's next meetup event: SEE+?	302	12

2980	wKo	to		perhaps	run	ticket	1331805611	Re: Ideas for Cartel's next meetup event: SEE+?	302	43

2961	wKo	to		early	called	invite	1331813997	Re: Ideas for Cartel's next meetup event: SEE+?	302	31

2966	wKo	to		saturday	speaker	participants	1331836410	Re: Ideas for Cartel's next meetup event: SEE+?	302	71

2943	wKo	from		forward	gregor	although	1331836794	Re: Ideas for Cartel's next meetup event: SEE+?	302	25

2944	wKo	from		now	book	still	1331900077	Re: Ideas for Cartel's next meetup event: SEE+?	302	14

2973	wKo	to		hope	certainly		1331900133	Re: Ideas for Cartel's next meetup event: SEE+?	302	2

2970	wKo	to		friday	hotel	sunday	1331902352	Re: Ideas for Cartel's next meetup event: SEE+?	302	15

2964	wKo	to		damm	eickedorfer	lilienthal	1331971039	Re: Ideas for Cartel's next meetup event: SEE+?	302	26

2954	wKo	to		eickedorfer	lilienthal	grüße	1331971862	Re: Ideas for Cartel's next meetup event: SEE+?	302	27

2940	wKo	to		decide	saturday	knowing	1335173325	Re: Ideas for Cartel's next meetup event: SEE+?	302	49

2962	wKo	from		will	about	think	1335173391	Re: Ideas for Cartel's next meetup event: SEE+?	302	6

2955	wKo	to		around	arrive		1335211384	Re: Ideas for Cartel's next meetup event: SEE+?	302	2

2965	wKo	to		gregor	plans	whatever	1335213431	Re: Ideas for Cartel's next meetup event: SEE+?	302	21

2931	wKo	to		jealous	awolfromcartel	missingout	1335213591	Re: Ideas for Cartel's next meetup event: SEE+?	302	3

2972	wKo	to					1335214826	Re: Ideas for Cartel's next meetup event: SEE+?	302	0

2939	wKo	to		mine	present	see+	1335256094	Re: Ideas for Cartel's next meetup event: SEE+?	302	54

2958	wKo	to		you	see	great	1335256723	Re: Ideas for Cartel's next meetup event: SEE+?	302	9

2975	wKo	to		image	[image	inline	1335258532	Re: Ideas for Cartel's next meetup event: SEE+?	302	3

2947	wKo	from					1335258663	Re: Ideas for Cartel's next meetup event: SEE+?	302	0

2978	wKo	to		wiederkehr	user	production	1335272918	Re: Ideas for Cartel's next meetup event: SEE+?	302	20

3458	wKo	to		odd	episode	italian	1329260224	Announcing Data Stories Podcast	363	143

3462	wKo	to		bertini	usually	hearing	1329294444	Re: Announcing Data Stories Podcast	363	38

3455	wKo	to		interactivethings	founding	zürich	1329295487	Re: Announcing Data Stories Podcast	363	64

3459	wKo	to		andrew	sort	whether	1329299346	Re: Announcing Data Stories Podcast	363	29

3457	wKo	to		every	weeks	terms	1329301251	Re: Announcing Data Stories Podcast	363	29

3461	wKo	to		list	willem	already	1329301329	Re: Announcing Data Stories Podcast	363	19

3453	wKo	from		listen	screencast	catchy	1329301789	Re: Announcing Data Stories Podcast	363	223

3451	wKo	to		catchy	enhanced	guided	1329302397	Re: Announcing Data Stories Podcast	363	216

3452	wKo	to		caps	itunes	bother	1329303422	Re: Announcing Data Stories Podcast	363	141

3450	wKo	to		something	too	working	1329306406	Re: Announcing Data Stories Podcast	363	15

3454	wKo	from		ended	animated	finishing	1329308980	Re: Announcing Data Stories Podcast	363	44

3456	wKo	to		best	thanks	way	1329571744	Re: Announcing Data Stories Podcast	363	17

3460	wKo	to		work	people	twitter	1329573247	Re: Announcing Data Stories Podcast	363	14

3570	wKo	to		unhappy	barrier	goods	1329397871	news & stuff	377	327

2569	wKo	to		than	did	into	1330647344	Re: advice for contest entry	496	23

2568	wKo	to		because	guys	thing	1330647507	Re: advice for contest entry	496	17

4720	wKo	to		summit	[even	cycles	1330948500	Showcasing your work in my Malofiej prez!	511	480

4721	wKo	to		typical	sneak	titled	1330952642	Re: Showcasing your work in my Malofiej prez!	511	115

4723	wKo	to		option	indeed	beyond	1330953500	Re: Showcasing your work in my Malofiej prez!	511	26

4727	wKo	to		outcomes	wild	labeling	1330953831	Re: Showcasing your work in my Malofiej prez!	511	99

4726	wKo	to		some	great	non	1330961945	Re: Showcasing your work in my Malofiej prez!	511	16

4724	wKo	to		sure	jan	willem	1330969163	Re: Showcasing your work in my Malofiej prez!	511	18

4728	wKo	to		flies	pamplona	dedicate	1330973133	Re: Showcasing your work in my Malofiej prez!	511	295

4725	wKo	to		lilienthal	grüße	won	1330973572	Re: Showcasing your work in my Malofiej prez!	511	37

4722	wKo	to		context	absolutely	clearly	1330974098	Re: Showcasing your work in my Malofiej prez!	511	30

4743	wKo	to		grüße	anything	makes	1330952782	Evaluation and quality of data visualizations	514	39

4752	wKo	to		fulfilling	measurable	achieving	1330960966	Re: Evaluation and quality of data visualizations	514	108

4744	wKo	to		proper	necessarily	effective	1330961609	Re: Evaluation and quality of data visualizations	514	76

4749	wKo	to		mobile	moritz	stefaner	1330962617	Re: Evaluation and quality of data visualizations	514	14

4737	wKo	to		pragmatic	shock	tenets	1330962811	Re: Evaluation and quality of data visualizations	514	106

4750	wKo	to		materials	memory	improved	1330963194	Re: Evaluation and quality of data visualizations	514	62

4740	wKo	to		notch	resounding	studying	1330969128	Re: Evaluation and quality of data visualizations	514	172

4738	wKo	to		guess	freelance	thoughts	1330969695	Re: Evaluation and quality of data visualizations	514	20

4748	wKo	to		group	post	doesn	1330970114	Re: Evaluation and quality of data visualizations	514	19

4735	wKo	to		airplanes	buildings	designs	1330974286	Re: Evaluation and quality of data visualizations	514	173

4736	wKo	to		cultural	andykirk	googlegroups	1330974316	Re: Evaluation and quality of data visualizations	514	101

4753	wKo	to		lilienthal	points	excellent	1330976598	Re: Evaluation and quality of data visualizations	514	34

4746	wKo	to		extend	divide	shift	1330977002	Re: Evaluation and quality of data visualizations	514	76

4754	wKo	to		explanation	activity	engineering	1330977624	Re: Evaluation and quality of data visualizations	514	88

4745	wKo	to		capture	entertainment	tries	1330978007	Re: Evaluation and quality of data visualizations	514	119

4741	wKo	to		analytical	entertaining	gonna	1330979230	Re: Evaluation and quality of data visualizations	514	107

4756	wKo	to		developments	solving	parallel	1330980114	Re: Evaluation and quality of data visualizations	514	78

4751	wKo	to		becomes	somehow	evaluate	1330980703	Re: Evaluation and quality of data visualizations	514	47

4747	wKo	to		practice	daily	correctly	1330981322	Re: Evaluation and quality of data visualizations	514	53

4755	wKo	to		roundtable	seiner	technics	1331020320	Re: Evaluation and quality of data visualizations	514	367

4739	wKo	to		evaluated	infinitely	profession	1331029597	Re: Evaluation and quality of data visualizations	514	152

4742	wKo	to		grundlagen	interpretable	intuitively	1331544546	Re: Evaluation and quality of data visualizations	514	190

4836	wKo	to		individuals	systematic	hunt	1331038692	better maps	525	279

4835	wKo	from		that	this	like	1331039202	Re: better maps	525	10

4948	wKo	to		loved	thorp	computers	1331156769	Putting Data in a Human Context	532	88

4947	wKo	to		gig	excitement	react	1331202114	Re: Putting Data in a Human Context	532	124

4946	wKo	to		mental	prototypes	reaching	1331234689	Re: Putting Data in a Human Context	532	166

4950	wKo	to		tower	whys	abused	1331302613	Re: Putting Data in a Human Context	539	455

4949	wKo	to		seem	description	computer	1331320356	Re: Putting Data in a Human Context	539	27

4951	wKo	to		literally	alle	ore	1331333808	Re: Putting Data in a Human Context	539	52

5196	wKo	to		showcase	spatial	thorough	1331582341	book on network visualization?	549	82

5197	wKo	from		network	theory	sections	1331587691	Re: book on network visualization?	549	35

5200	wKo	to		were	book	else	1331588252	Re: book on network visualization?	549	19

5199	wKo	to		eickedorfer	lilienthal	grüße	1331590218	Re: book on network visualization?	549	30

5198	wKo	to		books	except	follow	1331590715	Re: book on network visualization?	549	36

5325	wKo	to		highlight	diagram	print	1331728660	alternatives for flow diagrams?	560	68

5323	wKo	to		inspiration	sections	alternatives	1331754469	Re: alternatives for flow diagrams?	560	95

5324	wKo	to		data	some	just	1331759621	Re: alternatives for flow diagrams?	560	14

5856	wKo	to		attentive	equations	impressing	1332337242	Help on "selling" vis to scientists	619	183

5852	wKo	to		michelle	sudden	borkin	1332340073	Re: Help on "selling" vis to scientists	619	107

5851	wKo	to		can	jerome	things	1332340792	Re: Help on "selling" vis to scientists	619	14

5853	wKo	to		sudden	borkin	evident	1332341632	Re: Help on "selling" vis to scientists	619	107

5854	wKo	to		visualization	jan	willem	1332344732	Re: Help on "selling" vis to scientists	619	18

5855	wKo	to		michelle	persons	figures	1332346594	Re: Help on "selling" vis to scientists	619	83

5868	wKo	to		said	far	given	1332344907	visweek 2012	622	30

6136	wKo	to		tips	task	offered	1332767434	teaching	643	77

6134	wKo	to		from	want	going	1332767661	Re: teaching	643	17

6140	wKo	to					1332767985	Re: teaching	643	0

6133	wKo	to		skype	start	anyway	1332768179	Re: teaching	643	21

6135	wKo	to		what	time	best	1332768410	Re: teaching	643	14

6138	wKo	to		get	need	back	1332768602	Re: teaching	643	14

6141	wKo	to		time	how	next	1332835487	Re: teaching	643	12

6139	wKo	to		fall	tip	constructive	1332860098	Re: teaching	643	68

6137	wKo	to		sounds	instance	science	1332928149	Re: teaching	643	19

6142	wKo	to		process	agree	amount	1332932618	Re: teaching	643	31

6345	wKo	to		freiestrasse	stage	speakers	1332873334	Speaker for SEE	690	53

6343	wKo	from		that	for	more	1332874274	Re: Speaker for SEE	690	10

6341	wKo	to		fully	middle	none	1332874917	Re: Speaker for SEE	690	84

6336	wKo	to		willem	talk	tulp	1332877593	Re: Speaker for SEE	690	16

6339	wKo	to		there	then	again	1332877738	Re: Speaker for SEE	690	12

6344	wKo	to		information	jan	willem	1332877912	Re: Speaker for SEE	690	14

6340	wKo	to		being	rest	imo	1332878484	Re: Speaker for SEE	690	25

6337	wKo	from		winning	agency	award	1332878642	Re: Speaker for SEE	690	51

6342	wKo	from					1332878756	Re: Speaker for SEE	690	0

6338	wKo	from		infrastructure	matching	cartodb	1332879062	Re: Speaker for SEE	690	34

6335	wKo	to		office	beste	germany	1332879909	Re: Speaker for SEE	690	16

6357	wKo	from		zwpamvua	zxjpaybmaxnozxi		1332881112	=?utf-8?B?QW50dy46IFNwZWFrZXIgZm9yIFNFRQ==	695	2

6356	wKo	to		moritz	then	stefaner	1332883284	Re: Antw.: Speaker for SEE	695	11

6354	wKo	to					1332883395	Re: Antw.: Speaker for SEE	695	0

6355	wKo	to		benjamin	ideas	production	1332886681	Re: Antw.: Speaker for SEE	695	32

6762	wKo	to		why	conference	tableau	1333457765	can't really say that out loud on twitter but	727	24

6761	wKo	to		attend	attending	conf	1333457950	Re: can't really say that out loud on twitter but	727	34

7323	wKo	to		visualizer	bring	groet	1334303209	European Science Foundation	771	40

7322	wKo	from		heard	looks	speak	1334303741	Re: European Science Foundation	771	36

7324	wKo	to		for	only	little	1334308703	Re: European Science Foundation	771	7

7355	wKo	to		contests	leads	colleagues	1334320376	</oecd>	775	139

7361	wKo	to		dealing	depth	extent	1334321878	Re: </oecd>	775	99

7371	wKo	from					1334323577	Re: </oecd>	775	0

7357	wKo	to		opportunities	honest	ahead	1334332063	Re: </oecd>	775	34

7365	wKo	to		circuit	glass	loads	1334337625	Re: </oecd>	775	150

7372	wKo	to		germany	damm	eickedorfer	1334356465	Re: </oecd>	775	36

7363	wKo	to		decision	giorno	scritto	1334358288	Re: </oecd>	775	106

7369	wKo	to		wonder	academic	step	1334412113	Re: </oecd>	775	50

7359	wKo	to		belgium	dinosaurs	foundation	1334518784	Re: </oecd>	775	119

7366	wKo	to		almost	companies	jobs	1334525486	Re: </oecd>	775	29

7360	wKo	to		mean	difficult	students	1334526741	Re: </oecd>	775	28

7356	wKo	to		conditions	curious	kick	1342139257	Re: </oecd>	775	68

7373	wKo	to		worried	activities	elsewhere	1342164035	Re: </oecd>	775	208

7670	wKo	to		feltron	fernanda	salivate	1334749334	Vis superstars event at visweek 2012	815	168

7672	wKo	to		talented	carter	harris	1334752169	Re: Vis superstars event at visweek 2012	815	55

7669	wKo	to		motives	clarke	confession	1334755153	Re: Vis superstars event at visweek 2012	815	272

7664	wKo	from					1334755576	Re: Vis superstars event at visweek 2012	815	0

7671	wKo	to		work	thanks	sure	1334755876	Re: Vis superstars event at visweek 2012	815	12

7666	wKo	to					1334756042	Re: Vis superstars event at visweek 2012	815	0

7665	wKo	to		edge	converted	perceptual	1334756999	Re: Vis superstars event at visweek 2012	815	40

7668	wKo	to		collecting	extreme	palettes	1334758061	Re: Vis superstars event at visweek 2012	815	105

7673	wKo	to		successful	stands	entrance	1334760049	Re: Vis superstars event at visweek 2012	815	124

7674	wKo	to		considering	focus	count	1334781480	Re: Vis superstars event at visweek 2012	815	55

7667	wKo	to		smart	peter	hans	1334824635	Re: Vis superstars event at visweek 2012	815	64

7867	wKo	from		answer	reading	consider	1334959160	Fwd: enter Information is Beautiful Awards?	836	41

7851	wKo	to		infographic	mentions	awards	1334959315	Re: Fwd: enter Information is Beautiful Awards?	836	63

7854	wKo	from		you	are	something	1335006696	Re: enter Information is Beautiful Awards?	836	5

7847	wKo	to		you	that	will	1335007888	Re: enter Information is Beautiful Awards?	836	8

7849	wKo	from		after	never	ever	1335008094	Re: enter Information is Beautiful Awards?	836	12

7856	wKo	to		but	time	thinking	1335008685	Re: enter Information is Beautiful Awards?	836	18

7848	wKo	to		community	reason	marketing	1335015816	Re: enter Information is Beautiful Awards?	836	19

7850	wKo	to		far	mean	invite	1335017559	Re: enter Information is Beautiful Awards?	836	29

7852	wKo	to		not	visualization	regards	1335025898	Re: enter Information is Beautiful Awards?	836	15

7855	wKo	to		nevertheless	reward	antonelli	1335033221	Re: enter Information is Beautiful Awards?	836	76

7858	wKo	to		yeah	says	terms	1335034334	Re: enter Information is Beautiful Awards?	836	51

7857	wKo	to		that	from	some	1335034929	Re: enter Information is Beautiful Awards?	836	11

7859	wKo	to		awards	considered	closer	1335034933	Re: enter Information is Beautiful Awards?	836	72

7863	wKo	to		from	was	yes	1335035146	Re: enter Information is Beautiful Awards?	836	8

7860	wKo	from		awards	themselves	argument	1335035189	Re: enter Information is Beautiful Awards?	836	84

7862	wKo	to		that	really	great	1335035287	Re: enter Information is Beautiful Awards?	836	5

7864	wKo	to		missed	join	willing	1335036014	Re: enter Information is Beautiful Awards?	836	57

7865	wKo	from		someone	sounds	kids	1335036216	Re: enter Information is Beautiful Awards?	836	28

7866	wKo	to		then	take	look	1335037330	Re: enter Information is Beautiful Awards?	836	6

7853	wKo	to		raising	talent	vast	1335041043	Re: enter Information is Beautiful Awards?	836	92

7861	wKo	to		faked	flooded	intents	1335126966	Re: enter Information is Beautiful Awards?	836	294

8132	wKo	to		request	stephen	numbers	1335360360	I felt a great disturbance in the Force	865	64

8157	wKo	to		visualizer	groet	hartelijke	1335375334	Shorts!	872	33

8177	wKo	to		joining	approaching	anita	1335388034	Cartel Dinner on Saturday	873	134

8170	wKo	to		sounds	large	coming	1335388445	Re: Cartel Dinner on Saturday	873	37

8167	wKo	to		booked	saturday	cup	1335390094	Re: Cartel Dinner on Saturday	873	63

8169	wKo	to		energy	pity	counting	1335391293	Re: Cartel Dinner on Saturday	873	144

8171	wKo	to		next	soon	forward	1335392832	Re: Cartel Dinner on Saturday	873	33

8168	wKo	from		according	speakers	discuss	1335419622	Re: Cartel Dinner on Saturday	873	24

8176	wKo	to		quite	down	andrew	1335422036	Re: Cartel Dinner on Saturday	873	18

8174	wKo	to		rules	dinner	necessary	1335423249	Re: Cartel Dinner on Saturday	873	63

8172	wKo	to		said	others	along	1335424280	Re: Cartel Dinner on Saturday	873	16

8175	wKo	to		rule	rules	harm	1335434641	Re: Cartel Dinner on Saturday	873	58

8173	wKo	to		lazy	bros	distractions	1335446963	Re: Cartel Dinner on Saturday	873	74

8258	wKo	to		drive	advanced	participants	1335461920	Selected Tools Preview	884	96

8257	wKo	from		data	new	quite	1335462482	Re: Selected Tools Preview	884	7

8253	wKo	to		visualizer	isn	groet	1335462823	Re: Selected Tools Preview	884	30

8256	wKo	from		for	paper		1335463467	Re: Selected Tools Preview	884	2

8259	wKo	to		stuff	beste	germany	1335463888	Re: Selected Tools Preview	884	23

8254	wKo	to		excellent	stefaner	freelance	1335464035	Re: Selected Tools Preview	884	44

8251	wKo	to		freelance	visualizer	groet	1335464163	Re: Selected Tools Preview	884	69

8255	wKo	to		block	likes	belongs	1335464983	Re: Selected Tools Preview	884	47

8252	wKo	to		adobe	extending	irene	1335465654	Re: Selected Tools Preview	884	98

8329	wKo	from					1335552884	=?utf-8?B?RW5yaWNvIHdoZXJlIGFyZSB5b3U/	891	0

8331	wKo	to		moritz	make	stefaner	1335552982	Re: Enrico where are you?	891	7

8332	wKo	to		are	well	hello	1335553575	Re: Enrico where are you?	891	13

8330	wKo	to		finding	adding	worries	1335558812	Re: Enrico where are you?	891	57

8664	wKo	to		densitydesign	milano	finalize	1336037854	Workshop	891	99

8665	wKo	to		densitydesign	milano	finalize	1336037909	Re: Workshop	891	112

8661	wKo	to		politecnico	didactical	densitydesign	1337291047	Re: Workshop	891	173

8663	wKo	to		separate	ahead	differences	1337601222	Re: Workshop	891	108

8662	wKo	to		ahead	differences	cultural	1337603614	Re: Workshop	891	119

8559	wKo	to		bragging	contributor	exhibitions	1335942060	Map of Khan academy videos	920	72

8564	wKo	to		katy	board	define	1335942435	Re: Map of Khan academy videos	920	52

8566	wKo	to		moritz	stefaner	office	1335942698	Re: Map of Khan academy videos	920	13

8560	wKo	from		out			1335942783	Re: Map of Khan academy videos	920	1

8563	wKo	to		contributor	exhibitions	noted	1335943387	Re: Map of Khan academy videos	920	98

8565	wKo	to		money	spent	designer	1335947080	Re: Map of Khan academy videos	920	30

8562	wKo	to		weeks	seems	however	1335955364	Re: Map of Khan academy videos	920	23

8561	wKo	to		anyway	months	opportunity	1335963938	Re: Map of Khan academy videos	920	16

8688	wKo	to		geographical	hexagon	bins	1336051151	Heterogeneity Maps	938	216

8687	wKo	to		along	partner	interactivethings	1336151283	Re: Heterogeneity Maps	938	47

8683	wKo	to		thanks	sure	yes	1336158901	Re: Heterogeneity Maps	938	12

8689	wKo	to		this	which	jan	1336165031	Re: Heterogeneity Maps	938	7

8685	wKo	to		cool	case	main	1336165721	Re: Heterogeneity Maps	938	23

8682	wKo	to		give	willem	understand	1336205449	Re: Heterogeneity Maps	938	19

8684	wKo	to		those	each	different	1336222291	Re: Heterogeneity Maps	938	19

8680	wKo	from		imagery	indicating	recognizable	1336224481	Re: Heterogeneity Maps	938	159

8681	wKo	to		novel	ordered	artifacts	1336236819	Re: Heterogeneity Maps	938	110

8691	wKo	to		squares	string	dot	1336411576	Re: Heterogeneity Maps	938	100

8690	wKo	to		dots	advantage	raw	1336549793	Re: Heterogeneity Maps	938	70

8686	wKo	to		not	about	how	1336736146	Re: Heterogeneity Maps	938	12

8818	wKo	from		writing	york	dear	1336170901	Greetings from New York	948	21

8812	wKo	to		what	time	been	1336191755	Re: Greetings from New York	948	12

8811	wKo	to		her	object	guess	1336198256	Re: Greetings from New York	948	18

8809	wKo	to		freelance	tulp	visualizer	1336200696	Re: Greetings from New York	948	30

8813	wKo	to		jan	interactive	willem	1336200724	Re: Greetings from New York	948	20

8808	wKo	to		rather	andrew	leave	1336205570	Re: Greetings from New York	948	13

8820	wKo	to		sitting	alle	ore	1336206577	Re: Greetings from New York	948	28

8817	wKo	to		enrico	cool	york	1336222524	Re: Greetings from New York	948	20

8819	wKo	to		washington	wait	offer	1336222924	Re: Greetings from New York	948	45

8815	wKo	to		days	soon	sounds	1336224800	Re: Greetings from New York	948	21

8807	wKo	from		honor	steak	awake	1336225657	Re: Greetings from New York	948	137

8816	wKo	to		are	gregor	order	1336234463	Re: Greetings from New York	948	4

8810	wKo	to		washington	sort	york	1336237287	Re: Greetings from New York	948	55

8814	wKo	from					1336452283	Re: Greetings from New York	948	0

9023	wKo	to		delviz	fellows	interconnections	1336497753	Visualization taxonomy	963	138

9024	wKo	to		land	leads	expecting	1336499003	Re: Visualization taxonomy	963	56

9028	wKo	to		same	already	him	1336502993	Re: Visualization taxonomy	963	15

9027	wKo	to		eickedorfer	lilienthal	grüße	1336544942	Re: Visualization taxonomy	963	25

9025	wKo	to		one	best	find	1336548421	Re: Visualization taxonomy	963	14

9026	wKo	to		lead	partner	interactivethings	1336579037	Re: Visualization taxonomy	963	40

9022	wKo	to		belong	novice	productivity	1336580011	Re: Visualization taxonomy	963	157

9227	wKo	from		exceptionally	fool	gifted	1336734210	Updates on NYTimes	992	236

9224	wKo	to		freelance	lead	position	1336734666	Re: Updates on NYTimes	992	21

9225	wKo	to		like	some	jerome	1336734822	Re: Updates on NYTimes	992	14

9228	wKo	to		proud	talent	amanda	1336735298	Re: Updates on NYTimes	992	78

9226	wKo	to		your	also	andy	1336735402	Re: Updates on NYTimes	992	11

9223	wKo	to		need	week	after	1336735660	Re: Updates on NYTimes	992	17

9229	wKo	to		lilienthal	grüße	stay	1336736255	Re: Updates on NYTimes	992	41

9230	wKo	to		wise	benji	guardian	1336750503	Re: Updates on NYTimes	992	84

9628	wKo	to		only	want	sorry	1337539556	Fwd: project?	1040	16

9629	wKo	from		this	for	best	1337540590	Re: project?	1040	12

9670	wKo	to		kim	gave	favorite	1337436963	project for OECD?	1043	41

9666	wKo	from		gregor	ask	details	1337538342	Re: project for OECD?	1043	24

9877	wKo	to		ticket	reference	states	1337763040	Eyeo Ticket for Sale	1073	79

9876	wKo	to		really	out	too	1337764209	Re: Eyeo Ticket for Sale	1073	12

9878	wKo	to		the	well	going	1337764733	Re: Eyeo Ticket for Sale	1073	8

9875	wKo	to		hope	stefaner	office	1337803483	Re: Eyeo Ticket for Sale	1073	19

9957	wKo	to		have	time	message	1337788994	Fwd: query?	1078	7

9958	wKo	to		but	time	has	1337804647	Re: query?	1078	12

9959	wKo	to		moment	might	details	1337810493	Re: query?	1078	21

9956	wKo	to		office	beste	germany	1337845882	Re: query?	1078	23

9967	wKo	to		hobby	visitors	websites	1337806278	commercial advice	1085	372

9965	wKo	from					1337807729	Re: commercial advice	1085	0

9966	wKo	to		alternative	turned	netherlands	1337810337	Re: commercial advice	1085	49

9968	wKo	to		said	money	deal	1337814096	Re: commercial advice	1085	34

9969	wKo	to		beach	holiday	stated	1337837738	Re: commercial advice	1085	152

10234	wKo	to		take	questions	jeff	1338105534	Interview to Jeff Heer	1110	25

10238	wKo	to		food	stanford	theme	1338192646	Re: Interview to Jeff Heer	1110	44

10237	wKo	to		understandable	appeal	dry	1338202170	Re: Interview to Jeff Heer	1110	287

10235	wKo	to		focus	opportunities	importance	1338223579	Re: Interview to Jeff Heer	1110	76

10236	wKo	to		companies	thoughts	favorite	1338279938	Re: Interview to Jeff Heer	1110	48

10248	wKo	from		possible	something	cheers	1338153210	Paris in June	1111	19

10247	wKo	to		exciting	reasons	yours	1338157412	Re: Paris in June	1111	105

10250	wKo	from					1338244384	Re: Paris in June	1111	0

10252	wKo	from		arrive	weekend	news	1339051680	Re: Paris in June	1111	17

10254	wKo	to		difficult	definitely	kids	1339169714	Re: Paris in June	1111	27

10256	wKo	from		mon	great	sounds	1339176066	Re: Paris in June	1111	4

10246	wKo	to		from	there	some	1339180371	Re: Paris in June	1111	10

10253	wKo	from		mind	french	although	1339362698	Re: Paris in June	1111	23

10249	wKo	to		end	where	working	1339372491	Re: Paris in June	1111	18

10257	wKo	from		try	free	area	1339398816	Re: Paris in June	1111	18

10255	wKo	to		close	although	live	1339401728	Re: Paris in June	1111	29

10836	wKo	to		heer	expect	session	1338901794	no reason to miss visweek	1186	69

10834	wKo	to		but	really	yet	1338902683	Re: no reason to miss visweek	1186	12

10833	wKo	from		shall	sessions	jump	1338905470	Re: no reason to miss visweek	1186	28

10837	wKo	to		rees	arranged	idk	1338908966	Re: no reason to miss visweek	1186	58

10835	wKo	to		rest	fit	fantastic	1338972851	Re: no reason to miss visweek	1186	64

10251	wKo	from		bxkgcghv	cgok		1339405345	=?utf-8?B?UmU6IFBhcmlzIGluIEp1bmU=	1209	2

11272	wKo	to		experiments	wattenberg	highlights	1339493566	Back from eyeo	1217	116

11269	wKo	to		heard	happen	month	1339493867	Re: Back from eyeo	1217	27

11271	wKo	to		wise	areas	pure	1339494119	Re: Back from eyeo	1217	76

11267	wKo	to		hear	agree	mike	1339500680	Re: Back from eyeo	1217	31

11270	wKo	to		beste	germany	damm	1339500760	Re: Back from eyeo	1217	22

11268	wKo	to		good	back	talk	1339504212	Re: Back from eyeo	1217	15

11273	wKo	to		totally	location	knows	1339504898	Re: Back from eyeo	1217	50

11276	wKo	to		smart	wise	sweet	1339493843	Suggestions	1218	67

11284	wKo	to		happy	different	put	1339493988	Re: Suggestions	1218	22

11278	wKo	to		next	cartel	jan	1339500504	Re: Suggestions	1218	20

11280	wKo	to		feeling	become	seriously	1339513597	Re: Suggestions	1218	67

11281	wKo	to		eyeo	given	perhaps	1339513783	Re: Suggestions	1218	29

11274	wKo	to		possibilities	whenever	grow	1339517451	Re: Suggestions	1218	93

11279	wKo	to		adding	effect	truly	1339522255	Re: Suggestions	1218	78

11283	wKo	to		beste	germany	damm	1339522603	Re: Suggestions	1218	18

11275	wKo	to		south	africa		1339522850	Re: Suggestions	1218	2

11282	wKo	to		want	going	did	1339688500	Re: Suggestions	1218	17

11285	wKo	to		stefpos	passing	immediately	1339696111	Re: Suggestions	1218	49

11277	wKo	to		suggestion	society	wondered	1339863784	Re: Suggestions	1218	42

11299	wKo	to		find	may	cartel	1339501068	Fwd: Request for being the technical reviewer of a book on Data visualization	1223	16

11301	wKo	to		you	that	all	1339502110	Re: Request for being the technical reviewer of a book on Data visualization	1223	10

11297	wKo	from		got	same	lot	1339503118	Re: Request for being the technical reviewer of a book on Data visualization	1223	18

11304	wKo	to		and	the	for	1339503351	Re: Request for being the technical reviewer of a book on Data visualization	1223	11

11305	wKo	to		you	some	about	1339503377	Re: Request for being the technical reviewer of a book on Data visualization	1223	7

11295	wKo	to		beste	germany	yet	1339503952	Re: Request for being the technical reviewer of a book on Data visualization	1223	20

11302	wKo	to		interesting	stefaner	office	1339503996	Re: Request for being the technical reviewer of a book on Data visualization	1223	18

11298	wKo	to		one	time	who	1339504116	Re: Request for being the technical reviewer of a book on Data visualization	1223	11

11303	wKo	from		they	now	get	1339504144	Re: Request for being the technical reviewer of a book on Data visualization	1223	9

11296	wKo	to		finalised	jeromes	monochrome	1339506578	Re: Request for being the technical reviewer of a book on Data visualization	1223	604

11300	wKo	to		phone	read	send	1339507026	Re: Request for being the technical reviewer of a book on Data visualization	1223	21

11294	wKo	to		damm	eickedorfer	lilienthal	1339581434	Re: Request for being the technical reviewer of a book on Data visualization	1223	31

11360	wKo	to		appreciated	brilliant	boring	1339528790	New project: Tyne	1231	40

11359	wKo	to		attracted	attractors	lighter	1339543526	Re: New project: Tyne	1231	248

11361	wKo	to		literal	magnets	nitrates	1339575023	Re: New project: Tyne	1231	326

11368	wKo	to		unfortunately	potential	interest	1339531680	Fwd: Data visualisation commission	1233	38

11365	wKo	to		sharing	successful	capacity	1339531867	Re: Fwd: Data visualisation commission	1233	77

11367	wKo	to		lead	currently	along	1339540383	Re: Data visualisation commission	1233	32

11366	wKo	from		working	guys	maybe	1339604875	Re: Data visualisation commission	1233	27

11358	wKo	to		great	things	few	1339577207	Fwd: New project: Tyne	1234	16

11553	wKo	to		channels	leverage	nyu	1339688126	A new professor in the cartel!	1259	229

11557	wKo	to		moritz	stefaner	beste	1339693527	Re: A new professor in the cartel!	1259	6

11558	wKo	to		production	lead	congrats	1339694504	Re: A new professor in the cartel!	1259	32

11550	wKo	to		you	this	super	1339696110	Re: A new professor in the cartel!	1259	7

11551	wKo	from		news	europe	gregor	1339699369	Re: A new professor in the cartel!	1259	32

11556	wKo	to		challenging	bill	tends	1339702286	Re: A new professor in the cartel!	1259	62

11554	wKo	to		news	viz	nyc	1339711581	Re: A new professor in the cartel!	1259	28

11552	wKo	to		shit	andykirk	settle	1339712197	Re: A new professor in the cartel!	1259	92

11555	wKo	to		that	enrico	amazing	1339741820	Re: A new professor in the cartel!	1259	5

11549	wKo	to		for	your	thanks	1340014091	Re: A new professor in the cartel!	1259	8

11736	wKo	to		the	for	issue	1339938854	Posavec	1273	9

11716	wKo	to		subject	love	folks	1340017410	Fwd: Re: Invitation to join the Data Visualization Cartel	1278	18

11727	wKo	to		board	town	official	1340020188	Re: Invitation to join the Data Visualization Cartel	1278	33

11725	wKo	to		enough	fun	high	1340020502	Re: Invitation to join the Data Visualization Cartel	1278	33

11719	wKo	to		the	you	top	1340020741	Re: Invitation to join the Data Visualization Cartel	1278	8

11715	wKo	to		are	from	how	1340020949	Re: Invitation to join the Data Visualization Cartel	1278	13

11722	wKo	from		such	tutorial	hand	1340021067	Re: Invitation to join the Data Visualization Cartel	1278	17

11724	wKo	to		move	hand	quick	1340041519	Re: Invitation to join the Data Visualization Cartel	1278	37

11721	wKo	to		can	also	moritz	1340041579	Re: Invitation to join the Data Visualization Cartel	1278	12

11723	wKo	to		partner	interactivethings	founding	1340044647	Re: Invitation to join the Data Visualization Cartel	1278	31

11726	wKo	to		just	sent	enrico	1340358519	Re: Invitation to join the Data Visualization Cartel	1278	12

11717	wKo	to		good	when	cartel	1340359041	Re: Invitation to join the Data Visualization Cartel	1278	12

11840	wKo	to		phd	wise	presence	1340051039	Charge for training courses?	1289	80

11839	wKo	to		multiply	individuals	instructor	1340052640	Re: Charge for training courses?	1289	205

11846	wKo	from		number	days	training	1340053559	Re: Charge for training courses?	1289	18

11832	wKo	to		boy	googlegroups	oggetto	1340055545	Re: Charge for training courses?	1289	63

11848	wKo	to		some	just	out	1340058580	Re: Charge for training courses?	1289	15

11835	wKo	to		multiple	required	increase	1340091773	Re: Charge for training courses?	1289	79

11842	wKo	to		guess	updated	charge	1340097436	Re: Charge for training courses?	1289	63

11843	wKo	to		rate	compared	index	1340099448	Re: Charge for training courses?	1289	61

11841	wKo	to		rates	daily	jwt	1340103373	Re: Charge for training courses?	1289	117

11837	wKo	to		formulated	karlsruhe	momentum	1340108001	Re: Charge for training courses?	1289	532

11844	wKo	to		lilienthal	grüße	thinking	1340175758	Re: Charge for training courses?	1289	45

11834	wKo	to		helpful	giorno	scritto	1340181522	Re: Charge for training courses?	1289	69

11838	wKo	to		beste	another	germany	1340181858	Re: Charge for training courses?	1289	19

11847	wKo	to		here	sure	mind	1340182768	Re: Charge for training courses?	1289	15

11833	wKo	to		mostly	cost	aside	1340183396	Re: Charge for training courses?	1289	49

11836	wKo	to		content	visualizations	examples	1340185129	Re: Charge for training courses?	1289	20

11845	wKo	to		started	until	wouldn	1340185261	Re: Charge for training courses?	1289	22

12056	wKo	to		flying	gathering	inspired	1340280039	Cartel Meeting	1309	61

12057	wKo	from		that	great	idea	1340280146	Re: Cartel Meeting	1309	5

12049	wKo	to		idea	excellent		1340280305	Re: Cartel Meeting	1309	2

12061	wKo	to		rent	salivate	numerous	1340288944	Re: Cartel Meeting	1309	55

12052	wKo	to					1340289143	Re: Cartel Meeting	1309	0

12053	wKo	to		like	sounds	vacation	1340289351	Re: Cartel Meeting	1309	3

12059	wKo	to		eickedorfer	lilienthal	grüße	1340350523	Re: Cartel Meeting	1309	34

12060	wKo	to		lead	second	meet	1340351055	Re: Cartel Meeting	1309	42

12047	wKo	to		you	are	when	1340351264	Re: Cartel Meeting	1309	6

12055	wKo	from		start	check	family	1340351282	Re: Cartel Meeting	1309	18

12050	wKo	to		right	our	enrico	1340622089	Re: Cartel Meeting	1309	18

12051	wKo	to		miss	konstanz	trip	1340622374	Re: Cartel Meeting	1309	30

12048	wKo	to		you	that	have	1340645526	Re: Cartel Meeting	1309	8

12369	wKo	to		wow	choose	nyt	1340647307		1328	21

12372	wKo	to		eyeo	continue	festival	1340648081	Re:	1328	42

12371	wKo	from		source	development	far	1340649229	Re:	1328	19

12370	wKo	to		nyt	relevant	hierarchy	1340649579	Re:	1328	28

12412	wKo	to		this	one	see	1340699858	Fwd: Data Visualisation Commission	1335	10

12415	wKo	to		for	but	thanks	1340700055	Re: Data Visualisation Commission	1335	11

12410	wKo	to		engagement	packing	clark	1340700363	Re: Data Visualisation Commission	1335	67

12409	wKo	to		name	later	sort	1340700546	Re: Data Visualisation Commission	1335	41

12411	wKo	to		jeff	interested	reply	1340700764	Re: Data Visualisation Commission	1335	21

12433	wKo	to		santiago	stefanie	impressive	1340705375	Santiago is in!	1337	35

12436	wKo	to		the	someone	finally	1340706399	Re: Santiago is in!	1337	8

12437	wKo	to		eickedorfer	lilienthal	grüße	1340791850	Re: Santiago is in!	1337	36

12434	wKo	to		process	seems	second	1340794430	Re: Santiago is in!	1337	31

12435	wKo	to		you	have	really	1340802310	Re: Santiago is in!	1337	7

12432	wKo	to		gracias	guindilla	insomnic	1340814580	Re: Santiago is in!	1337	512

12438	wKo	to		five	recently	[image	1340817049	Re: Santiago is in!	1337	20

12491	wKo	to		pricing	recall	arrived	1340729074	A rival offering emerges!	1347	61

12492	wKo	to		the	this	one	1340742990	Re: A rival offering emerges!	1347	11

12488	wKo	to		imagine	came	london	1340743762	Re: A rival offering emerges!	1347	29

12493	wKo	to		germany	damm	eickedorfer	1340744033	Re: A rival offering emerges!	1347	25

12487	wKo	to		for	you	really	1340748147	Re: A rival offering emerges!	1349	12

12496	wKo	to		training	low	lower	1340781090	Re: A rival offering emerges!	1349	101

12494	wKo	to		variety	reluctant	rival	1340781568	Re: A rival offering emerges!	1349	102

12489	wKo	to		sorry	international	meeting	1340786312	Re: A rival offering emerges!	1349	62

12495	wKo	to		too	year	cartel	1340786497	Re: A rival offering emerges!	1349	17

12490	wKo	to		work	something	place	1340786509	Re: A rival offering emerges!	1349	17

12497	wKo	to		some	get	our	1340788096	Re: A rival offering emerges!	1349	11

12546	wKo	to		soccer	football	ongoing	1340781065	football & data	1351	174

12540	wKo	to		perception	licenses	rare	1340782183	Re: football & data	1351	73

12545	wKo	to		hashtags	sarcasm	unanimous	1340783122	Re: football & data	1351	149

12543	wKo	to		you	make	use	1340783234	Re: football & data	1351	6

12541	wKo	to		refine	classification	grammar	1340783994	Re: football & data	1351	57

12542	wKo	to		compete	alas	wizardry	1341306233	Re: football & data	1351	54

12544	wKo	to		previous	response	explore	1341307007	Re: football & data	1351	50

12716	wKo	to		books	result	yesterday	1340958189	books and stuff	1361	36

12711	wKo	to		which	very	all	1340958510	Re: books and stuff	1361	15

12718	wKo	to		geo	perspectives	confess	1340961216	Re: books and stuff	1361	113

12717	wKo	to		mining	slim	concise	1340961331	Re: books and stuff	1361	150

12712	wKo	to		cover	introduction	personally	1340961426	Re: books and stuff	1361	31

12713	wKo	to		see	kirk	late	1340961845	Re: books and stuff	1361	16

12715	wKo	to		and	that	there	1340968245	Re: books and stuff	1361	10

12714	wKo	to		nonetheless	basics	defining	1341140376	Re: books and stuff	1361	144

12910	wKo	to		awareness	criticize	intimidation	1341301460	The tightrope	1391	154

12909	wKo	to		crummy	crystallised	harmless	1341303664	Re: The tightrope	1391	364

12916	wKo	to		applauds	disagreed	esteem	1341304328	Re: The tightrope	1391	250

12911	wKo	to		ninth	pendulum	praised	1341304866	Re: The tightrope	1391	263

12907	wKo	to		tightrope	immerse	sea	1341305771	Re: The tightrope	1391	154

12913	wKo	to		reactions	coders	immersed	1341306983	Re: The tightrope	1391	91

12914	wKo	to		contestâ	crazyâ	depicted	1341324463	Re: The tightrope	1391	203

12906	wKo	to		both	content	published	1341328239	Re: The tightrope	1391	23

12917	wKo	to		sees	enterprise	proof	1341328624	Re: The tightrope	1391	80

12908	wKo	to		commenting	criticize	equation	1341569082	Re: The tightrope	1391	113

12912	wKo	to					1341570365	Re: The tightrope	1391	0

12915	wKo	to		mind	real	article	1341571774	Re: The tightrope	1391	20

12924	wKo	to		meyer	munzner	naomi	1341302455	Women in Infovis	1392	63

12927	wKo	to		andrea	ibm	joan	1341303536	Re: Women in Infovis	1392	43

12921	wKo	to		grüße	added	btw	1341303938	Re: Women in Infovis	1392	27

12925	wKo	to		crafting	escapes	fairfield	1341304316	Re: Women in Infovis	1392	140

12928	wKo	to		prominent	plaisant	professors	1341305029	Re: Women in Infovis	1392	29

12922	wKo	to		women	reports	awful	1341305589	Re: Women in Infovis	1392	56

12920	wKo	to		grüße	list	graphics	1341305827	Re: Women in Infovis	1392	35

12926	wKo	to		you	that	this	1341306286	Re: Women in Infovis	1392	9

12929	wKo	to		maps	katy	borner	1341382962	Re: Women in Infovis	1392	4

12933	wKo	to		her	office	beste	1341390154	Re: Women in Infovis	1392	20

12931	wKo	to		academia	isenberg	carpendale	1341394961	Re: Women in Infovis	1392	51

12923	wKo	to		speakers	somebody	github	1341405927	Re: Women in Infovis	1392	64

12932	wKo	to		make	such	making	1341407192	Re: Women in Infovis	1392	17

12930	wKo	to		problems	names	greetings	1341410550	Re: Women in Infovis	1392	17

12936	wKo	to		discussions	confidential	password	1341304897	practical question: confidential data	1393	54

12939	wKo	to		sensitive	extreme	guidance	1341305423	Re: practical question: confidential data	1393	78

12937	wKo	from		mac	ensure	safe	1341306897	Re: practical question: confidential data	1393	70

12938	wKo	to		necessary	drive	save	1341310506	Re: practical question: confidential data	1393	67

13037	wKo	to		jan	interactive	happy	1341405941	happy birthday	1404	15

13040	wKo	from					1341406026	Re: happy birthday	1404	0

13038	wKo	to		mobile	moritz	stefaner	1341406062	Re: happy birthday	1404	12

13036	wKo	to					1341410193	Re: happy birthday	1404	0

13035	wKo	to		bon	anniversaire		1341413045	Re: happy birthday	1404	2

13039	wKo	to		anniversaire	average	education	1341413474	Re: happy birthday	1404	34

13103	wKo	from		apply	buying	tickets	1341475487	VisWeek	1412	54

13102	wKo	to		association	offers	registered	1341476360	Re: VisWeek	1412	53

13214	wKo	to		japanese	limitations	photographers	1341559813	visualization royalties	1426	138

13220	wKo	to		you	with	could	1341562170	Re: visualization royalties	1426	10

13219	wKo	from		fixed	bag	shouldn	1341566650	Re: visualization royalties	1426	37

13212	wKo	to		bag	discount	exclusive	1341568275	Re: visualization royalties	1426	71

13216	wKo	from					1341568646	Re: visualization royalties	1426	0

13215	wKo	to		and	just	our	1341569483	Re: visualization royalties	1426	10

13213	wKo	to		this	all	very	1341569578	Re: visualization royalties	1426	5

13217	wKo	to		this	seems	yeah	1341570301	Re: visualization royalties	1426	8

13218	wKo	to		would	even	code	1341571404	Re: visualization royalties	1426	9

13247	wKo	to		cuisine	announcement	cooking	1341574446	Data cuisine	1431	65

13245	wKo	to		held	delegates	keen	1341579856	Re: Data cuisine	1431	47

13246	wKo	to		say	sounds	fun	1341580261	Re: Data cuisine	1431	25

13729	wKo	to		item	capital	stored	1342169872	Untitled spreadsheet (data-visualization-cartel@googlegroups.com)	1488	74

13730	wKo	to		challenge	oct	interaction	1342171149	Re: Untitled spreadsheet (data-visualization-cartel@googlegroups.com)	1488	36

13728	wKo	to		not	about	thanks	1342171707	Re: Untitled spreadsheet (data-visualization-cartel@googlegroups.com)	1488	14

13731	wKo	to		chance	event	plan	1342174226	Re: Untitled spreadsheet (data-visualization-cartel@googlegroups.com)	1488	29

13753	wKo	to		seeing	dates	fill	1342169889	meetup dates?	1489	63

13732	wKo	to		willem	haven	weekend	1342769293	Re: meetup dates?	1489	30

13748	wKo	to		will	now	sorry	1342770063	Re: meetup dates?	1489	3

13746	wKo	to		committed	extend	purely	1342770349	Re: meetup dates?	1489	49

13747	wKo	to		dates	ciuccarelli	berlin	1344439787	Re: meetup dates?	1489	45

13754	wKo	to		all	which	just	1344440079	Re: meetup dates?	1489	10

13735	wKo	to		exchange	guest	kindly	1344440300	Re: meetup dates?	1489	51

13749	wKo	from		all	get	let	1344440905	Re: meetup dates?	1489	7

13737	wKo	to		for	check	meeting	1344494986	Re: meetup dates?	1489	4

13755	wKo	to		met	andrew	however	1344497116	Re: meetup dates?	1489	25

13751	wKo	to		some	could	take	1344541673	Re: meetup dates?	1489	10

13733	wKo	from		let	yes	event	1344542288	Re: meetup dates?	1489	16

13734	wKo	to		germany	damm	eickedorfer	1344545508	Re: meetup dates?	1489	17

13740	wKo	to		about	know	don	1344545767	Re: meetup dates?	1489	11

13738	wKo	to		weeks	ago	impossible	1344550657	Re: meetup dates?	1489	31

13741	wKo	to		for	from	some	1344551475	Re: meetup dates?	1489	8

13736	wKo	to		there	benjamin		1344578504	Re: meetup dates?	1489	2

13750	wKo	to		the	and	benjamin	1344578577	Re: meetup dates?	1489	6

13744	wKo	from		that	moritz	our	1344805947	Re: meetup dates?	1489	10

13745	wKo	to		lilienthal	big	chance	1344806406	Re: meetup dates?	1489	30

13742	wKo	to		sheet	focused	giorno	1344836258	Re: meetup dates?	1489	74

13752	wKo	to		visualized	nyc	docs	1345455316	Re: meetup dates?	1489	44

13739	wKo	to		single	visualized	wonder	1345458446	Re: meetup dates?	1489	33

13743	wKo	to		andrew	kim	plans	1345462440	Re: meetup dates?	1489	25

14525	wKo	from		invited	costs	disappointed	1343155791	No NACIS/VisWeek for me	1607	69

14523	wKo	to		significant	west	principle	1343156283	Re: No NACIS/VisWeek for me	1607	64

14524	wKo	to		portland	weather	october	1343156932	Re: No NACIS/VisWeek for me	1607	60

14522	wKo	to		touch	bad	welcome	1343196255	Re: No NACIS/VisWeek for me	1607	27

14677	wKo	to		intense	curves	loading	1343315428	emoto online (but **shhh**)	1620	182

14672	wKo	to		very	well	done	1343315551	Re: emoto online (but **shhh**)	1620	4

14673	wKo	to		moritz	has	twitter	1343317330	Re: emoto online (but **shhh**)	1620	5

14676	wKo	to		stefaner	office	beste	1343317472	Re: emoto online (but **shhh**)	1620	16

14666	wKo	to		will	just	get	1343317902	Re: emoto online (but **shhh**)	1620	13

14681	wKo	to		damm	eickedorfer	lilienthal	1343318145	Re: emoto online (but **shhh**)	1620	23

14680	wKo	from		chrome	soft	identity	1343327241	Re: emoto online (but **shhh**)	1620	99

14670	wKo	to		bright	modern	streaming	1343327689	Re: emoto online (but **shhh**)	1620	153

14675	wKo	to					1343327728	Re: emoto online (but **shhh**)	1620	0

14683	wKo	to		happy	help	either	1343328045	Re: emoto online (but **shhh**)	1620	14

14671	wKo	to		eickedorfer	lilienthal	grüße	1343328207	Re: emoto online (but **shhh**)	1620	26

14678	wKo	to		hint	hashtags	jus	1343330846	Re: emoto online (but **shhh**)	1620	300

14667	wKo	to		emergent	fifa	inverted	1343331516	Re: emoto online (but **shhh**)	1620	469

14674	wKo	to		degree	topics	chrome	1343332662	Re: emoto online (but **shhh**)	1620	91

14682	wKo	to		mass	redis	balanced	1343332957	Re: emoto online (but **shhh**)	1620	144

14668	wKo	from		negative	suddenly	organized	1343424189	Re: emoto online (but **shhh**)	1620	81

14679	wKo	to		focusing	century	gold	1343425690	Re: emoto online (but **shhh**)	1620	33

14951	wKo	to		when	thanks	post	1343743640	Using Data Visualization to find Insights	1620	14

15059	wKo	to		southern	wiley	atrium	1343858207	Wiley	1663	144

15056	wKo	to		with	book	already	1343858429	Re: Wiley	1663	7

15055	wKo	to		months	books	kirk	1343858600	Re: Wiley	1663	29

15054	wKo	to		stefaner	mobile	moritz	1343858932	Re: Wiley	1663	12

15061	wKo	to		grüße	moritz	stefaner	1343886949	Re: Wiley	1663	38

15060	wKo	to		received	willem	freelance	1344034349	Re: Wiley	1663	65

15058	wKo	to		jan	willem	does	1345456438	Re: Wiley	1663	28

15057	wKo	to		call	write	plan	1345456697	Re: Wiley	1663	35

15418	wKo	from		wants	paper	telling	1344426652	Just in case..	1709	37

15415	wKo	to		structure	interactivethings	founding	1344426829	Re: Just in case..	1709	40

15416	wKo	to		mobile	moritz	office	1344426990	Re: Just in case..	1709	13

15417	wKo	to		super			1344430229	Re: Just in case..	1709	1

15815	wKo	to		uni	winners	managed	1344985818	Visualizing & VisWeek	1762	56

15817	wKo	to		relationship	announced	alle	1344987916	Re: Visualizing & VisWeek	1762	79

15822	wKo	to		mobile	moritz	office	1345019848	Re: Visualizing & VisWeek	1762	12

15821	wKo	to		help	sense	visual	1345041535	Re: Visualizing & VisWeek	1762	16

15823	wKo	to		that	from	awesome	1345052969	Re: Visualizing & VisWeek	1762	6

15819	wKo	to		who	then	come	1345103836	Re: Visualizing & VisWeek	1762	5

15820	wKo	to		say	before	myself	1345104040	Re: Visualizing & VisWeek	1762	22

15818	wKo	to		shame			1345104104	Re: Visualizing & VisWeek	1762	2

15816	wKo	to		having	tutorial	definitely	1345104792	Re: Visualizing & VisWeek	1762	26

15813	wKo	to		will	about	after	1345451981	Re: Visualizing & VisWeek	1762	11

15814	wKo	to		our	enrico	going	1345568608	Re: Visualizing & VisWeek	1762	19

15840	wKo	to		clubs	dynamically	acquiring	1345019822		1763	104

15838	wKo	to		digests	disconnects	fandom	1345021060	Re:	1763	236

15839	wKo	to		over	take	look	1345021213	Re:	1763	19

15871	wKo	to		move	seen	until	1345041629	Enrico to NYC	1767	41

15866	wKo	to		moritz	nice	office	1345042005	Re: Enrico to NYC	1767	13

15868	wKo	to		lilienthal	grüße	conference	1345042138	Re: Enrico to NYC	1767	27

15861	wKo	from		gregor	unfortunately	wait	1345042634	Re: Enrico to NYC	1767	26

15864	wKo	to		pay	saying	conferences	1345043928	Re: Enrico to NYC	1767	22

15865	wKo	from					1345043996	Re: Enrico to NYC	1767	0

15867	wKo	to		speaker	scritto	sold	1345047487	Re: Enrico to NYC	1767	38

15869	wKo	to		know	could	don	1345052548	Re: Enrico to NYC	1767	14

15870	wKo	to		missing	names	likely	1345057959	Re: Enrico to NYC	1767	47

15862	wKo	to		uich			1345067192	Re: Enrico to NYC	1767	1

15860	wKo	to		like	cartel	enrico	1345103643	Re: Enrico to NYC	1767	11

15863	wKo	to		smaller	speakers	fee	1345464712	Re: Enrico to NYC	1767	47

15872	wKo	to		beste	germany	little	1345044015	Images as datastore	1768	16

16015	wKo	to		any	folks	big	1345220771		1789	19

16014	wKo	to		asked	either	share	1345221163	Re:	1789	18

16016	wKo	to		money	problems		1345221228	Re:	1789	2

16096	wKo	to		received	willing	italy	1345448218	Fwd: reset?	1795	41

16095	wKo	to		alle	ore	catching	1345465308	Re: reset?	1795	64

16094	wKo	to		week	first	fantastic	1345466046	Re: reset?	1795	16

16098	wKo	to		staying	correctly	incorporate	1345449165	VISUALIZED499	1796	90

16097	wKo	to		will	just	know	1345500616	Re: VISUALIZED499	1796	10

16113	wKo	to		somebody	besides	agency	1345465674	Storytelling	1797	77

16110	wKo	from		picked	invisible	secrets	1345466834	Re: Storytelling	1797	62

16108	wKo	to		which	really	good	1345466906	Re: Storytelling	1797	13

16114	wKo	from		scott	instance	totally	1345467209	Re: Storytelling	1797	21

16112	wKo	to		office	beste	germany	1345467318	Re: Storytelling	1797	23

16109	wKo	to		diakopoulos	hullman	jessica	1345718122	Re: Storytelling	1797	318

16111	wKo	to		moritz	office	beste	1345791704	Re: Storytelling	1797	15

16264	wKo	to		posters	requires	assistance	1345731824	contact who can do infographic posters	1800	89

16309	wKo	to		cheers	find	got	1345801548		1801	14

16311	wKo	to		visualizer	address	groet	1345802033	Re:	1801	44

16310	wKo	to		thanks	jan	willem	1345802055	Re:	1801	3

17096	wKo	to		november	flight	academics	1346884224	Workshop at Politecnico di Milano	1801	114

17097	wKo	to		outside	dates	clearly	1346908070	Re: Workshop at Politecnico di Milano	1801	39

17104	wKo	to		somebody	giorno	scritto	1346931568	Re: Workshop at Politecnico di Milano	1801	57

17098	wKo	to		not	all	just	1346931782	Re: Workshop at Politecnico di Milano	1801	7

17101	wKo	to		willem	interested	paolo	1346943225	Re: Workshop at Politecnico di Milano	1801	21

17099	wKo	to		zürich	freiestrasse	takes	1346967339	Re: Workshop at Politecnico di Milano	1801	50

17103	wKo	to		see	mail	don	1346968032	Re: Workshop at Politecnico di Milano	1801	16

17100	wKo	to		politecnico	googlegroups	oggetto	1346969788	Re: Workshop at Politecnico di Milano	1801	70

17102	wKo	to		you	already	skype	1347023030	Re: Workshop at Politecnico di Milano	1801	6

16330	wKo	to		activities	statistical	datasets	1345814673	Manchester City Football Club dataset	1802	89

16751	wKo	to		alberto	upcoming	resource	1346415631	poverty data + visualization	1832	70

16749	wKo	to		aid	inequality	subcategories	1346419418	Re: poverty data + visualization	1832	145

16750	wKo	to		lots	website	submit	1346658300	Re: poverty data + visualization	1832	30

16923	wKo	to		conservatives	defeat	demonstration	1346688687	my tableau politics contest entry	1851	294

16924	wKo	to		fault	limitations	voting	1346695643	Re: my tableau politics contest entry	1851	191

16926	wKo	to		really	work	any	1346925232	Re: my tableau politics contest entry	1851	20

17230	wKo	to		scary	lists	providing	1347052367	Cartel Network Visualization	1886	60

17229	wKo	to		this	really	cool	1347053002	Re: Cartel Network Visualization	1886	4

17232	wKo	from		the	and	more	1347053255	Re: Cartel Network Visualization	1886	9

17231	wKo	to		production	lead	partner	1347109783	Re: Cartel Network Visualization	1886	25

17233	wKo	to		this	really	work	1347137592	Re: Cartel Network Visualization	1886	6

17234	wKo	to		deployed	guaranteeing	membersâ	1347480973	Re: Cartel Network Visualization	1886	302

17235	wKo	to		community	connected	interpret	1347482992	Re: Cartel Network Visualization	1886	103

17378	wKo	to		bertini	brain	konstanz	1347301373	Salvatore Iconesi's Open Source Cure	1895	45

17375	wKo	to		beste	germany	damm	1347302412	Re: Salvatore Iconesi's Open Source Cure	1895	18

17373	wKo	to		remember	tweet	wow	1347305211	Re: Salvatore Iconesi's Open Source Cure	1895	24

17374	wKo	from		him	his	gregor	1347305560	Re: Salvatore Iconesi's Open Source Cure	1895	24

17377	wKo	to		lead	remember	partner	1347306978	Re: Salvatore Iconesi's Open Source Cure	1895	30

17376	wKo	to		say	quite	his	1347308416	Re: Salvatore Iconesi's Open Source Cure	1895	18

17379	wKo	to		cancer	visionary	coherent	1347310957	Re: Salvatore Iconesi's Open Source Cure	1895	137

17371	wKo	to		really	how	very	1347311854	Re: Salvatore Iconesi's Open Source Cure	1895	15

17372	wKo	to		spectrum	cure	fulfilling	1347316334	Re: Salvatore Iconesi's Open Source Cure	1895	65

17409	wKo	to		require	fee	stream	1347351155	Stream graph	1895	54

17410	wKo	to		built	directly	clark	1347351525	Re: Stream graph	1895	35

17411	wKo	to		include	approached	hold	1347351773	Re: Stream graph	1895	41

17403	wKo	to		for	did	didn	1347353025	Re: Stream graph	1895	5

17404	wKo	to		lilienthal	grüße	did	1347353512	Re: Stream graph	1895	30

17406	wKo	to		this	will	use	1347353667	Re: Stream graph	1895	7

17405	wKo	from		built	elements	demo	1347354192	Re: Stream graph	1895	35

17408	wKo	to		all	will	thanks	1347354825	Re: Stream graph	1895	7

17402	wKo	to		milano	andykirk	densitydesign	1347356108	Re: Stream graph	1895	70

17407	wKo	to		now	thanks	most	1347370643	Re: Stream graph	1895	9

17464	wKo	from		according	itself	visually	1347406455	Some news on Visual.ly	1906	64

17463	wKo	to		seems	investment	goes	1347432622	Re: Some news on Visual.ly	1906	25

17462	wKo	to		beste	germany	love	1347440204	Re: Some news on Visual.ly	1906	16

17461	wKo	to		they	need	stuff	1347440421	Re: Some news on Visual.ly	1906	13

17491	wKo	to		dear	further	clients	1347439935	Social Network Analysis	1907	75

17487	wKo	to		starting	signed	class	1347440657	Re: Social Network Analysis	1907	32

17492	wKo	to		production	lead	along	1347443365	Re: Social Network Analysis	1907	33

17490	wKo	to		already	currently	classes	1347444115	Re: Social Network Analysis	1907	4

17489	wKo	to		before	doesn	thinking	1347444672	Re: Social Network Analysis	1907	20

17488	wKo	to		and	data	one	1347444755	Re: Social Network Analysis	1907	9

17550	wKo	to		spanish	gently	rope	1347484602	Le me being nominated	1910	145

17541	wKo	to		done	cartel	probably	1347485071	Re: Le me being nominated	1910	21

17542	wKo	to		guy	visualized	speaking	1350575998	Re: Le me being nominated	1910	41

17551	wKo	to		fantastic	oct	visualized	1350576244	Re: Le me being nominated	1910	67

17549	wKo	to		speakers	invited	diagram	1350576518	Re: Le me being nominated	1910	35

17545	wKo	to		guy	visualized	speaking	1350579393	Re: Le me being nominated	1910	47

17543	wKo	from		relevant	attending	london	1350580791	Re: Le me being nominated	1910	68

17540	wKo	to		london	aisch	guardian	1350581056	Re: Le me being nominated	1910	86

17538	wKo	to		then	won	training	1350581308	Re: Le me being nominated	1910	15

17547	wKo	to		santiago	believe	nyc	1350590310	Re: Le me being nominated	1910	22

17539	wKo	to		the	they	well	1350634280	Re: Le me being nominated	1910	8

17548	wKo	to		his	charts	santiago	1350634564	Re: Le me being nominated	1910	19

17546	wKo	to		this	but	all	1350667162	Re: Le me being nominated	1910	12

17544	wKo	to					1350677510	Re: Le me being nominated	1910	0

17733	wKo	to		mac	exclusive	practices	1347631899	advice needed	1927	79

17731	wKo	to		live	suggestions	dead	1347632843	Re: advice needed	1927	23

17728	wKo	from		markdown	nas	operating	1347638511	Re: advice needed	1927	219

17729	wKo	from					1347638862	Re: advice needed	1927	0

17737	wKo	to		thanks	gregor		1347640359	Re: advice needed	1927	2

17742	wKo	to		for	but	app	1347640935	Re: advice needed	1927	7

17743	wKo	to		sudo	textmate	unixy	1347825526	Re: advice needed	1927	129

17730	wKo	to		know	thanks	didn	1347836488	Re: advice needed	1927	13

17735	wKo	to		page	trying	example	1348216638	Re: advice needed	1927	21

17741	wKo	from		reload	shell	compiled	1348225014	Re: advice needed	1927	92

17738	wKo	to		does	haven	trying	1348225212	Re: advice needed	1927	21

17740	wKo	to		ran	scripts	checks	1348228703	Re: advice needed	1927	78

17744	wKo	to		use	though	sure	1348228853	Re: advice needed	1927	18

17739	wKo	to		damm	eickedorfer	lilienthal	1348229002	Re: advice needed	1927	20

17734	wKo	to		moritz	office	beste	1348229024	Re: advice needed	1927	15

17732	wKo	from		exit	jumped	systems	1348229150	Re: advice needed	1927	86

17736	wKo	to		might	quick	python	1348230249	Re: advice needed	1927	17

17841	wKo	to		beste	germany	damm	1347813353	data cooking	1946	17

17840	wKo	from		all	was	eatable	1347814113	Re: data cooking	1946	3

17843	wKo	to		was	very	least	1347816609	Re: data cooking	1946	6

17839	wKo	to		you	this	are	1347818386	Re: data cooking	1946	5

17842	wKo	to		viz	variables	knowledge	1347820485	Re: data cooking	1946	34

17844	wKo	to		moritz	office	beste	1347828847	Re: data cooking	1946	17

17939	wKo	to		the	there	when	1347897957		1969	8

17958	wKo	to		latest	spend	win	1347915420	i was told to keep it secret but fuck no	1974	27

17959	wKo	from		congrats			1347915489	Re: i was told to keep it secret but fuck no	1974	1

17960	wKo	to		jerome	good	stuff	1347916603	Re: i was told to keep it secret but fuck no	1974	3

17962	wKo	to		bme	jér	congrats	1347917339	Re: i was told to keep it secret but fuck no	1974	3

17957	wKo	to		great	any	word	1347952916	Re: i was told to keep it secret but fuck no	1974	14

17961	wKo	to		live	buy	whatever	1347959679	Re: i was told to keep it secret but fuck no	1974	21

19475	wKo	to		ground	aggressive	cio	1349889534	oecd woes	2119	170

19479	wKo	to		happens	decide	walk	1349890882	Re: oecd woes	2119	78

19476	wKo	from		piece	names	due	1349891175	Re: oecd woes	2119	36

19480	wKo	to		english	showed	girlfriend	1349895254	Re: oecd woes	2119	52

19478	wKo	to		believe	direction	following	1349896947	Re: oecd woes	2119	35

19477	wKo	to		infosthetics	differently	concerned	1349902706	Re: oecd woes	2119	80

19474	wKo	to		show	oecd	without	1349957130	Re: oecd woes	2119	34

19481	wKo	from		much	too	cartel	1349957374	Re: oecd woes	2119	17

19553	wKo	from		datavis	spent	waiting	1349957932	Datawrapper	2128	44

19548	wKo	to		for	good	very	1349959653	Re: Datawrapper	2128	12

19549	wKo	to		creating	obvious	challenges	1349970401	Re: Datawrapper	2128	54

19551	wKo	to		chart	area	support	1349986447	Re: Datawrapper	2128	32

19552	wKo	from		fix	bug	meaningful	1349991718	Re: Datawrapper	2128	62

19550	wKo	to		burst	circulars	departed	1350029958	Re: Datawrapper	2128	308

19546	wKo	to		yet	damm	eickedorfer	1350030117	Re: Datawrapper	2128	28

19545	wKo	to		burst	circulars	departed	1350037079	Re: Datawrapper	2128	340

19547	wKo	to		you	can	make	1351881132	Re: Datawrapper	2128	6

19593	wKo	to		any	cartel	looking	1349985204	Visualization position at Google	2132	16

19592	wKo	to		conclusion	posts	dream	1349986313	Re: Visualization position at Google	2132	57

19591	wKo	to		does	sounds	saw	1349990684	Re: Visualization position at Google	2132	23

19590	wKo	to		great	visualization	benjamin	1350023956	Re: Visualization position at Google	2132	21

20231	wKo	to		esquem	etica	knowingly	1350632948	Thoughts on a PhD Research Project about Information Visualization & Design Activism	2254	304

20234	wKo	to		interfaces	applied	experiments	1350633635	Best Papers that Evaluate Understandability of Visualizations	2255	108

20235	wKo	to		enrico	visweek	subject	1350633935	Re: Best Papers that Evaluate Understandability of Visualizations	2255	21

20232	wKo	to		applied	experiments	gain	1350636988	Re: Best Papers that Evaluate Understandability of Visualizations	2255	137

20237	wKo	to		indeed	otherwise	limited	1350637434	Re: Best Papers that Evaluate Understandability of Visualizations	2255	25

20236	wKo	to		rigorous	definition	hints	1350682268	Re: Best Papers that Evaluate Understandability of Visualizations	2255	113

20233	wKo	to		museum	participants	becomes	1350696656	Re: Best Papers that Evaluate Understandability of Visualizations	2255	84

20239	wKo	to		scenario	clearer	identified	1350853978	Re: Best Papers that Evaluate Understandability of Visualizations	2255	76

20238	wKo	to		help	interested	useful	1350915670	Re: Best Papers that Evaluate Understandability of Visualizations	2255	33

20507	wKo	to		catch	answers	approaches	1351029646	I'd love to include your approach in my next talk	2292	90

20508	wKo	to		alle	rough	ore	1351058871	Re: I'd love to include your approach in my next talk	2292	132

20511	wKo	from		alberto	attempts	pushing	1351059848	Re: I'd love to include your approach in my next talk	2292	167

20512	wKo	to		quickly	hands	interview	1351062508	Re: I'd love to include your approach in my next talk	2292	69

20510	wKo	to		concur	requirements	rewarding	1351066517	Re: I'd love to include your approach in my next talk	2292	294

20513	wKo	to		reflected	satisfying	reformatting	1351070561	Re: I'd love to include your approach in my next talk	2292	533

20505	wKo	to		therefore	presenting	incredible	1351079042	Re: I'd love to include your approach in my next talk	2292	85

20506	wKo	to		pointer	loops	sheila	1351082304	Re: I'd love to include your approach in my next talk	2292	162

20514	wKo	to		evening	appreciated	sending	1351100996	Re: I'd love to include your approach in my next talk	2292	46

20509	wKo	to		tell	family	welcome	1351101514	Re: I'd love to include your approach in my next talk	2292	20

20550	wKo	to		cold	colours	alternatives	1351076533	Alternative to RAG	2293	43

20861	wKo	to		basis	hangout	nicely	1351518987	Mobster hangout	2314	74

20857	wKo	to		all	good	might	1351524440	Re: Mobster hangout	2314	12

20862	wKo	to		great			1351524728	Re: Mobster hangout	2314	1

20853	wKo	to		there	like	try	1351548420	Re: Mobster hangout	2314	5

20860	wKo	to		and	that	right	1351548762	Re: Mobster hangout	2314	4

20858	wKo	to		the	have	all	1351550341	Re: Mobster hangout	2314	9

20859	wKo	to		great	may	idea	1351581556	Re: Mobster hangout	2314	14

20855	wKo	to		are	out	hanging	1351883005	Re: Mobster hangout	2314	3

20854	wKo	from					1351552518	=?utf-8?B?UmU6IE1vYnN0ZXIgaGFuZ291dA==	2316	0

21009	wKo	to		freelance	emails	tulp	1351690940	all aboard?	2325	29

21010	wKo	to		office	beste	germany	1351691075	Re: all aboard?	2325	18

20851	wKo	to		office	beste	germany	1351883433	Re: Mobster hangout	2340	17

20856	wKo	from		friends	happen	often	1351903619	Re: Mobster hangout	2340	32

20852	wKo	to		moritz	office	beste	1352105050	Re: Mobster hangout	2340	14

21238	wKo	to		email	guys	didn	1351932347	Re: Moderator's spam report for data-visualization-cartel@googlegroups.com	2342	16

21239	wKo	to		enrico	guys	jan	1351933068	Re: Moderator's spam report for data-visualization-cartel@googlegroups.com	2342	23

21237	wKo	to		link	members	initial	1351933521	Re: Moderator's spam report for data-visualization-cartel@googlegroups.com	2342	36

21240	wKo	to		normal	except	chat	1351934455	Re: Moderator's spam report for data-visualization-cartel@googlegroups.com	2342	27

21397	wKo	to		enrico	jan	probably	1352191978	test mail for Stephanie	2357	26

21399	wKo	to		off	grüße	she	1352192090	Re: test mail for Stephanie	2357	31

21398	wKo	to		also	her		1352192284	Re: test mail for Stephanie	2357	2

21400	wKo	to		stefaner	mobile	moritz	1352192320	Re: test mail for Stephanie	2357	12

21401	wKo	to		always	she	taking	1352348054	Re: test mail for Stephanie	2357	29

21402	wKo	to		everyone	conversation	missed	1352355261	Re: test mail for Stephanie	2357	18

21598	wKo	to		and	much	head	1352356068	wow	2389	11

21600	wKo	from		finally	comes	london	1352379156	Re: wow	2389	41

21601	wKo	to		just	don	back	1352394827	Re: wow	2389	11

21599	wKo	to		rain	voting	favourite	1352396054	Re: wow	2389	121

21597	wKo	from		one	thanks	great	1352399198	Re: wow	2389	13

21731	wKo	to		guys	seen	fun	1352494389	Data Stories Hangout	2399	27

21732	wKo	to		great	idea	enrico	1352536444	Re: Data Stories Hangout	2399	13

21739	wKo	to		coming	friends	worked	1352538373	Re: Data Stories Hangout	2399	38

21729	wKo	to		hello	benjamin	day	1352660217	Re: Data Stories Hangout	2399	15

21734	wKo	to		would	moritz	great	1352660329	Re: Data Stories Hangout	2399	13

21738	wKo	to		back	working	day	1352661068	Re: Data Stories Hangout	2399	16

21735	wKo	to		global	miss	giorno	1352662046	Re: Data Stories Hangout	2399	46

21730	wKo	to		day	come	love	1352707205	Re: Data Stories Hangout	2399	22

21733	wKo	to		hang	hangout	googlegroups	1352713192	Re: Data Stories Hangout	2399	58

21728	wKo	to		grüße	tomorrow	info	1352725976	Re: Data Stories Hangout	2399	31

21737	wKo	to		please	idea	here	1352757533	Re: Data Stories Hangout	2399	20

21740	wKo	to		give	post	won	1352825796	Re: Data Stories Hangout	2399	22

21736	wKo	to					1352826171	Re: Data Stories Hangout	2399	0

22078	wKo	to		nutshell	till	increased	1352997099	cartel judges	2436	86

22080	wKo	to		high	huge	quality	1352998501	Re: cartel judges	2436	32

22076	wKo	to		anyway	fact	entry	1352998800	Re: cartel judges	2436	24

22082	wKo	to		started	quality	hear	1353000055	Re: cartel judges	2436	32

22085	wKo	to		even	those	gets	1353001482	Re: cartel judges	2436	18

22079	wKo	to		the	love	foreign	1353001517	Re: cartel judges	2436	4

22087	wKo	to		looked	mark	young	1353001861	Re: cartel judges	2436	33

22077	wKo	to		around	viz	london	1353001980	Re: cartel judges	2436	15

22084	wKo	to		piece	multiples	trends	1353011329	Re: cartel judges	2436	40

22083	wKo	to					1353013471	Re: cartel judges	2436	0

22088	wKo	to		still	paolo	imagine	1353013896	Re: cartel judges	2436	16

22086	wKo	to		scope	phd	student	1353022152	Re: cartel judges	2436	32

22081	wKo	to		brilliant	student	usual	1353022632	Re: cartel judges	2436	45

22075	wKo	to		yes	around	reply	1353342021	Re: cartel judges	2436	16

22261	wKo	to		hindsight	humoristic	leonardo	1353316101	Training course	2450	295

22262	wKo	to		json	achieved	programmers	1353316787	Re: Training course	2450	187

22263	wKo	to		range	scientific	disciplines	1353317639	Re: Training course	2450	29

22294	wKo	to		wondering	near	attending	1353339790	meetup?	2455	75

22301	wKo	to		that	not	really	1353341419	Re: meetup?	2455	11

22302	wKo	to		and	you	see	1353341551	Re: meetup?	2455	11

22303	wKo	to		data	will	come	1353341933	Re: meetup?	2455	9

22297	wKo	from		anyone	tickets	receive	1353342142	Re: meetup?	2455	34

22292	wKo	to		they	going	end	1353342396	Re: meetup?	2455	12

22299	wKo	to		stef	weren	judges	1353345450	Re: meetup?	2455	70

22300	wKo	from					1353346924	Re: meetup?	2455	0

22295	wKo	to		things	way	yes	1353347206	Re: meetup?	2455	20

22293	wKo	to		going	next	year	1353348573	Re: meetup?	2455	6

22296	wKo	to		the	there	get	1353367568	Re: meetup?	2455	7

22298	wKo	to		visualizer	quick	groet	1353395693	Re: meetup?	2455	49

22363	wKo	to		scripts	server	stack	1353408346	Seeking a good developer	2460	60

22355	wKo	to		what	about	jason	1353449721	Re: Seeking a good developer	2460	5

22359	wKo	to		with	when	need	1353452771	Re: Seeking a good developer	2460	12

22357	wKo	to		stefaner	mobile	phone	1353482930	Re: Seeking a good developer	2460	15

22361	wKo	to		project	work	say	1353483814	Re: Seeking a good developer	2460	26

22353	wKo	from		site	web	include	1353484548	Re: Seeking a good developer	2460	29

22358	wKo	to		the	that	was	1353484908	Re: Seeking a good developer	2460	7

22362	wKo	to		damm	eickedorfer	lilienthal	1353484955	Re: Seeking a good developer	2460	28

22360	wKo	to		plan	writing	worked	1354118506	Re: Seeking a good developer	2460	50

22356	wKo	to		him	his	interested	1354118974	Re: Seeking a good developer	2460	35

22354	wKo	to		might	wrote	writing	1354127510	Re: Seeking a good developer	2460	42

22484	wKo	to		department	professor	institute	1353511444	Decoration	2468	68

22478	wKo	to		laptop	fans	mba	1353514111	Re: Decoration	2468	52

22479	wKo	to		studio	wall	essential	1353514875	Re: Decoration	2468	80

22487	wKo	to		cartel	might	post	1353515539	Re: Decoration	2468	25

22474	wKo	to		five	direct	performance	1353516210	Re: Decoration	2468	26

22485	wKo	to		you	that	then	1353517258	Re: Decoration	2468	7

22475	wKo	to		jerome	days	dark	1353517641	Re: Decoration	2468	3

22473	wKo	from		scratch	continent	decoration	1353520758	Re: Decoration	2468	75

22477	wKo	to		the	and	would	1353521063	Re: Decoration	2468	10

22476	wKo	to		giorno	scritto	lab	1353521312	Re: Decoration	2468	38

22483	wKo	to		wall	aka	hanging	1353525151	Re: Decoration	2468	35

22481	wKo	to		hipsters	legos	moustache	1353525215	Re: Decoration	2468	177

22486	wKo	to		posters	decoration	atlas	1353571564	Re: Decoration	2468	56

22480	wKo	to		your	current	location	1353571764	Re: Decoration	2468	5

22482	wKo	to		maybe	cool	few	1353613590	Re: Decoration	2468	17

22488	wKo	to		based	understand	once	1353963661	Re: Decoration	2468	31

22677	wKo	to		grabs	refinement	unleash	1353711378	Jury service...	2480	193

22676	wKo	to		entries	knew	criteria	1353711970	Re: Jury service...	2480	47

22673	wKo	to		completely	outline	failed	1353712253	Re: Jury service...	2480	27

22674	wKo	to		seen	hand	bad	1353912562	Re: Jury service...	2480	23

22675	wKo	to		whole	bad	wow	1353926735	Re: Jury service...	2480	18

23066	wKo	to		woo	deck	skeptical	1354301830	Help on teasing my students with vis examples	2507	109

23058	wKo	to		appreciate	curious	feature	1354303233	Re: Help on teasing my students with vis examples	2507	53

23067	wKo	to		appreciate	curious	feature	1354716858	Re: Help on teasing my students with vis examples	2507	60

23061	wKo	to		vizmarathon	ten	codes	1354724241	Re: Help on teasing my students with vis examples	2507	73

23062	wKo	to		hairball	preparing	genius	1354829087	Re: Help on teasing my students with vis examples	2507	161

23064	wKo	to		preparing	genius	pinch	1355329840	Re: Help on teasing my students with vis examples	2507	183

23069	wKo	to		for	your	would	1355331402	Re: Help on teasing my students with vis examples	2507	6

23065	wKo	to		for	use	cartel	1355331495	Re: Help on teasing my students with vis examples	2507	5

23059	wKo	to		lilienthal	skype	grüße	1355331540	Re: Help on teasing my students with vis examples	2507	25

23060	wKo	to		the	how	could	1355331653	Re: Help on teasing my students with vis examples	2507	5

23063	wKo	to		and	for	thanks	1355337756	Re: Help on teasing my students with vis examples	2507	9

23068	wKo	to		jan	willem	tulp	1355375544	Re: Help on teasing my students with vis examples	2507	24

23280	wKo	to		holiday	somebody	finishing	1354703763	Urgent D3 screen shot image required!	2516	60

23276	wKo	to		this			1354704347	Re: Urgent D3 screen shot image required!	2516	1

23277	wKo	to		over	down	everyone	1354704672	Re: Urgent D3 screen shot image required!	2516	8

23279	wKo	to		that	like	new	1354709857	Re: Urgent D3 screen shot image required!	2516	6

23278	wKo	to		more	cheers	last	1354717577	Re: Urgent D3 screen shot image required!	2516	6

23378	wKo	to		groet	hartelijke	technology	1354801468	High resolution display	2524	52

23582	wKo	to		sagmeister	solarbeat	stylistic	1355126691	Advice: the best physical/sensory data visualisations?	2533	251

23581	wKo	to		sounds	mind	fun	1355130690	Re: Advice: the best physical/sensory data visualisations?	2533	38

23577	wKo	to		projects	ones	completely	1355135708	Re: Advice: the best physical/sensory data visualisations?	2533	35

23579	wKo	to		great	check	someone	1355135876	Re: Advice: the best physical/sensory data visualisations?	2533	18

23580	wKo	to		off	research	books	1355136145	Re: Advice: the best physical/sensory data visualisations?	2533	36

23586	wKo	to		computer	interview	research	1355284188	Re: Advice: the best physical/sensory data visualisations?	2533	57

23575	wKo	to		that	for	thanks	1355304878	Re: Advice: the best physical/sensory data visualisations?	2533	7

23585	wKo	to		healthier	idle	lift	1355396933	Re: Advice: the best physical/sensory data visualisations?	2533	150

23583	wKo	to		chris	visualisations	emailed	1355397993	Re: Advice: the best physical/sensory data visualisations?	2533	61

23578	wKo	to		sure	say	interesting	1355407711	Re: Advice: the best physical/sensory data visualisations?	2533	18

23584	wKo	to		visualisation	art	ago	1355407899	Re: Advice: the best physical/sensory data visualisations?	2533	39

23576	wKo	to		andrew	research	side	1355412077	Re: Advice: the best physical/sensory data visualisations?	2533	17

23704	wKo	to		cons	overly	pros	1355232534	advice: go/no go	2551	64

23702	wKo	from		china	engagements	figured	1355233252	Re: advice: go/no go	2551	68

23708	wKo	to		occasions	presentations	lectures	1355241837	Re: advice: go/no go	2551	101

23698	wKo	to		showcase	spoken	sorts	1355242561	Re: advice: go/no go	2551	89

23707	wKo	to		everyone	speak	pay	1355256122	Re: advice: go/no go	2551	29

23699	wKo	to		ripped	evil	soul	1355257583	Re: advice: go/no go	2551	239

23700	wKo	from		question	code	enough	1355258036	Re: advice: go/no go	2551	14

23706	wKo	to		lol	signal	accepting	1355260119	Re: advice: go/no go	2551	100

23701	wKo	from					1355319971	Re: advice: go/no go	2551	0

23705	wKo	to		spin	drove	triggered	1355326907	Re: advice: go/no go	2551	189

23709	wKo	to		the	last	andy	1355327111	Re: advice: go/no go	2551	5

23710	wKo	to		lilienthal	skype	off	1355327388	Re: advice: go/no go	2551	30

23697	wKo	to		tulp	visualizer	happen	1355327506	Re: advice: go/no go	2551	58

23703	wKo	to		rain	retreat	continued	1355327832	Re: advice: go/no go	2551	107

23820	wKo	to		year	twitter	google	1355329538	sign of the times	2561	17

23818	wKo	to		the	just	doing	1355329689	Re: sign of the times	2561	5

23819	wKo	from		place	better	stuff	1355332608	Re: sign of the times	2561	13

23825	wKo	to		cool	guys	started	1355330815	Inviting Jen Lowe to the Cartel?	2562	32

23826	wKo	to		jen	york	consider	1355331158	Re: Inviting Jen Lowe to the Cartel?	2562	29

23838	wKo	to		ago	material	join	1355331482	Re: Inviting Jen Lowe to the Cartel?	2562	44

23823	wKo	to		decide	criteria	citizen	1355331660	Re: Inviting Jen Lowe to the Cartel?	2562	44

23833	wKo	to		gentlemen	ladies	primary	1355331805	Re: Inviting Jen Lowe to the Cartel?	2562	84

23845	wKo	to		zone	apply	american	1355339895	Re: Inviting Jen Lowe to the Cartel?	2562	37

23840	wKo	to		jen	either	thoughts	1355341745	Re: Inviting Jen Lowe to the Cartel?	2562	30

23837	wKo	to		well	fine	andrew	1355342377	Re: Inviting Jen Lowe to the Cartel?	2562	15

23834	wKo	to		expansion	posing	golden	1355342396	Re: Inviting Jen Lowe to the Cartel?	2562	119

23843	wKo	to		golden	broader	creep	1355342883	Re: Inviting Jen Lowe to the Cartel?	2562	197

23842	wKo	to		posing	golden	broader	1355343110	Re: Inviting Jen Lowe to the Cartel?	2562	200

23831	wKo	to		definitely	single	addition	1355343161	Re: Inviting Jen Lowe to the Cartel?	2562	54

23824	wKo	to		bullet	rainy	dedication	1355343181	Re: Inviting Jen Lowe to the Cartel?	2562	52

23836	wKo	from		organize	confirm	berlin	1355343545	Re: Inviting Jen Lowe to the Cartel?	2562	61

23841	wKo	to		dataviz	secret	diagrams	1355344754	Re: Inviting Jen Lowe to the Cartel?	2562	24

23851	wKo	to		members	feeling	center	1355354307	Re: Inviting Jen Lowe to the Cartel?	2562	34

23832	wKo	to		physical	managed	imo	1355356423	Re: Inviting Jen Lowe to the Cartel?	2562	129

23844	wKo	to		necessarily	unlikely	particularly	1355374451	Re: Inviting Jen Lowe to the Cartel?	2562	110

23839	wKo	to		lately	amsterdam	bird	1355385414	Re: Inviting Jen Lowe to the Cartel?	2562	137

23849	wKo	to		bird	stated	definite	1355388597	Re: Inviting Jen Lowe to the Cartel?	2562	256

23830	wKo	to		reading	couldn	decide	1355422243	Re: Inviting Jen Lowe to the Cartel?	2562	37

23828	wKo	to		the	message	future	1355422596	Re: Inviting Jen Lowe to the Cartel?	2562	6

23850	wKo	to		well	santiago	played	1355423770	Re: Inviting Jen Lowe to the Cartel?	2562	3

23829	wKo	to		for	email	check	1355424219	Re: Inviting Jen Lowe to the Cartel?	2562	11

23846	wKo	to		support	ways	messages	1355434517	Re: Inviting Jen Lowe to the Cartel?	2562	14

23848	wKo	from		cartel	thing	remember	1355435525	Re: Inviting Jen Lowe to the Cartel?	2562	17

23827	wKo	to		the	and	please	1355435794	Re: Inviting Jen Lowe to the Cartel?	2562	11

23835	wKo	to		andy	him	kirk	1355438612	Re: Inviting Jen Lowe to the Cartel?	2562	22

23847	wKo	to		and	lady	gaga	1355442077	Re: Inviting Jen Lowe to the Cartel?	2562	3

23993	wKo	to		approvals	clubs	nerd	1355502103	Memberships and such	2572	184

23989	wKo	to		yes	points	jen	1355502314	Re: Memberships and such	2572	22

23985	wKo	to		damm	eickedorfer	lilienthal	1355502382	Re: Memberships and such	2572	28

23981	wKo	to		suggested	joins	afaik	1355502418	Re: Memberships and such	2572	64

23994	wKo	to		clubs	nerd	quirky	1355504066	Re: Memberships and such	2572	260

23991	wKo	to		models	correspondent	organizations	1355512349	Re: Memberships and such	2572	119

23983	wKo	to		lost	arise	whilst	1355522802	Re: Memberships and such	2572	87

23984	wKo	to		reminder			1355605127	Re: Memberships and such	2572	1

23997	wKo	to		this	was	time	1355605774	Re: Memberships and such	2572	12

23988	wKo	to		office	moritz	beste	1355607511	Re: Memberships and such	2572	17

23982	wKo	to		the	you	done	1355754246	Re: Memberships and such	2572	8

23987	wKo	from		done			1355765100	Re: Memberships and such	2572	1

23995	wKo	to		guys	wrote	jan	1355804160	Re: Memberships and such	2572	19

23996	wKo	to		fill	participation	doodle	1355804718	Re: Memberships and such	2572	62

23986	wKo	to		terms	unfortunately	seattle	1355817809	Re: Memberships and such	2572	32

23990	wKo	to		screen	bertini	fill	1355818515	Re: Memberships and such	2572	44

23992	wKo	to		done			1355819420	Re: Memberships and such	2572	1

24074	wKo	to		little	anything	guess	1355604750	cartel correspondance	2580	23

24064	wKo	to		like	how	great	1355606221	Re: cartel correspondance	2580	13

24075	wKo	to		click	members	messages	1355606419	Re: cartel correspondance	2580	16

24073	wKo	to		thought	name	messages	1355606831	Re: cartel correspondance	2580	27

24066	wKo	to		nice	each	list	1355607207	Re: cartel correspondance	2580	24

24070	wKo	to		view	cool	used	1355661993	Re: cartel correspondance	2580	26

24067	wKo	to		straight	contents	conversations	1355685941	Re: cartel correspondance	2580	79

24071	wKo	to		structure	coding	linear	1355685950	Re: cartel correspondance	2580	41

24068	wKo	to		inner	chattiest	tweaking	1355706598	Re: cartel correspondance	2580	170

24072	wKo	to		only	end	most	1355762488	Re: cartel correspondance	2580	16

24065	wKo	to		into	hey	move	1355762682	Re: cartel correspondance	2580	14

24069	wKo	to		challenge	across	considering	1355763216	Re: cartel correspondance	2580	33

24076	wKo	to		left	emails	behind	1355776278	Re: cartel correspondance	2580	19

24167	wKo	to		wait	buy	copy	1355756660	Don't buy my book	2587	27

24168	wKo	to		woo			1355803600	Re: Don't buy my book	2587	2

24201	wKo	to		participant	illustrator	unlike	1355778499	Workshop at Politecnico	2590	172

24197	wKo	to		sounds	did	worked	1355779088	Re: Workshop at Politecnico	2590	23

24194	wKo	from		comparison	frame	uploaded	1355779342	Re: Workshop at Politecnico	2590	75

24198	wKo	to		all	one	just	1355779468	Re: Workshop at Politecnico	2590	14

24200	wKo	to		really	super	night	1355780242	Re: Workshop at Politecnico	2590	13

24199	wKo	to		stuff	beste	days	1355782455	Re: Workshop at Politecnico	2590	26

24196	wKo	to		beverage	byzantine	compulsion	1355856639	Re: Workshop at Politecnico	2590	393

24193	wKo	to		interesting	being	especially	1355857036	Re: Workshop at Politecnico	2590	22

24195	wKo	to		trapped	assertive	beverage	1355857728	Re: Workshop at Politecnico	2590	420

24223	wKo	to		collaboration	contribute	february	1355786599	places and spaces cfs	2595	78

24225	wKo	to		version	map	using	1355793605	Re: places and spaces cfs	2595	14

24219	wKo	to		contribution	dates	usually	1355868195	Re: places and spaces cfs	2595	40

24220	wKo	to		happy	help		1355869132	Re: places and spaces cfs	2595	2

24224	wKo	to		going	though	even	1355869226	Re: places and spaces cfs	2595	21

24221	wKo	to		fun	places	santiago	1355904485	Re: places and spaces cfs	2595	34

24222	wKo	to		that	good	idea	1355916866	Re: places and spaces cfs	2595	3

24280	wKo	to		tulp	attend	visualizer	1355819523	SEE+?	2598	35

24273	wKo	to		opportunity	suggestions	obvious	1355819611	Re: SEE+?	2598	45

24264	wKo	to		that	was	what	1355819661	Re: SEE+?	2598	4

24267	wKo	to		away	eyeo	ticket	1355820653	Re: SEE+?	2598	32

24265	wKo	to		happen	expect	excited	1355821294	Re: SEE+?	2598	42

24277	wKo	to		damm	eickedorfer	lilienthal	1355821392	Re: SEE+?	2598	20

24262	wKo	to		office	moritz	beste	1355821403	Re: SEE+?	2598	16

24270	wKo	to		moritz	thanks		1355821458	Re: SEE+?	2598	2

24279	wKo	from		best	great	jan	1355821495	Re: SEE+?	2598	6

24269	wKo	to		thanks			1355821553	Re: SEE+?	2598	1

24263	wKo	to		tulp	news	team	1355821632	Re: SEE+?	2598	5

24260	wKo	to		thanks	andy		1355821761	Re: SEE+?	2598	2

24274	wKo	to		like	really	how	1355821975	Re: SEE+?	2598	13

24259	wKo	to		that	right	haha	1355822054	Re: SEE+?	2598	3

24266	wKo	to		quite	already	folks	1355831778	Re: SEE+?	2598	18

24268	wKo	to		thanks	enrico		1355832242	Re: SEE+?	2598	2

24261	wKo	to		googlegroups	oggetto	risposta	1355833227	Re: SEE+?	2598	60

24271	wKo	to		thanks	paolo		1355833268	Re: SEE+?	2598	2

24276	wKo	to		this	time	great	1355843505	Re: SEE+?	2598	6

24278	wKo	to		you	will	thank	1355844919	Re: SEE+?	2598	3

24275	wKo	to		suggestions	family	present	1355912436	Re: SEE+?	2598	72

24272	wKo	to		also	see	thanks	1355913247	Re: SEE+?	2598	4

24351	wKo	to		creative	box	dots	1355871234	creative approaches to maps	2607	55

24337	wKo	to		beste	set	makes	1355904955	Re: creative approaches to maps	2607	28

24332	wKo	to		whether	complete	yesterday	1355906708	Re: creative approaches to maps	2607	40

24331	wKo	to		downloaded	workers	hague	1355907885	Re: creative approaches to maps	2607	200

24350	wKo	to		scaled	binning	simplest	1355909424	Re: creative approaches to maps	2607	110

24352	wKo	to		thanks	sure	does	1355912124	Re: creative approaches to maps	2607	3

24339	wKo	from		dot	clusters	popping	1355914737	Re: creative approaches to maps	2607	71

24334	wKo	to		what	kind	map	1355917147	Re: creative approaches to maps	2607	12

24335	wKo	to		stefaner	office	moritz	1355917361	Re: creative approaches to maps	2607	18

24336	wKo	to		example	three	similar	1355917912	Re: creative approaches to maps	2607	38

24342	wKo	from		the	for	map	1355918151	Re: creative approaches to maps	2607	9

24353	wKo	to		#N/A	#N/A	#N/A	1355920229	Re: creative approaches to maps	2608	#N/A

24340	wKo	to		exist	regions	algorithm	1355921674	Re: creative approaches to maps	2609	28

24349	wKo	to		incredibly	lat	quarter	1355923696	Re: creative approaches to maps	2609	137

24327	wKo	to		epoint	evenâ	FALSE	1355925607	Re: creative approaches to maps	2609	197

24328	wKo	to		manually	reuse	segments	1355926200	Re: creative approaches to maps	2609	73

24348	wKo	to		accelerates	deformations	interiority	1355930033	Re: creative approaches to maps	2609	152

24345	wKo	from		tests	log	tree	1355931877	Re: creative approaches to maps	2609	46

24347	wKo	to		polygon	boundaries	combined	1355935769	Re: creative approaches to maps	2609	81

24329	wKo	to		you	have	now	1355950508	Re: creative approaches to maps	2609	10

24343	wKo	to		collection	collect	incredible	1355958429	Re: creative approaches to maps	2609	41

24326	wKo	to		yours	board	moved	1355959193	Re: creative approaches to maps	2609	44

24341	wKo	to		already	perhaps	adding	1355961334	Re: creative approaches to maps	2609	24

24338	wKo	to		the	from	some	1355988303	Re: creative approaches to maps	2609	8

24346	wKo	to		eickedorfer	lilienthal	skype	1355988493	Re: creative approaches to maps	2609	31

24344	wKo	to		the	for	data	1355927674	Re: creative approaches to maps	2610	10

24330	wKo	to		great	right	end	1356002086	Re: creative approaches to maps	2611	14

24333	wKo	to		inviato	surfaces	[category	1356075714	Re: creative approaches to maps	2612	95

t1040	wKo	to	mention	and	data	http	1325636351		t7	14

t1143	wKo	to	mention	http	look	simple	1325641125		t9	12

t329	wKo	to	mention	stefaner	never	janwillemtulp	1326241923		t56	15

t255	wKo	to	mention	stefaner	than	few	1326242489		t57	18

t1405	wKo	to	mention	poor	https	assign	1329787676		t212	18

t259	wKo	to	mention	you	are	data	1330392176		t253	16

t739	wKo	to	mention	use	moritz	over	1330994767		t301	9

t916	wKo	to	mention	http	looks	driven	1331082374		t309	9

t1579	wKo	to	mention	years	his	own	1331082307		t310	18

t322	wKo	to	mention	data	full	janwillemtulp	1331770169		t377	11

t738	wKo	to	mention	stefaner	day	life	1331944908		t395	17

t253	wKo	to	mention	out	very	http	1334189973		t568	13

t252	wKo	to	mention	interesting	points	won	1334190956		t569	14

t816	wKo	to	mention	the	for	data	1334275908		t582	9

t898	wKo	to	mention	moritz	stefaner	visualisingdata	1334365627		t592	19

t1341	wKo	to	mention	conference	wiederkehr	janwillemtulp	1334970993		t637	10

t256	wKo	to	mention	was	would	out	1335229331		t671	18

t257	wKo	to	mention	code	little	getting	1335400353		t678	7

t258	wKo	to	mention	look	pretty	everything	1335399371		t679	6

t1719	wKo	to	mention	conference	wiederkehr	workshop	1335489464		t689	18

t980	wKo	to	mention	http	visualisingdata	making	1335574818		t694	2

t888	wKo	to	mention	data	moebio	driven	1335572598		t696	16

t1543	wKo	to	mention	data	time	jcukier	1335571841		t700	17

t1264	wKo	to	mention	good	week	goes	1336178823		t742	12

t306	wKo	to	mention	data	new	project	1336179075		t745	10

t1408	wKo	to	mention	out	who	write	1337648433		t860	10

t1084	wKo	to	mention	have	data	from	1340241419		t1134	11

t1148	wKo	to	mention	want	http	via	1340671214		t1192	18

t260	wKo	to	mention	our	never	discussion	1341883147		t1361	15

t676	wKo	to	mention	day	actually	again	1341879724		t1362	8

t794	wKo	to	mention	driven	among	buy	1341880642		t1363	4

t795	wKo	to	mention	others	opinion	driven	1341880957		t1364	20

t1406	wKo	to	mention	post	blog	chart	1342227041		t1415	16

t254	wKo	to	mention	nbrgraphs	rule	smfrogers	1343262576		t1518	13

t782	wKo	to	mention	data	bonne	chance	1347411449		t1695	16

t264	wKo	to	mention	with	data	there	1350350028		t1852	4

t922	wKo	to	mention	data	http	visweek	1350523724		t1885	16

t392	wKo	from	mention	data	jcukier	driven	1350523732		t1885	16

t18	wKo	from	mention	the	data	jcukier	1353458013		t2145	4

t706	wKo	from	mention	design	number	used	1353458235		t2145	17

t699	wKo	to	mention	day	show	moebio	1353458344		t2145	19

t393	wKo	from	mention	this	data	jcukier	1353460012		t2145	17

t1409	wKo	to	mention	order	alignedleft	driven	1353545433		t2150	16

t1407	wKo	to	mention	want	doing	although	1353630007		t2161	17

t1286	wKo	from	dm	actually	our	life	1331942861		dm45	6

t1623	wKo	to	dm	data	from	really	1331943097		dm45	10

t1683	wKo	to	dm	today	change	live	1331943153		dm45	13

t920	wKo	from	dm	average	actual	official	1331944046		dm45	10

t1312	wKo	to	dm	the	our	increase	1331947844		dm45	5

t3	wKo	from	dm				1331947871		dm45	10

