message	correspondent	direction	tweet	word1	word2	word3	time	subject	thread	length

6189	yvb	from		salut	petite	années	1332790522	laurence	649	26

6200	yvb	to		sacrée	adultes	mémoire	1332796172	Re: laurence	649	161

6196	yvb	from		rassure	sentimentale	continué	1332836090	Re: laurence	649	80

6185	yvb	to		costume	seules	divorcée	1332852421	Re: laurence	649	158

6186	yvb	from		prince	métiers	adorables	1332855455	Re: laurence	649	118

6191	yvb	to		sérieusement	voyait	actu	1332857818	Re: laurence	649	78

6180	yvb	from		femmes	mari	hauteur	1332868162	Re: laurence	649	67

6194	yvb	to		viendras	arrangeait	bavarder	1332876507	Re: laurence	649	203

6199	yvb	from		honneteté	mensonge	certifiait	1332940072	Re: laurence	649	132

6183	yvb	to		officiellement	fausses	supprimé	1332950940	Re: laurence	649	176

6184	yvb	from		stresse	rôles	fac	1332959949	Re: laurence	649	95

6197	yvb	to		incident	calculer	géo	1333040712	Re: laurence	649	101

6195	yvb	from		visage	incident	géo	1333050165	Re: laurence	649	88

6178	yvb	to		reconnaître	établi	ironique	1333136709	Re: laurence	649	149

6192	yvb	from		saurai	aident	ordinateurs	1333195931	Re: laurence	649	115

6190	yvb	to		fluo	ghostbusters	gong	1333202810	Re: laurence	649	329

6179	yvb	from		alternée	biologie	craint	1333221475	Re: laurence	649	288

6181	yvb	to		connaîtrait	démasquer	impétueux	1333310354	Re: laurence	649	343

6188	yvb	from		permettrait	grandir	entendais	1333351306	Re: laurence	649	186

6182	yvb	to		fondre	génialissimes	looké	1333371463	Re: laurence	649	305

6193	yvb	from		payantes	perturbé	terrestre	1333436429	Re: laurence	649	131

6187	yvb	to		bohème	bourgeois	catalogué	1333568030	Re: laurence	649	222

6198	yvb	from		connait	restaurants	endroits	1333628838	Re: laurence	649	59

9038	yvb	from		jérome	penses	compliqué	1336503382		964	32

9035	yvb	to		bastille	approché	cohabitation	1336504726	Re:	964	246

9036	yvb	from		résoudre	dépendant	réformes	1336636694	Re:	964	123

9037	yvb	to		concentrait	concentrée	dresse	1336639032	Re:	964	212

9039	yvb	from		dangereuse	personnage	peuples	1336640321	Re:	964	128

9961	yvb	from		aux	où	tes	1337802441	Re:	964	13

9963	yvb	to		génial	correspond	pistes	1337814505	Re:	964	84

9962	yvb	from		effectivement	semaines	courant	1337840318	Re:	964	35

11007	yvb	from		paris	bisous	salut	1339090455		1202	16

11006	yvb	to		fier	carrément	sophia	1339111630	Re:	1202	116

11008	yvb	from		héréditaires	lavent	majeure	1339129047	Re:	1202	120

12826	yvb	to		dingue	laurence	seras	1341221925	du 5 au 8	1373	46

12830	yvb	from		matin	arrive	salut	1341230903	Re: du 5 au 8	1373	26

13447	yvb	from		courrier	beaux	familiale	1341863576		1458	89

13445	yvb	to		souvient	couché	décident	1341876976	Re:	1458	236

13449	yvb	from		grandir	trainer	compétent	1342100165	Re:	1458	171

13448	yvb	to		dire	vais	bisous	1342100334	Re:	1458	16

13446	yvb	from		que	bien	bisous	1342102738	Re:	1458	6

13444	yvb	to		est	des	ça	1342102803	Re:	1458	11

13916	yvb	to		imposait	inadapté	kopek	1342468690	hello	1504	918

13917	yvb	from		discutait	divorcer	dragué	1342558627	Re: hello	1504	606

13915	yvb	to		cumule	déjeunait	dénouement	1342571842	Re: hello	1504	664

14089	yvb	to		pervers	bourrichon	coincidences	1342650871	je suis à	1525	266

14095	yvb	from		dents	croyais	vol	1342706691	Re: je suis à	1525	88

14091	yvb	to		lobbystes	massif	tailleur	1343251447	Re: je suis à	1525	366

14096	yvb	from		laisse	aucun	jérome	1343303486	Re: je suis à	1525	37

14094	yvb	to		boxe	gloire	écourté	1343319929	Re: je suis à	1525	461

14090	yvb	from		héhé	jeunesse	lige	1343336282	Re: je suis à	1525	414

14092	yvb	to		élan	accaparant	accrocher	1343340052	Re: je suis à	1525	560

14093	yvb	from		mérites	quitter	foyer	1343418286	Re: je suis à	1525	136

15717	yvb	from		viendrai	chamonix	congrès	1344860936		1753	160

15724	yvb	to		étincelle	attirent	creusé	1344862040	Re:	1753	233

15708	yvb	from		imaginables	attire	charmante	1344886474	Re:	1753	119

15719	yvb	to		connaître	curieux	permis	1344887169	Re:	1753	160

15718	yvb	from		ergonomique	fréquentations	italienne	1344950546	Re:	1753	375

15709	yvb	to		parc	phénomène	voyant	1344956940	Re:	1753	156

15699	yvb	from		montagnes	tennis	vélo	1345119316	Re:	1753	160

15712	yvb	to		repoussé	réglés	abattu	1345120591	Re:	1753	342

15725	yvb	from		coincé	côtés	médicaments	1345146304	Re:	1753	96

15704	yvb	to		fuir	médocs	directe	1345162488	Re:	1753	250

15713	yvb	from		souhaîte	vieille	adorables	1345235481	Re:	1753	194

15727	yvb	to		situations	empêcher	remonte	1345237154	Re:	1753	65

15728	yvb	from		penses	iphone	lignes	1345385815	Re:	1753	34

15711	yvb	from		séparée	chamonix	bouchées	1346013447	Re:	1753	94

15720	yvb	to		justifiait	micmac	neurologiques	1346022730	Re:	1753	722

15714	yvb	from		enerve	froidement	hazard	1346130088	Re:	1753	451

15726	yvb	to		sensibe	sexuel	solennelle	1346137612	Re:	1753	1889

15703	yvb	from		holala	réflechir	énervant	1346183220	Re:	1753	322

15721	yvb	to		aligner	blessure	carabinée	1346186854	Re:	1753	428

15700	yvb	from		profondement	présentent	atténue	1346317087	Re:	1753	93

15715	yvb	to		endurcir	enthousiates	inflige	1346318895	Re:	1753	370

15701	yvb	from		réservée	réveillé	déplaire	1346324409	Re:	1753	106

15710	yvb	to		incertain	tranquillement	pénal	1346326712	Re:	1753	123

15716	yvb	from		profiter	suffit	indice	1346329610	Re:	1753	46

15706	yvb	to		croyait	loisir	rationnelle	1346340981	Re:	1753	69

15723	yvb	from		grave	sre	récupérer	1346356255	Re:	1753	40

15707	yvb	to		rends	terrible	corps	1346358266	Re:	1753	92

15722	yvb	from		arrivent	décide	réaliste	1346388363	Re:	1753	57

15705	yvb	to		rêvé	reviennent	fondamentale	1346391179	Re:	1753	167

15702	yvb	from		sre	répond	phase	1346399254	Re:	1753	82

16810	yvb	to		élégante	comportée	curieuse	1346525153	en fait	1840	228

16807	yvb	from		cabinet	objective	égoïste	1346614157	Re: en fait	1840	130

16808	yvb	to		convaincante	dépité	habités	1346627243	Re: en fait	1840	453

16809	yvb	from		endormir	redonne	dictionnaire	1346648108	Re: en fait	1840	206

16805	yvb	to		parte	probable	déterminer	1346651612	Re: en fait	1840	98

16806	yvb	from		partir	ensemble	vivre	1346655560	Re: en fait	1840	40

17694	yvb	from		triste	arrives	partes	1347611851		1925	59

17696	yvb	to		similaire	accepté	soulagement	1347634801	Re:	1925	71

17695	yvb	from		excellente	enlever	monte	1347709319	Re:	1925	88

19212	yvb	from		jérome	sommes	profiter	1349528747		2099	50

19210	yvb	to		espace	dizaine	dédié	1349765869	Re:	2099	158

19209	yvb	from		horaire	séjour	monte	1349899660	Re:	2099	75

19211	yvb	to		retraités	régenter	révèlais	1349914111	Re:	2099	777

19213	yvb	from		affronts	dégusté	embrouilles	1349985497	Re:	2099	234

21142	yvb	to		disponibilités	factures	recruteurs	1351814071	qqs nouvelles, depuis le temps	2337	373

21141	yvb	from		anniversaires	bougé	conférences	1351863126	Re: qqs nouvelles, depuis le temps	2337	165

21140	yvb	to		affectivement	engouement	stricts	1351865771	Re: qqs nouvelles, depuis le temps	2337	310

21143	yvb	from		uniquement	termine	plait	1351889101	Re: qqs nouvelles, depuis le temps	2337	101

21139	yvb	to		impressionner	chamboulé	convictions	1352215333	Re: qqs nouvelles, depuis le temps	2337	244

21138	yvb	from		cumul	défilent	envieux	1352847669	Re: qqs nouvelles, depuis le temps	2337	271

22653	yvb	to		message	autres	plein	1353713948	Fwd: SEANCE SPECIALE pour le film POPULAIRE (en pré sence de l'équipe du film)	2481	26

22655	yvb	from		conf	choisir	ménage	1353850760	Re: SEANCE SPECIALE pour le film POPULAIRE (en prés ence de l'équipe du film)	2481	46

22654	yvb	to		seront	laurence	quelles	1353882746	Re: SEANCE SPECIALE pour le film POPULAIRE (en prés ence de l'équipe du film)	2481	67

22652	yvb	from		pas	des	paris	1353909702	Re: SEANCE SPECIALE pour le film POPULAIRE (en prés ence de l'équipe du film)	2481	10

23127	yvb	from		méchant	quitté	faciles	1354461277		2509	101

23126	yvb	to		ramène	pressé	entendue	1355189211	Re:	2509	168

23674	yvb	to		enfants	chez	leurs	1355213998	des histoires de dentistes	2549	15

